image,steering,throttle,source,timestamp,can_drive,auto_enabled,mode,error,error_norm,lane_center,left_x,right_x,lane_width,lane_locked,visible_side,missing_side,contours
images/000001.jpg,-0.19791666666666666,0.5,opencv,1777621287.8476996,1,1,locked_both_hard,19,0.07916666666666666,259,85,433,348,1,both,none,2
images/000002.jpg,-0.3125,0.5,opencv,1777621287.9913774,1,1,locked_both_hard,30,0.125,270,101,440,344,1,both,none,2
images/000003.jpg,-0.35416666666666663,0.5,opencv,1777621288.1378548,1,1,locked_both_hard,34,0.14166666666666666,274,111,437,338,1,both,none,2
images/000004.jpg,-0.27083333333333337,0.5,opencv,1777621288.282025,1,1,locked_both_hard,26,0.10833333333333334,266,99,434,335,1,both,none,2
images/000005.jpg,-0.0625,0.5,opencv,1777621288.4246283,1,1,locked_both_hard,6,0.025,246,68,424,339,1,both,none,2
images/000006.jpg,0.1875,0.5,opencv,1777621288.571499,1,1,locked_both_hard,-18,-0.075,222,34,410,349,1,both,none,2
images/000007.jpg,0.3958333333333333,0.5,opencv,1777621288.7130394,1,1,locked_both_hard,-38,-0.15833333333333333,202,15,389,358,1,both,none,3
images/000008.jpg,0.3229166666666667,0.5,opencv,1777621288.8570602,1,1,locked_only_right_hard,-31,-0.12916666666666668,209,28,389,361,1,right,left,1
images/000009.jpg,0.35416666666666663,0.5,opencv,1777621288.9997494,1,1,locked_only_right_hard,-34,-0.14166666666666666,206,25,386,361,1,right,left,1
images/000010.jpg,0.4479166666666667,0.5,opencv,1777621289.141411,1,1,locked_only_right_hard,-43,-0.17916666666666667,197,16,377,361,1,right,left,1
images/000011.jpg,0.625,0.5,opencv,1777621289.285023,1,1,locked_only_right_hard,-60,-0.25,180,-1,360,361,1,right,left,1
images/000012.jpg,0.6354166666666666,0.5,opencv,1777621289.4264581,1,1,locked_only_right_hard,-61,-0.25416666666666665,179,-2,359,361,1,right,left,1
images/000013.jpg,0.6666666666666666,0.5,opencv,1777621289.570602,1,1,locked_only_right_hard,-64,-0.26666666666666666,176,-5,356,361,1,right,left,1
images/000014.jpg,0.5208333333333334,0.5,opencv,1777621289.714187,1,1,locked_only_right_hard,-50,-0.20833333333333334,190,9,370,361,1,right,left,2
images/000015.jpg,0.27083333333333337,0.5,opencv,1777621289.8589082,1,1,locked_only_right_hard,-26,-0.10833333333333334,214,33,394,361,1,right,left,1
images/000016.jpg,0.2604166666666667,0.5,opencv,1777621290.0019505,1,1,locked_only_right_hard,-25,-0.10416666666666667,215,34,395,361,1,right,left,1
images/000017.jpg,0.34375,0.5,opencv,1777621290.143714,1,1,locked_only_right_hard,-33,-0.1375,207,26,387,361,1,right,left,1
images/000018.jpg,0.4895833333333333,0.5,opencv,1777621290.2907627,1,1,locked_only_right_hard,-47,-0.19583333333333333,193,12,373,361,1,right,left,1
images/000019.jpg,0.7083333333333333,0.5,opencv,1777621290.4320881,1,1,locked_only_right_hard,-68,-0.2833333333333333,172,-9,352,361,1,right,left,1
images/000020.jpg,0.7604166666666666,0.47,opencv,1777621290.5734656,1,1,locked_only_right_hard,-73,-0.30416666666666664,167,-14,347,361,1,right,left,1
images/000021.jpg,0.53125,0.5,opencv,1777621290.71637,1,1,locked_only_right_hard,-51,-0.2125,189,8,369,361,1,right,left,1
images/000022.jpg,0.46875,0.5,opencv,1777621290.8575506,1,1,locked_only_right_hard,-45,-0.1875,195,14,375,361,1,right,left,1
images/000023.jpg,0.3854166666666667,0.5,opencv,1777621291.0019655,1,1,locked_only_right_hard,-37,-0.15416666666666667,203,22,383,361,1,right,left,1
images/000024.jpg,0.34375,0.5,opencv,1777621291.144368,1,1,locked_both_hard,-33,-0.1375,207,19,395,366,1,both,none,2
images/000025.jpg,0.28125,0.5,opencv,1777621291.286832,1,1,locked_both_hard,-27,-0.1125,213,29,398,369,1,both,none,2
images/000026.jpg,0.1875,0.5,opencv,1777621291.4302082,1,1,locked_both_hard,-18,-0.075,222,40,405,368,1,both,none,2
images/000027.jpg,0.08333333333333333,0.5,opencv,1777621291.5722713,1,1,locked_both_hard,-8,-0.03333333333333333,232,47,417,368,1,both,none,2
images/000028.jpg,-0.10416666666666666,0.5,opencv,1777621291.717419,1,1,locked_both_hard,10,0.041666666666666664,250,76,425,362,1,both,none,2
images/000029.jpg,-0.21875,0.5,opencv,1777621291.8606553,1,1,locked_both_hard,21,0.0875,261,87,436,357,1,both,none,2
images/000030.jpg,-0.17708333333333331,0.5,opencv,1777621292.0041418,1,1,locked_both_hard,17,0.07083333333333333,257,85,430,353,1,both,none,2
images/000031.jpg,-0.19791666666666666,0.5,opencv,1777621292.1467314,1,1,locked_both_hard,19,0.07916666666666666,259,94,424,345,1,both,none,2
images/000032.jpg,-0.125,0.5,opencv,1777621292.2883334,1,1,locked_both_hard,12,0.05,252,75,429,346,1,both,none,2
images/000033.jpg,0.10416666666666666,0.5,opencv,1777621292.4319596,1,1,locked_both_hard,-10,-0.041666666666666664,230,37,423,357,1,both,none,2
images/000034.jpg,0.3020833333333333,0.5,opencv,1777621292.5740457,1,1,locked_both_hard,-29,-0.12083333333333333,211,20,403,367,1,both,none,2
images/000035.jpg,0.3125,0.5,opencv,1777621292.715601,1,1,locked_only_right_hard,-30,-0.125,210,24,395,371,1,right,left,1
images/000036.jpg,0.5,0.5,opencv,1777621292.858355,1,1,locked_only_right_hard,-48,-0.2,192,6,377,371,1,right,left,1
images/000037.jpg,0.5104166666666666,0.5,opencv,1777621292.999382,1,1,locked_only_right_hard,-49,-0.20416666666666666,191,5,376,371,1,right,left,1
images/000038.jpg,0.4583333333333333,0.5,opencv,1777621293.1426911,1,1,locked_only_right_hard,-44,-0.18333333333333332,196,10,381,371,1,right,left,1
images/000039.jpg,0.41666666666666663,0.5,opencv,1777621293.2848194,1,1,locked_only_right_hard,-40,-0.16666666666666666,200,14,385,371,1,right,left,1
images/000040.jpg,0.6458333333333334,0.5,opencv,1777621293.4266708,1,1,locked_only_right_hard,-62,-0.25833333333333336,178,-8,363,371,1,right,left,3
images/000041.jpg,0.6979166666666667,0.5,opencv,1777621293.5715451,1,1,locked_only_right_hard,-67,-0.2791666666666667,173,-13,358,371,1,right,left,2
images/000042.jpg,1.0,0.47,opencv,1777621293.712746,1,1,locked_only_right_hard,-107,-0.44583333333333336,133,-53,318,371,1,right,left,1
images/000043.jpg,0.9270833333333334,0.47,opencv,1777621293.8571303,1,1,locked_only_right_hard,-89,-0.37083333333333335,151,-35,336,371,1,right,left,1
images/000044.jpg,0.5208333333333334,0.5,opencv,1777621293.9992502,1,1,locked_only_right_hard,-50,-0.20833333333333334,190,4,375,371,1,right,left,1
images/000045.jpg,0.46875,0.5,opencv,1777621294.1410556,1,1,locked_only_right_hard,-45,-0.1875,195,9,380,371,1,right,left,1
images/000046.jpg,0.3125,0.5,opencv,1777621294.2856138,1,1,locked_both_hard,-30,-0.125,210,18,403,373,1,both,none,2
images/000047.jpg,0.28125,0.5,opencv,1777621294.4266908,1,1,locked_both_hard,-27,-0.1125,213,22,404,376,1,both,none,2
images/000048.jpg,0.2916666666666667,0.5,opencv,1777621294.571019,1,1,locked_both_hard,-28,-0.11666666666666667,212,24,400,377,1,both,none,2
images/000049.jpg,0.3229166666666667,0.5,opencv,1777621294.7137778,1,1,locked_both_hard,-31,-0.12916666666666668,209,20,398,377,1,both,none,2
images/000050.jpg,0.35416666666666663,0.5,opencv,1777621294.8550446,1,1,locked_both_hard,-34,-0.14166666666666666,206,16,397,378,1,both,none,2
images/000051.jpg,0.4479166666666667,0.5,opencv,1777621295.0018303,1,1,locked_both_hard,-43,-0.17916666666666667,197,15,379,374,1,both,none,2
images/000052.jpg,0.41666666666666663,0.5,opencv,1777621295.1435764,1,1,locked_both_hard,-40,-0.16666666666666666,200,13,387,371,1,both,none,2
images/000053.jpg,0.6041666666666666,0.5,opencv,1777621295.2854543,1,1,locked_both_hard,-58,-0.24166666666666667,182,16,348,356,1,both,none,2
images/000054.jpg,0.5833333333333334,0.5,opencv,1777621295.4289947,1,1,locked_both_hard,-56,-0.23333333333333334,184,21,347,345,1,both,none,2
images/000055.jpg,0.41666666666666663,0.5,opencv,1777621295.5700052,1,1,locked_both_hard,-40,-0.16666666666666666,200,32,369,341,1,both,none,2
images/000056.jpg,0.09375,0.5,opencv,1777621295.7110848,1,1,locked_both_hard,-9,-0.0375,231,55,408,344,1,both,none,2
images/000057.jpg,-0.1875,0.5,opencv,1777621295.853863,1,1,locked_both_hard,18,0.075,258,86,431,345,1,both,none,2
images/000058.jpg,-0.35416666666666663,0.5,opencv,1777621295.9970083,1,1,locked_both_hard,34,0.14166666666666666,274,106,442,342,1,both,none,2
images/000059.jpg,-0.41666666666666663,0.5,opencv,1777621296.142694,1,1,locked_both_hard,40,0.16666666666666666,280,117,443,335,1,both,none,2
images/000060.jpg,-0.34375,0.5,opencv,1777621296.2849824,1,1,locked_both_hard,33,0.1375,273,112,435,330,1,both,none,2
images/000061.jpg,-0.14583333333333334,0.5,opencv,1777621296.427783,1,1,locked_both_hard,14,0.058333333333333334,254,85,424,332,1,both,none,3
images/000062.jpg,0.0625,0.5,opencv,1777621296.5705445,1,1,locked_both_hard,-6,-0.025,234,51,418,343,1,both,none,2
images/000063.jpg,0.2916666666666667,0.5,opencv,1777621296.712018,1,1,locked_both_hard,-28,-0.11666666666666667,212,24,400,355,1,both,none,3
images/000064.jpg,0.4583333333333333,0.5,opencv,1777621296.8552966,1,1,locked_only_right_hard,-44,-0.18333333333333332,196,17,375,358,1,right,left,2
images/000065.jpg,0.53125,0.5,opencv,1777621297.000547,1,1,locked_only_right_hard,-51,-0.2125,189,10,368,358,1,right,left,1
images/000066.jpg,0.5520833333333333,0.5,opencv,1777621297.1492422,1,1,locked_only_right_hard,-53,-0.22083333333333333,187,8,366,358,1,right,left,1
images/000067.jpg,0.41666666666666663,0.5,opencv,1777621297.294062,1,1,locked_only_right_hard,-40,-0.16666666666666666,200,21,379,358,1,right,left,1
images/000068.jpg,0.3958333333333333,0.5,opencv,1777621297.4352694,1,1,locked_only_right_hard,-38,-0.15833333333333333,202,23,381,358,1,right,left,1
images/000069.jpg,0.4895833333333333,0.5,opencv,1777621297.5787988,1,1,locked_only_right_hard,-47,-0.19583333333333333,193,14,372,358,1,right,left,1
images/000070.jpg,0.6354166666666666,0.5,opencv,1777621297.721025,1,1,locked_only_right_hard,-61,-0.25416666666666665,179,0,358,358,1,right,left,2
images/000071.jpg,0.5729166666666666,0.5,opencv,1777621297.8627465,1,1,locked_only_right_hard,-55,-0.22916666666666666,185,6,364,358,1,right,left,2
images/000072.jpg,0.5416666666666667,0.5,opencv,1777621298.0041046,1,1,locked_only_right_hard,-52,-0.21666666666666667,188,9,367,358,1,right,left,2
images/000073.jpg,0.4895833333333333,0.5,opencv,1777621298.1464458,1,1,locked_only_right_hard,-47,-0.19583333333333333,193,14,372,358,1,right,left,1
images/000074.jpg,0.4479166666666667,0.5,opencv,1777621298.2903666,1,1,locked_only_right_hard,-43,-0.17916666666666667,197,18,376,358,1,right,left,1
images/000075.jpg,0.375,0.5,opencv,1777621298.4335406,1,1,locked_only_right_hard,-36,-0.15,204,25,383,358,1,right,left,1
images/000076.jpg,0.40625,0.5,opencv,1777621298.5756981,1,1,locked_only_right_hard,-39,-0.1625,201,22,380,358,1,right,left,1
images/000077.jpg,0.4895833333333333,0.5,opencv,1777621298.7195072,1,1,locked_only_right_hard,-47,-0.19583333333333333,193,14,372,358,1,right,left,1
images/000078.jpg,0.7083333333333333,0.5,opencv,1777621298.8615284,1,1,locked_only_right_hard,-68,-0.2833333333333333,172,-7,351,358,1,right,left,1
images/000079.jpg,0.6458333333333334,0.5,opencv,1777621299.0044136,1,1,locked_only_right_hard,-62,-0.25833333333333336,178,-1,357,358,1,right,left,1
images/000080.jpg,0.46875,0.5,opencv,1777621299.1459267,1,1,locked_only_right_hard,-45,-0.1875,195,16,374,358,1,right,left,1
images/000081.jpg,0.3020833333333333,0.5,opencv,1777621299.28793,1,1,locked_both_hard,-29,-0.12083333333333333,211,22,401,365,1,both,none,2
images/000082.jpg,0.11458333333333333,0.5,opencv,1777621299.4312592,1,1,locked_both_hard,-11,-0.04583333333333333,229,45,413,365,1,both,none,2
images/000083.jpg,-0.07291666666666667,0.5,opencv,1777621299.5720756,1,1,locked_both_hard,7,0.029166666666666667,247,66,428,362,1,both,none,2
images/000084.jpg,-0.17708333333333331,0.5,opencv,1777621299.7158303,1,1,locked_both_hard,17,0.07083333333333333,257,81,433,358,1,both,none,2
images/000085.jpg,-0.20833333333333331,0.5,opencv,1777621299.8592148,1,1,locked_both_hard,20,0.08333333333333333,260,86,434,353,1,both,none,2
images/000086.jpg,-0.08333333333333333,0.5,opencv,1777621300.0006006,1,1,locked_both_hard,8,0.03333333333333333,248,67,430,354,1,both,none,2
images/000087.jpg,-0.041666666666666664,0.5,opencv,1777621300.1444848,1,1,locked_both_hard,4,0.016666666666666666,244,71,418,350,1,both,none,2
images/000088.jpg,-0.05208333333333333,0.5,opencv,1777621300.2866893,1,1,locked_both_hard,5,0.020833333333333332,245,68,423,350,1,both,none,2
images/000089.jpg,-0.010416666666666666,0.5,opencv,1777621300.430322,1,1,locked_both_hard,1,0.004166666666666667,241,57,426,355,1,both,none,2
images/000090.jpg,0.09375,0.5,opencv,1777621300.575229,1,1,locked_both_hard,-9,-0.0375,231,41,422,364,1,both,none,2
images/000091.jpg,0.27083333333333337,0.5,opencv,1777621300.7171748,1,1,locked_both_hard,-26,-0.10833333333333334,214,19,409,372,1,both,none,2
images/000092.jpg,0.3854166666666667,0.5,opencv,1777621300.8613775,1,1,locked_only_right_hard,-37,-0.15416666666666667,203,15,390,375,1,right,left,1
images/000093.jpg,0.4583333333333333,0.5,opencv,1777621301.0023398,1,1,locked_only_right_hard,-44,-0.18333333333333332,196,8,383,375,1,right,left,1
images/000094.jpg,0.4479166666666667,0.5,opencv,1777621301.143088,1,1,locked_only_right_hard,-43,-0.17916666666666667,197,9,384,375,1,right,left,1
images/000095.jpg,0.42708333333333337,0.5,opencv,1777621301.28728,1,1,locked_only_right_hard,-41,-0.17083333333333334,199,11,386,375,1,right,left,1
images/000096.jpg,0.19791666666666666,0.5,opencv,1777621301.4295125,1,1,locked_only_right_hard,-19,-0.07916666666666666,221,33,408,375,1,right,left,3
images/000097.jpg,1.0,0.47,opencv,1777621301.5730188,1,1,locked_only_right_hard,-127,-0.5291666666666667,113,-75,300,375,1,right,left,1
images/000098.jpg,1.0,0.45,opencv,1777621301.7150595,1,1,locked_only_right_hard,-143,-0.5958333333333333,97,-91,284,375,1,right,left,1
images/000099.jpg,1.0,0.47,opencv,1777621301.8572476,1,1,locked_only_right_hard,-126,-0.525,114,-74,301,375,1,right,left,1
images/000100.jpg,1.0,0.47,opencv,1777621302.000321,1,1,locked_only_right_hard,-118,-0.49166666666666664,122,-66,309,375,1,right,left,1
images/000101.jpg,1.0,0.47,opencv,1777621302.1414282,1,1,locked_only_right_hard,-97,-0.4041666666666667,143,-45,330,375,1,right,left,1
images/000102.jpg,0.6354166666666666,0.5,opencv,1777621302.285259,1,1,locked_only_right_hard,-61,-0.25416666666666665,179,-9,366,375,1,right,left,1
images/000103.jpg,0.5104166666666666,0.5,opencv,1777621302.42783,1,1,locked_only_right_hard,-49,-0.20416666666666666,191,3,378,375,1,right,left,1
images/000104.jpg,0.23958333333333334,0.5,opencv,1777621302.569175,1,1,locked_both_hard,-23,-0.09583333333333334,217,27,408,375,1,both,none,2
images/000105.jpg,0.20833333333333331,0.5,opencv,1777621302.713605,1,1,locked_both_hard,-20,-0.08333333333333333,220,31,410,376,1,both,none,2
images/000106.jpg,0.17708333333333331,0.5,opencv,1777621302.8567002,1,1,locked_both_hard,-17,-0.07083333333333333,223,33,413,376,1,both,none,2
images/000107.jpg,0.20833333333333331,0.5,opencv,1777621303.0009246,1,1,locked_both_hard,-20,-0.08333333333333333,220,29,412,378,1,both,none,2
images/000108.jpg,0.3125,0.5,opencv,1777621303.1431124,1,1,locked_both_hard,-30,-0.125,210,25,396,376,1,both,none,2
images/000109.jpg,0.2916666666666667,0.5,opencv,1777621303.2847445,1,1,locked_both_hard,-28,-0.11666666666666667,212,18,406,378,1,both,none,2
images/000110.jpg,0.4895833333333333,0.5,opencv,1777621303.4309108,1,1,locked_both_hard,-47,-0.19583333333333333,193,18,369,377,1,both,none,2
images/000111.jpg,0.65625,0.5,opencv,1777621303.572334,1,1,locked_both_hard,-63,-0.2625,177,15,339,358,1,both,none,2
images/000112.jpg,1.0,0.47,opencv,1777621303.715873,1,1,locked_only_right_hard,-98,-0.4083333333333333,142,-37,321,358,1,right,left,1
images/000113.jpg,0.4479166666666667,0.5,opencv,1777621303.8578837,1,1,locked_both_hard,-43,-0.17916666666666667,197,33,361,344,1,both,none,2
images/000114.jpg,0.020833333333333332,0.5,opencv,1777621303.999117,1,1,locked_both_hard,-2,-0.008333333333333333,238,60,417,347,1,both,none,2
images/000115.jpg,-0.34375,0.5,opencv,1777621304.142531,1,1,locked_both_hard,33,0.1375,273,102,444,346,1,both,none,2
images/000116.jpg,-0.5729166666666666,0.5,opencv,1777621304.2838624,1,1,locked_both_hard,55,0.22916666666666666,295,139,451,335,1,both,none,2
images/000117.jpg,-0.625,0.5,opencv,1777621304.4273763,1,1,locked_both_hard,60,0.25,300,150,450,322,1,both,none,2
images/000118.jpg,-0.3958333333333333,0.5,opencv,1777621304.5703242,1,1,locked_both_hard,38,0.15833333333333333,278,117,440,320,1,both,none,2
images/000119.jpg,-0.08333333333333333,0.5,opencv,1777621304.7116232,1,1,locked_both_hard,8,0.03333333333333333,248,74,422,328,1,both,none,2
images/000120.jpg,0.20833333333333331,0.5,opencv,1777621304.8557775,1,1,locked_both_hard,-20,-0.08333333333333333,220,31,410,345,1,both,none,3
images/000121.jpg,0.4791666666666667,0.5,opencv,1777621304.9997718,1,1,locked_both_hard,-46,-0.19166666666666668,194,10,379,354,1,both,none,3
images/000122.jpg,0.53125,0.5,opencv,1777621305.1417134,1,1,locked_only_right_hard,-51,-0.2125,189,12,366,354,1,right,left,2
images/000123.jpg,0.5833333333333334,0.5,opencv,1777621305.2861106,1,1,locked_only_right_hard,-56,-0.23333333333333334,184,7,361,354,1,right,left,1
images/000124.jpg,0.4791666666666667,0.5,opencv,1777621305.4289975,1,1,locked_only_right_hard,-46,-0.19166666666666668,194,17,371,354,1,right,left,1
images/000125.jpg,0.3229166666666667,0.5,opencv,1777621305.57249,1,1,locked_only_right_hard,-31,-0.12916666666666668,209,32,386,354,1,right,left,1
images/000126.jpg,0.28125,0.5,opencv,1777621305.7149215,1,1,locked_only_right_hard,-27,-0.1125,213,36,390,354,1,right,left,1
images/000127.jpg,0.46875,0.5,opencv,1777621305.8559504,1,1,locked_only_right_hard,-45,-0.1875,195,18,372,354,1,right,left,1
images/000128.jpg,0.7395833333333334,0.5,opencv,1777621305.9991813,1,1,locked_only_right_hard,-71,-0.29583333333333334,169,-8,346,354,1,right,left,2
images/000129.jpg,0.6145833333333333,0.5,opencv,1777621306.141003,1,1,locked_only_right_hard,-59,-0.24583333333333332,181,4,358,354,1,right,left,2
images/000130.jpg,0.5833333333333334,0.5,opencv,1777621306.2826486,1,1,locked_only_right_hard,-56,-0.23333333333333334,184,7,361,354,1,right,left,2
images/000131.jpg,0.4479166666666667,0.5,opencv,1777621306.4269836,1,1,locked_only_right_hard,-43,-0.17916666666666667,197,20,374,354,1,right,left,1
images/000132.jpg,0.22916666666666666,0.5,opencv,1777621306.5679533,1,1,locked_only_right_hard,-22,-0.09166666666666666,218,41,395,354,1,right,left,1
images/000133.jpg,0.23958333333333334,0.5,opencv,1777621306.7112627,1,1,locked_only_right_hard,-23,-0.09583333333333334,217,40,394,354,1,right,left,1
images/000134.jpg,0.3854166666666667,0.5,opencv,1777621306.8533716,1,1,locked_only_right_hard,-37,-0.15416666666666667,203,26,380,354,1,right,left,1
images/000135.jpg,0.59375,0.5,opencv,1777621306.9975927,1,1,locked_only_right_hard,-57,-0.2375,183,6,360,354,1,right,left,1
images/000136.jpg,0.8958333333333334,0.47,opencv,1777621307.1403613,1,1,locked_only_right_hard,-86,-0.35833333333333334,154,-23,331,354,1,right,left,1
images/000137.jpg,0.78125,0.47,opencv,1777621307.2813435,1,1,locked_only_right_hard,-75,-0.3125,165,-12,342,354,1,right,left,1
images/000138.jpg,0.5416666666666667,0.5,opencv,1777621307.4245677,1,1,locked_only_right_hard,-52,-0.21666666666666667,188,11,365,354,1,right,left,1
images/000139.jpg,0.3125,0.5,opencv,1777621307.5658607,1,1,locked_both_hard,-30,-0.125,210,21,400,360,1,both,none,2
images/000140.jpg,0.10416666666666666,0.5,opencv,1777621307.7091417,1,1,locked_both_hard,-10,-0.041666666666666664,230,47,414,362,1,both,none,2
images/000141.jpg,-0.10416666666666666,0.5,opencv,1777621307.8523598,1,1,locked_both_hard,10,0.041666666666666664,250,73,427,361,1,both,none,2
images/000142.jpg,-0.19791666666666666,0.5,opencv,1777621307.994105,1,1,locked_both_hard,19,0.07916666666666666,259,87,432,357,1,both,none,2
images/000143.jpg,-0.28125,0.5,opencv,1777621308.1383817,1,1,locked_both_hard,27,0.1125,267,98,437,351,1,both,none,2
images/000144.jpg,-0.23958333333333334,0.5,opencv,1777621308.2813926,1,1,locked_both_hard,23,0.09583333333333334,263,89,438,349,1,both,none,2
images/000145.jpg,-0.10416666666666666,0.5,opencv,1777621308.422192,1,1,locked_both_hard,10,0.041666666666666664,250,77,423,347,1,both,none,2
images/000146.jpg,-0.020833333333333332,0.5,opencv,1777621308.564855,1,1,locked_both_hard,2,0.008333333333333333,242,68,417,346,1,both,none,2
images/000147.jpg,-0.03125,0.5,opencv,1777621308.7071104,1,1,locked_both_hard,3,0.0125,243,61,425,351,1,both,none,2
images/000148.jpg,0.08333333333333333,0.5,opencv,1777621308.8503463,1,1,locked_both_hard,-8,-0.03333333333333333,232,40,424,361,1,both,none,2
images/000149.jpg,0.21875,0.5,opencv,1777621308.9923582,1,1,locked_both_hard,-21,-0.0875,219,27,412,369,1,both,none,2
images/000150.jpg,0.35416666666666663,0.5,opencv,1777621309.1335058,1,1,locked_both_hard,-34,-0.14166666666666666,206,11,401,376,1,both,none,2
images/000151.jpg,0.3958333333333333,0.5,opencv,1777621309.2765849,1,1,locked_only_right_hard,-38,-0.15833333333333333,202,14,390,376,1,right,left,1
images/000152.jpg,0.42708333333333337,0.5,opencv,1777621309.4193285,1,1,locked_only_right_hard,-41,-0.17083333333333334,199,11,387,376,1,right,left,1
images/000153.jpg,0.3958333333333333,0.5,opencv,1777621309.5621712,1,1,locked_only_right_hard,-38,-0.15833333333333333,202,14,390,376,1,right,left,1
images/000154.jpg,0.2916666666666667,0.5,opencv,1777621309.7048354,1,1,locked_only_right_hard,-28,-0.11666666666666667,212,24,400,376,1,right,left,1
images/000155.jpg,-0.0625,0.5,opencv,1777621309.8461673,1,1,locked_only_right_hard,6,0.025,246,58,434,376,1,right,left,3
images/000156.jpg,0.7604166666666666,0.47,opencv,1777621309.9903526,1,1,locked_only_right_hard,-73,-0.30416666666666664,167,-21,355,376,1,right,left,2
images/000157.jpg,1.0,0.45,opencv,1777621310.1310954,1,1,locked_only_right_hard,-182,-0.7583333333333333,58,-130,246,376,1,right,left,1
images/000158.jpg,1.0,0.45,opencv,1777621310.2759333,1,1,locked_only_right_hard,-196,-0.8166666666666667,44,-144,232,376,1,right,left,1
images/000159.jpg,1.0,0.45,opencv,1777621310.4190753,1,1,locked_only_right_hard,-199,-0.8291666666666667,41,-147,229,376,1,right,left,1
images/000160.jpg,1.0,0.45,opencv,1777621310.5608468,1,1,locked_only_right_hard,-177,-0.7375,63,-125,251,376,1,right,left,2
images/000161.jpg,1.0,0.45,opencv,1777621310.7049499,1,1,locked_only_right_hard,-150,-0.625,90,-98,278,376,1,right,left,1
images/000162.jpg,1.0,0.47,opencv,1777621310.8472333,1,1,locked_only_right_hard,-128,-0.5333333333333333,112,-76,300,376,1,right,left,1
images/000163.jpg,1.0,0.47,opencv,1777621310.988669,1,1,locked_only_right_hard,-100,-0.4166666666666667,140,-48,328,376,1,right,left,1
images/000164.jpg,0.5104166666666666,0.5,opencv,1777621311.131379,1,1,locked_both_hard,-49,-0.20416666666666666,191,18,364,370,1,both,none,2
images/000165.jpg,0.21875,0.5,opencv,1777621311.2732198,1,1,locked_both_hard,-21,-0.0875,219,34,404,367,1,both,none,2
images/000166.jpg,0.07291666666666667,0.5,opencv,1777621311.4165654,1,1,locked_both_hard,-7,-0.029166666666666667,233,44,423,370,1,both,none,2
images/000167.jpg,0.041666666666666664,0.5,opencv,1777621311.5590098,1,1,locked_both_hard,-4,-0.016666666666666666,236,47,426,373,1,both,none,2
images/000168.jpg,0.125,0.5,opencv,1777621311.699844,1,1,locked_both_hard,-12,-0.05,228,42,415,373,1,both,none,2
images/000169.jpg,0.08333333333333333,0.5,opencv,1777621311.843357,1,1,locked_both_hard,-8,-0.03333333333333333,232,34,431,377,1,both,none,2
images/000170.jpg,0.6770833333333333,0.5,opencv,1777621311.9855256,1,1,locked_both_hard,-65,-0.2708333333333333,175,26,325,366,1,both,none,2
images/000171.jpg,0.5729166666666666,0.5,opencv,1777621312.1273088,1,1,locked_both_hard,-55,-0.22916666666666666,185,19,352,356,1,both,none,2
images/000172.jpg,0.5416666666666667,0.5,opencv,1777621312.2703152,1,1,locked_both_hard,-52,-0.21666666666666667,188,26,350,345,1,both,none,2
images/000173.jpg,0.25,0.5,opencv,1777621312.4114842,1,1,locked_both_hard,-24,-0.1,216,43,389,342,1,both,none,2
images/000174.jpg,-0.041666666666666664,0.5,opencv,1777621312.555444,1,1,locked_both_hard,4,0.016666666666666666,244,64,425,348,1,both,none,2
images/000175.jpg,-0.28125,0.5,opencv,1777621312.6974561,1,1,locked_both_hard,27,0.1125,267,93,441,349,1,both,none,2
images/000176.jpg,-0.4479166666666667,0.5,opencv,1777621312.839069,1,1,locked_both_hard,43,0.17916666666666667,283,120,446,342,1,both,none,2
images/000177.jpg,-0.4479166666666667,0.5,opencv,1777621312.9827552,1,1,locked_both_hard,43,0.17916666666666667,283,124,443,333,1,both,none,2
images/000178.jpg,-0.28125,0.5,opencv,1777621313.122552,1,1,locked_both_hard,27,0.1125,267,101,434,330,1,both,none,2
images/000179.jpg,0.020833333333333332,0.5,opencv,1777621313.2664883,1,1,locked_both_hard,-2,-0.008333333333333333,238,55,422,339,1,both,none,2
images/000180.jpg,0.34375,0.5,opencv,1777621313.4087193,1,1,locked_both_hard,-33,-0.1375,207,18,397,353,1,both,none,3
images/000181.jpg,0.5625,0.5,opencv,1777621313.5501544,1,1,locked_only_right_hard,-54,-0.225,186,7,364,357,1,right,left,2
images/000182.jpg,0.71875,0.5,opencv,1777621313.6941748,1,1,locked_only_right_hard,-69,-0.2875,171,-8,349,357,1,right,left,1
images/000183.jpg,0.7708333333333334,0.47,opencv,1777621313.8354695,1,1,locked_only_right_hard,-74,-0.30833333333333335,166,-13,344,357,1,right,left,1
images/000184.jpg,0.46875,0.5,opencv,1777621313.9791262,1,1,locked_only_right_hard,-45,-0.1875,195,16,373,357,1,right,left,1
images/000185.jpg,0.28125,0.5,opencv,1777621314.1223984,1,1,locked_only_right_hard,-27,-0.1125,213,34,391,357,1,right,left,1
images/000186.jpg,0.22916666666666666,0.5,opencv,1777621314.2632535,1,1,locked_only_right_hard,-22,-0.09166666666666666,218,39,396,357,1,right,left,1
images/000187.jpg,0.34375,0.5,opencv,1777621314.4071002,1,1,locked_only_right_hard,-33,-0.1375,207,28,385,357,1,right,left,1
images/000188.jpg,0.5416666666666667,0.5,opencv,1777621314.5476875,1,1,locked_only_right_hard,-52,-0.21666666666666667,188,9,366,357,1,right,left,2
images/000189.jpg,0.6354166666666666,0.5,opencv,1777621314.6917074,1,1,locked_only_right_hard,-61,-0.25416666666666665,179,0,357,357,1,right,left,2
images/000190.jpg,0.6458333333333334,0.5,opencv,1777621314.834403,1,1,locked_only_right_hard,-62,-0.25833333333333336,178,-1,356,357,1,right,left,2
images/000191.jpg,0.59375,0.5,opencv,1777621314.975961,1,1,locked_only_right_hard,-57,-0.2375,183,4,361,357,1,right,left,1
images/000192.jpg,0.3333333333333333,0.5,opencv,1777621315.12207,1,1,locked_only_right_hard,-32,-0.13333333333333333,208,29,386,357,1,right,left,1
images/000193.jpg,0.19791666666666666,0.5,opencv,1777621315.265002,1,1,locked_only_right_hard,-19,-0.07916666666666666,221,42,399,357,1,right,left,1
images/000194.jpg,0.2916666666666667,0.5,opencv,1777621315.4070368,1,1,locked_only_right_hard,-28,-0.11666666666666667,212,33,390,357,1,right,left,1
images/000195.jpg,0.36458333333333337,0.5,opencv,1777621315.5484316,1,1,locked_only_right_hard,-35,-0.14583333333333334,205,26,383,357,1,right,left,1
images/000196.jpg,0.7604166666666666,0.47,opencv,1777621315.6896384,1,1,locked_only_right_hard,-73,-0.30416666666666664,167,-12,345,357,1,right,left,1
images/000197.jpg,0.8125,0.47,opencv,1777621315.8335567,1,1,locked_only_right_hard,-78,-0.325,162,-17,340,357,1,right,left,1
images/000198.jpg,0.6145833333333333,0.5,opencv,1777621315.9763072,1,1,locked_only_right_hard,-59,-0.24583333333333332,181,2,359,357,1,right,left,1
images/000199.jpg,0.3854166666666667,0.5,opencv,1777621316.1176724,1,1,locked_both_hard,-37,-0.15416666666666667,203,23,384,356,1,both,none,2
images/000200.jpg,0.13541666666666669,0.5,opencv,1777621316.261769,1,1,locked_both_hard,-13,-0.05416666666666667,227,47,408,357,1,both,none,2
images/000201.jpg,-0.13541666666666669,0.5,opencv,1777621316.4031773,1,1,locked_both_hard,13,0.05416666666666667,253,73,434,357,1,both,none,2
images/000202.jpg,-0.3854166666666667,0.5,opencv,1777621316.547022,1,1,locked_both_hard,37,0.15416666666666667,277,113,441,347,1,both,none,2
images/000203.jpg,-0.5104166666666666,0.5,opencv,1777621316.6903188,1,1,locked_both_hard,49,0.20416666666666666,289,128,450,338,1,both,none,2
images/000204.jpg,-0.3229166666666667,0.5,opencv,1777621316.831866,1,1,locked_both_hard,31,0.12916666666666668,271,106,436,334,1,both,none,2
images/000205.jpg,-0.041666666666666664,0.5,opencv,1777621316.9749317,1,1,locked_both_hard,4,0.016666666666666666,244,73,416,335,1,both,none,2
images/000206.jpg,0.11458333333333333,0.5,opencv,1777621317.1159806,1,1,locked_both_hard,-11,-0.04583333333333333,229,44,415,344,1,both,none,2
images/000207.jpg,0.22916666666666666,0.5,opencv,1777621317.2592156,1,1,locked_both_hard,-22,-0.09166666666666666,218,27,409,357,1,both,none,2
images/000208.jpg,0.27083333333333337,0.5,opencv,1777621317.4011817,1,1,locked_both_hard,-26,-0.10833333333333334,214,24,405,366,1,both,none,2
images/000209.jpg,0.3229166666666667,0.5,opencv,1777621317.5424504,1,1,locked_both_hard,-31,-0.12916666666666668,209,14,404,373,1,both,none,2
images/000210.jpg,0.35416666666666663,0.5,opencv,1777621317.6883252,1,1,locked_only_right_hard,-34,-0.14166666666666666,206,18,394,376,1,right,left,1
images/000211.jpg,0.40625,0.5,opencv,1777621317.8325777,1,1,locked_only_right_hard,-39,-0.1625,201,13,389,376,1,right,left,1
images/000212.jpg,0.3958333333333333,0.5,opencv,1777621317.9760742,1,1,locked_only_right_hard,-38,-0.15833333333333333,202,14,390,376,1,right,left,1
images/000213.jpg,0.3958333333333333,0.5,opencv,1777621318.1192822,1,1,locked_only_right_hard,-38,-0.15833333333333333,202,14,390,376,1,right,left,1
images/000214.jpg,0.15625,0.5,opencv,1777621318.2605724,1,1,locked_only_right_hard,-15,-0.0625,225,37,413,376,1,right,left,2
images/000215.jpg,0.6666666666666666,0.5,opencv,1777621318.404084,1,1,locked_only_right_hard,-64,-0.26666666666666666,176,-12,364,376,1,right,left,2
images/000216.jpg,1.0,0.45,opencv,1777621318.5452979,1,1,locked_only_right_hard,-149,-0.6208333333333333,91,-97,279,376,1,right,left,1
images/000217.jpg,1.0,0.45,opencv,1777621318.6895025,1,1,locked_only_right_hard,-184,-0.7666666666666667,56,-132,244,376,1,right,left,1
images/000218.jpg,1.0,0.45,opencv,1777621318.8325872,1,1,locked_only_right_hard,-187,-0.7791666666666667,53,-135,241,376,1,right,left,1
images/000219.jpg,1.0,0.45,opencv,1777621318.9736905,1,1,locked_only_right_hard,-168,-0.7,72,-116,260,376,1,right,left,2
images/000220.jpg,1.0,0.45,opencv,1777621319.1173337,1,1,locked_only_right_hard,-139,-0.5791666666666667,101,-87,289,376,1,right,left,1
images/000221.jpg,1.0,0.47,opencv,1777621319.260889,1,1,locked_only_right_hard,-109,-0.45416666666666666,131,-57,319,376,1,right,left,1
images/000222.jpg,0.8541666666666667,0.47,opencv,1777621319.4016364,1,1,locked_only_right_hard,-82,-0.3416666666666667,158,-30,346,376,1,right,left,1
images/000223.jpg,0.59375,0.5,opencv,1777621319.5452678,1,1,locked_only_right_hard,-57,-0.2375,183,-5,371,376,1,right,left,1
images/000224.jpg,0.25,0.5,opencv,1777621319.6864374,1,1,locked_both_hard,-24,-0.1,216,30,402,372,1,both,none,2
images/000225.jpg,0.09375,0.5,opencv,1777621319.8301275,1,1,locked_both_hard,-9,-0.0375,231,42,421,373,1,both,none,2
images/000226.jpg,0.0625,0.5,opencv,1777621319.9725664,1,1,locked_both_hard,-6,-0.025,234,44,425,376,1,both,none,2
images/000227.jpg,0.15625,0.5,opencv,1777621320.1142726,1,1,locked_both_hard,-15,-0.0625,225,39,412,376,1,both,none,2
images/000228.jpg,0.14583333333333334,0.5,opencv,1777621320.257296,1,1,locked_both_hard,-14,-0.058333333333333334,226,32,421,379,1,both,none,2
images/000229.jpg,-0.010416666666666666,0.5,opencv,1777621320.4018595,1,1,locked_both_hard,1,0.004166666666666667,241,24,459,395,1,both,none,3
images/000230.jpg,0.5833333333333334,0.5,opencv,1777621320.5458066,1,1,locked_both_hard,-56,-0.23333333333333334,184,17,351,374,1,both,none,2
images/000231.jpg,1.0,0.47,opencv,1777621320.688018,1,1,locked_only_right_hard,-130,-0.5416666666666666,110,-77,297,374,1,right,left,1
images/000232.jpg,0.8333333333333333,0.47,opencv,1777621320.8287656,1,1,locked_both_hard,-80,-0.3333333333333333,160,16,304,356,1,both,none,2
images/000233.jpg,0.4791666666666667,0.5,opencv,1777621320.9721267,1,1,locked_both_hard,-46,-0.19166666666666668,194,33,355,342,1,both,none,2
images/000234.jpg,0.03125,0.5,opencv,1777621321.113482,1,1,locked_both_hard,-3,-0.0125,237,56,419,347,1,both,none,2
images/000235.jpg,-0.23958333333333334,0.5,opencv,1777621321.2593248,1,1,locked_both_hard,23,0.09583333333333334,263,85,442,350,1,both,none,2
images/000236.jpg,-0.5208333333333334,0.5,opencv,1777621321.4008062,1,1,locked_both_hard,50,0.20833333333333334,290,129,451,341,1,both,none,2
images/000237.jpg,-0.625,0.5,opencv,1777621321.5441892,1,1,locked_both_hard,60,0.25,300,148,452,327,1,both,none,2
images/000238.jpg,-0.40625,0.5,opencv,1777621321.6857755,1,1,locked_both_hard,39,0.1625,279,119,440,321,1,both,none,2
images/000239.jpg,-0.1875,0.5,opencv,1777621321.8276234,1,1,locked_both_hard,18,0.075,258,86,431,327,1,both,none,2
images/000240.jpg,0.3333333333333333,0.5,opencv,1777621321.9710896,1,1,locked_both_hard,-32,-0.13333333333333333,208,19,398,344,1,both,none,3
images/000241.jpg,0.5520833333333333,0.5,opencv,1777621322.1137352,1,1,locked_only_right_hard,-53,-0.22083333333333333,187,12,362,350,1,right,left,2
images/000242.jpg,0.65625,0.5,opencv,1777621322.2546122,1,1,locked_only_right_hard,-63,-0.2625,177,2,352,350,1,right,left,1
images/000243.jpg,0.7708333333333334,0.47,opencv,1777621322.3977435,1,1,locked_only_right_hard,-74,-0.30833333333333335,166,-9,341,350,1,right,left,1
images/000244.jpg,0.5416666666666667,0.5,opencv,1777621322.5387766,1,1,locked_only_right_hard,-52,-0.21666666666666667,188,13,363,350,1,right,left,1
images/000245.jpg,0.375,0.5,opencv,1777621322.6824334,1,1,locked_only_right_hard,-36,-0.15,204,29,379,350,1,right,left,1
images/000246.jpg,0.2604166666666667,0.5,opencv,1777621322.8243146,1,1,locked_only_right_hard,-25,-0.10416666666666667,215,40,390,350,1,right,left,1
images/000247.jpg,0.34375,0.5,opencv,1777621322.9657798,1,1,locked_only_right_hard,-33,-0.1375,207,32,382,350,1,right,left,1
images/000248.jpg,0.53125,0.5,opencv,1777621323.1091459,1,1,locked_only_right_hard,-51,-0.2125,189,14,364,350,1,right,left,2
images/000249.jpg,0.6145833333333333,0.5,opencv,1777621323.2505088,1,1,locked_only_right_hard,-59,-0.24583333333333332,181,6,356,350,1,right,left,2
images/000250.jpg,0.7083333333333333,0.5,opencv,1777621323.3943274,1,1,locked_only_right_hard,-68,-0.2833333333333333,172,-3,347,350,1,right,left,2
images/000251.jpg,0.6145833333333333,0.5,opencv,1777621323.5366387,1,1,locked_only_right_hard,-59,-0.24583333333333332,181,6,356,350,1,right,left,1
images/000252.jpg,0.3333333333333333,0.5,opencv,1777621323.6780407,1,1,locked_only_right_hard,-32,-0.13333333333333333,208,33,383,350,1,right,left,1
images/000253.jpg,0.21875,0.5,opencv,1777621323.8216577,1,1,locked_only_right_hard,-21,-0.0875,219,44,394,350,1,right,left,1
images/000254.jpg,0.22916666666666666,0.5,opencv,1777621323.964973,1,1,locked_only_right_hard,-22,-0.09166666666666666,218,43,393,350,1,right,left,1
images/000255.jpg,0.3333333333333333,0.5,opencv,1777621324.1073248,1,1,locked_only_right_hard,-32,-0.13333333333333333,208,33,383,350,1,right,left,1
images/000256.jpg,0.7395833333333334,0.5,opencv,1777621324.2511148,1,1,locked_only_right_hard,-71,-0.29583333333333334,169,-6,344,350,1,right,left,1
images/000257.jpg,0.9375,0.47,opencv,1777621324.3922584,1,1,locked_only_right_hard,-90,-0.375,150,-25,325,350,1,right,left,1
images/000258.jpg,0.8333333333333333,0.47,opencv,1777621324.5365906,1,1,locked_only_right_hard,-80,-0.3333333333333333,160,-15,335,350,1,right,left,1
images/000259.jpg,0.6145833333333333,0.5,opencv,1777621324.6793294,1,1,locked_only_right_hard,-59,-0.24583333333333332,181,6,356,350,1,right,left,1
images/000260.jpg,0.3125,0.5,opencv,1777621324.8212335,1,1,locked_both_hard,-30,-0.125,210,31,390,352,1,both,none,2
images/000261.jpg,-0.05208333333333333,0.5,opencv,1777621324.9645104,1,1,locked_both_hard,5,0.020833333333333332,245,67,424,353,1,both,none,2
images/000262.jpg,-0.23958333333333334,0.5,opencv,1777621325.1061969,1,1,locked_both_hard,23,0.09583333333333334,263,91,436,350,1,both,none,2
images/000263.jpg,-0.4375,0.5,opencv,1777621325.2499902,1,1,locked_both_hard,42,0.175,282,121,444,341,1,both,none,2
images/000264.jpg,-0.4791666666666667,0.5,opencv,1777621325.3943744,1,1,locked_both_hard,46,0.19166666666666668,286,124,448,334,1,both,none,2
images/000265.jpg,-0.2604166666666667,0.5,opencv,1777621325.5362597,1,1,locked_both_hard,25,0.10416666666666667,265,97,433,335,1,both,none,2
images/000266.jpg,-0.03125,0.5,opencv,1777621325.6794221,1,1,locked_both_hard,3,0.0125,243,70,417,337,1,both,none,2
images/000267.jpg,0.05208333333333333,0.5,opencv,1777621325.8207626,1,1,locked_both_hard,-5,-0.020833333333333332,235,54,416,345,1,both,none,2
images/000268.jpg,0.10416666666666666,0.5,opencv,1777621325.9655218,1,1,locked_both_hard,-10,-0.041666666666666664,230,39,421,357,1,both,none,2
images/000269.jpg,0.17708333333333331,0.5,opencv,1777621326.1086679,1,1,locked_both_hard,-17,-0.07083333333333333,223,31,416,367,1,both,none,2
images/000270.jpg,0.2916666666666667,0.5,opencv,1777621326.250566,1,1,locked_both_hard,-28,-0.11666666666666667,212,19,405,373,1,both,none,2
images/000271.jpg,0.3854166666666667,0.5,opencv,1777621326.3933253,1,1,locked_both_hard,-37,-0.15416666666666667,203,9,397,378,1,both,none,2
images/000272.jpg,0.375,0.5,opencv,1777621326.536212,1,1,locked_only_right_hard,-36,-0.15,204,15,393,378,1,right,left,1
images/000273.jpg,0.40625,0.5,opencv,1777621326.6812587,1,1,locked_only_right_hard,-39,-0.1625,201,12,390,378,1,right,left,1
images/000274.jpg,0.4583333333333333,0.5,opencv,1777621326.8237076,1,1,locked_only_right_hard,-44,-0.18333333333333332,196,7,385,378,1,right,left,1
images/000275.jpg,0.17708333333333331,0.5,opencv,1777621326.9651573,1,1,locked_only_right_hard,-17,-0.07083333333333333,223,34,412,378,1,right,left,1
images/000276.jpg,0.6041666666666666,0.5,opencv,1777621327.1083477,1,1,locked_only_right_hard,-58,-0.24166666666666667,182,-7,371,378,1,right,left,2
images/000277.jpg,1.0,0.45,opencv,1777621327.2497933,1,1,locked_only_right_hard,-138,-0.575,102,-87,291,378,1,right,left,1
images/000278.jpg,1.0,0.45,opencv,1777621327.393519,1,1,locked_only_right_hard,-160,-0.6666666666666666,80,-109,269,378,1,right,left,1
images/000279.jpg,1.0,0.45,opencv,1777621327.5360975,1,1,locked_only_right_hard,-159,-0.6625,81,-108,270,378,1,right,left,1
images/000280.jpg,1.0,0.45,opencv,1777621327.6775858,1,1,locked_only_right_hard,-142,-0.5916666666666667,98,-91,287,378,1,right,left,1
images/000281.jpg,1.0,0.47,opencv,1777621327.821073,1,1,locked_only_right_hard,-115,-0.4791666666666667,125,-64,314,378,1,right,left,1
images/000282.jpg,0.9583333333333334,0.47,opencv,1777621327.9622784,1,1,locked_only_right_hard,-92,-0.38333333333333336,148,-41,337,378,1,right,left,1
images/000283.jpg,0.7291666666666667,0.5,opencv,1777621328.1038568,1,1,locked_only_right_hard,-70,-0.2916666666666667,170,-19,359,378,1,right,left,1
images/000284.jpg,0.3854166666666667,0.5,opencv,1777621328.2468054,1,1,locked_both_hard,-37,-0.15416666666666667,203,19,388,376,1,both,none,2
images/000285.jpg,0.21875,0.5,opencv,1777621328.3885043,1,1,locked_both_hard,-21,-0.0875,219,32,406,374,1,both,none,2
images/000286.jpg,0.14583333333333334,0.5,opencv,1777621328.5332596,1,1,locked_both_hard,-14,-0.058333333333333334,226,37,416,375,1,both,none,2
images/000287.jpg,0.14583333333333334,0.5,opencv,1777621328.6760628,1,1,locked_both_hard,-14,-0.058333333333333334,226,35,418,377,1,both,none,2
images/000288.jpg,0.23958333333333334,0.5,opencv,1777621328.8181481,1,1,locked_both_hard,-23,-0.09583333333333334,217,31,404,376,1,both,none,2
images/000289.jpg,0.20833333333333331,0.5,opencv,1777621328.962152,1,1,locked_both_hard,-20,-0.08333333333333333,220,26,415,377,1,both,none,2
images/000290.jpg,0.03125,0.5,opencv,1777621329.1063504,1,1,locked_both_hard,-3,-0.0125,237,20,454,392,1,both,none,3
images/000291.jpg,0.6145833333333333,0.5,opencv,1777621329.247618,1,1,locked_both_hard,-59,-0.24583333333333332,181,16,347,370,1,both,none,2
images/000292.jpg,1.0,0.47,opencv,1777621329.3904276,1,1,locked_only_right_hard,-132,-0.55,108,-77,293,370,1,right,left,1
images/000293.jpg,0.7708333333333334,0.47,opencv,1777621329.5318508,1,1,locked_both_hard,-74,-0.30833333333333335,166,19,313,354,1,both,none,2
images/000294.jpg,0.3854166666666667,0.5,opencv,1777621329.6751368,1,1,locked_both_hard,-37,-0.15416666666666667,203,38,368,343,1,both,none,2
images/000295.jpg,-0.05208333333333333,0.5,opencv,1777621329.815995,1,1,locked_both_hard,5,0.020833333333333332,245,64,426,347,1,both,none,2
images/000296.jpg,-0.35416666666666663,0.5,opencv,1777621329.9627848,1,1,locked_both_hard,34,0.14166666666666666,274,102,447,347,1,both,none,2
images/000297.jpg,-0.5833333333333334,0.5,opencv,1777621330.1055048,1,1,locked_both_hard,56,0.23333333333333334,296,140,452,335,1,both,none,2
images/000298.jpg,-0.6041666666666666,0.5,opencv,1777621330.2484975,1,1,locked_both_hard,58,0.24166666666666667,298,147,450,323,1,both,none,2
images/000299.jpg,-0.3854166666666667,0.5,opencv,1777621330.3922217,1,1,locked_both_hard,37,0.15416666666666667,277,119,436,320,1,both,none,2
images/000300.jpg,-0.0625,0.5,opencv,1777621330.5335364,1,1,locked_both_hard,6,0.025,246,69,424,330,1,both,none,2
images/000301.jpg,0.28125,0.5,opencv,1777621330.6769924,1,1,locked_both_hard,-27,-0.1125,213,25,402,347,1,both,none,2
images/000302.jpg,0.41666666666666663,0.5,opencv,1777621330.821039,1,1,locked_only_right_hard,-40,-0.16666666666666666,200,24,376,352,1,right,left,2
images/000303.jpg,0.5625,0.5,opencv,1777621330.9627054,1,1,locked_only_right_hard,-54,-0.225,186,10,362,352,1,right,left,2
images/000304.jpg,0.7083333333333333,0.5,opencv,1777621331.106574,1,1,locked_only_right_hard,-68,-0.2833333333333333,172,-4,348,352,1,right,left,1
images/000305.jpg,0.5729166666666666,0.5,opencv,1777621331.2488427,1,1,locked_only_right_hard,-55,-0.22916666666666666,185,9,361,352,1,right,left,1
images/000306.jpg,0.3333333333333333,0.5,opencv,1777621331.3911786,1,1,locked_only_right_hard,-32,-0.13333333333333333,208,32,384,352,1,right,left,1
images/000307.jpg,0.2916666666666667,0.5,opencv,1777621331.5337167,1,1,locked_only_right_hard,-28,-0.11666666666666667,212,36,388,352,1,right,left,1
images/000308.jpg,0.3854166666666667,0.5,opencv,1777621331.675876,1,1,locked_only_right_hard,-37,-0.15416666666666667,203,27,379,352,1,right,left,1
images/000309.jpg,0.6041666666666666,0.5,opencv,1777621331.8195357,1,1,locked_only_right_hard,-58,-0.24166666666666667,182,6,358,352,1,right,left,2
images/000310.jpg,0.6354166666666666,0.5,opencv,1777621331.9627287,1,1,locked_only_right_hard,-61,-0.25416666666666665,179,3,355,352,1,right,left,2
images/000311.jpg,0.6875,0.5,opencv,1777621332.1041467,1,1,locked_only_right_hard,-66,-0.275,174,-2,350,352,1,right,left,2
images/000312.jpg,0.53125,0.5,opencv,1777621332.2497401,1,1,locked_only_right_hard,-51,-0.2125,189,13,365,352,1,right,left,1
images/000313.jpg,0.20833333333333331,0.5,opencv,1777621332.3919127,1,1,locked_only_right_hard,-20,-0.08333333333333333,220,44,396,352,1,right,left,1
images/000314.jpg,0.14583333333333334,0.5,opencv,1777621332.53316,1,1,locked_only_right_hard,-14,-0.058333333333333334,226,50,402,352,1,right,left,1
images/000315.jpg,0.25,0.5,opencv,1777621332.6744566,1,1,locked_only_right_hard,-24,-0.1,216,40,392,352,1,right,left,1
images/000316.jpg,0.4479166666666667,0.5,opencv,1777621332.8173437,1,1,locked_only_right_hard,-43,-0.17916666666666667,197,21,373,352,1,right,left,1
images/000317.jpg,0.9479166666666666,0.47,opencv,1777621332.9612536,1,1,locked_only_right_hard,-91,-0.37916666666666665,149,-27,325,352,1,right,left,1
images/000318.jpg,1.0,0.47,opencv,1777621333.1031353,1,1,locked_only_right_hard,-99,-0.4125,141,-35,317,352,1,right,left,1
images/000319.jpg,0.8854166666666667,0.47,opencv,1777621333.2463124,1,1,locked_only_right_hard,-85,-0.3541666666666667,155,-21,331,352,1,right,left,1
images/000320.jpg,0.6354166666666666,0.5,opencv,1777621333.3904526,1,1,locked_only_right_hard,-61,-0.25416666666666665,179,3,355,352,1,right,left,1
images/000321.jpg,0.3229166666666667,0.5,opencv,1777621333.5331056,1,1,locked_both_hard,-31,-0.12916666666666668,209,31,388,351,1,both,none,2
images/000322.jpg,-0.0625,0.5,opencv,1777621333.674748,1,1,locked_both_hard,6,0.025,246,70,423,352,1,both,none,2
images/000323.jpg,-0.2916666666666667,0.5,opencv,1777621333.8184705,1,1,locked_both_hard,28,0.11666666666666667,268,97,440,349,1,both,none,2
images/000324.jpg,-0.42708333333333337,0.5,opencv,1777621333.9600391,1,1,locked_both_hard,41,0.17083333333333334,281,118,444,340,1,both,none,2
images/000325.jpg,-0.41666666666666663,0.5,opencv,1777621334.1049194,1,1,locked_both_hard,40,0.16666666666666666,280,116,445,335,1,both,none,2
images/000326.jpg,-0.15625,0.5,opencv,1777621334.2468364,1,1,locked_both_hard,15,0.0625,255,82,428,338,1,both,none,2
images/000327.jpg,-0.0,0.5,opencv,1777621334.3891196,1,1,locked_both_hard,0,0.0,240,65,416,341,1,both,none,2
images/000328.jpg,0.05208333333333333,0.5,opencv,1777621334.5333512,1,1,locked_both_hard,-5,-0.020833333333333332,235,54,417,347,1,both,none,2
images/000329.jpg,0.08333333333333333,0.5,opencv,1777621334.676396,1,1,locked_both_hard,-8,-0.03333333333333333,232,43,422,357,1,both,none,2
images/000330.jpg,0.15625,0.5,opencv,1777621334.820618,1,1,locked_both_hard,-15,-0.0625,225,32,418,366,1,both,none,2
images/000331.jpg,0.28125,0.5,opencv,1777621334.9626837,1,1,locked_both_hard,-27,-0.1125,213,20,406,372,1,both,none,2
images/000332.jpg,0.34375,0.5,opencv,1777621335.1053288,1,1,locked_only_right_hard,-33,-0.1375,207,19,394,375,1,right,left,1
images/000333.jpg,0.40625,0.5,opencv,1777621335.2503061,1,1,locked_only_right_hard,-39,-0.1625,201,13,388,375,1,right,left,1
images/000334.jpg,0.40625,0.5,opencv,1777621335.3933895,1,1,locked_only_right_hard,-39,-0.1625,201,13,388,375,1,right,left,1
images/000335.jpg,0.59375,0.5,opencv,1777621335.5363338,1,1,locked_only_right_hard,-57,-0.2375,183,-5,370,375,1,right,left,1
images/000336.jpg,0.40625,0.5,opencv,1777621335.6782868,1,1,locked_only_right_hard,-39,-0.1625,201,13,388,375,1,right,left,1
images/000337.jpg,0.36458333333333337,0.5,opencv,1777621335.8204222,1,1,locked_only_right_hard,-35,-0.14583333333333334,205,17,392,375,1,right,left,2
images/000338.jpg,1.0,0.47,opencv,1777621335.9662707,1,1,locked_only_right_hard,-118,-0.49166666666666664,122,-66,309,375,1,right,left,1
images/000339.jpg,1.0,0.47,opencv,1777621336.1069725,1,1,locked_only_right_hard,-131,-0.5458333333333333,109,-79,296,375,1,right,left,1
images/000340.jpg,1.0,0.47,opencv,1777621336.2509134,1,1,locked_only_right_hard,-113,-0.4708333333333333,127,-61,314,375,1,right,left,1
images/000341.jpg,0.96875,0.47,opencv,1777621336.3936565,1,1,locked_only_right_hard,-93,-0.3875,147,-41,334,375,1,right,left,1
images/000342.jpg,0.625,0.5,opencv,1777621336.5349255,1,1,locked_only_right_hard,-60,-0.25,180,-8,367,375,1,right,left,1
images/000343.jpg,0.5416666666666667,0.5,opencv,1777621336.67836,1,1,locked_only_right_hard,-52,-0.21666666666666667,188,0,375,375,1,right,left,1
images/000344.jpg,0.25,0.5,opencv,1777621336.8221648,1,1,locked_both_hard,-24,-0.1,216,25,408,375,1,both,none,2
images/000345.jpg,0.21875,0.5,opencv,1777621336.9661703,1,1,locked_both_hard,-21,-0.0875,219,32,407,376,1,both,none,2
images/000346.jpg,0.1875,0.5,opencv,1777621337.1098645,1,1,locked_both_hard,-18,-0.075,222,31,414,376,1,both,none,2
images/000347.jpg,0.20833333333333331,0.5,opencv,1777621337.251409,1,1,locked_both_hard,-20,-0.08333333333333333,220,27,414,379,1,both,none,2
images/000348.jpg,0.3125,0.5,opencv,1777621337.3958097,1,1,locked_both_hard,-30,-0.125,210,24,396,378,1,both,none,2
images/000349.jpg,0.27083333333333337,0.5,opencv,1777621337.5370271,1,1,locked_both_hard,-26,-0.10833333333333334,214,18,410,379,1,both,none,2
images/000350.jpg,0.0625,0.5,opencv,1777621337.6813967,1,1,locked_both_hard,-6,-0.025,234,19,450,391,1,both,none,3
images/000351.jpg,0.6354166666666666,0.5,opencv,1777621337.8248234,1,1,locked_both_hard,-61,-0.25416666666666665,179,17,342,367,1,both,none,2
images/000352.jpg,1.0,0.47,opencv,1777621337.9658594,1,1,locked_only_right_hard,-119,-0.49583333333333335,121,-63,304,367,1,right,left,1
images/000353.jpg,0.6354166666666666,0.5,opencv,1777621338.1097932,1,1,locked_both_hard,-61,-0.25416666666666665,179,25,333,343,1,both,none,2
images/000354.jpg,0.3020833333333333,0.5,opencv,1777621338.2521472,1,1,locked_both_hard,-29,-0.12083333333333333,211,44,379,339,1,both,none,2
images/000355.jpg,-0.08333333333333333,0.5,opencv,1777621338.3953784,1,1,locked_both_hard,8,0.03333333333333333,248,68,429,345,1,both,none,2
images/000356.jpg,-0.36458333333333337,0.5,opencv,1777621338.53751,1,1,locked_both_hard,35,0.14583333333333334,275,103,447,345,1,both,none,2
images/000357.jpg,-0.5208333333333334,0.5,opencv,1777621338.6791987,1,1,locked_both_hard,50,0.20833333333333334,290,132,449,335,1,both,none,2
images/000358.jpg,-0.5104166666666666,0.5,opencv,1777621338.8262122,1,1,locked_both_hard,49,0.20416666666666666,289,132,446,326,1,both,none,2
images/000359.jpg,-0.28125,0.5,opencv,1777621338.9693012,1,1,locked_both_hard,27,0.1125,267,103,431,325,1,both,none,2
images/000360.jpg,-0.0,0.5,opencv,1777621339.113511,1,1,locked_both_hard,0,0.0,240,59,422,336,1,both,none,2
images/000361.jpg,0.3229166666666667,0.5,opencv,1777621339.257081,1,1,locked_both_hard,-31,-0.12916666666666668,209,21,397,350,1,both,none,2
images/000362.jpg,0.5625,0.5,opencv,1777621339.3983226,1,1,locked_only_right_hard,-54,-0.225,186,9,363,354,1,right,left,2
images/000363.jpg,0.6458333333333334,0.5,opencv,1777621339.5416226,1,1,locked_only_right_hard,-62,-0.25833333333333336,178,1,355,354,1,right,left,1
images/000364.jpg,0.6666666666666666,0.5,opencv,1777621339.6826043,1,1,locked_only_right_hard,-64,-0.26666666666666666,176,-1,353,354,1,right,left,1
images/000365.jpg,0.3958333333333333,0.5,opencv,1777621339.826676,1,1,locked_only_right_hard,-38,-0.15833333333333333,202,25,379,354,1,right,left,1
images/000366.jpg,0.2916666666666667,0.5,opencv,1777621339.9700923,1,1,locked_only_right_hard,-28,-0.11666666666666667,212,35,389,354,1,right,left,1
images/000367.jpg,0.3229166666666667,0.5,opencv,1777621340.111046,1,1,locked_only_right_hard,-31,-0.12916666666666668,209,32,386,354,1,right,left,1
images/000368.jpg,0.5,0.5,opencv,1777621340.25461,1,1,locked_only_right_hard,-48,-0.2,192,15,369,354,1,right,left,1
images/000369.jpg,0.6666666666666666,0.5,opencv,1777621340.3994558,1,1,locked_only_right_hard,-64,-0.26666666666666666,176,-1,353,354,1,right,left,2
images/000370.jpg,0.6458333333333334,0.5,opencv,1777621340.5408018,1,1,locked_only_right_hard,-62,-0.25833333333333336,178,1,355,354,1,right,left,2
images/000371.jpg,0.59375,0.5,opencv,1777621340.683789,1,1,locked_only_right_hard,-57,-0.2375,183,6,360,354,1,right,left,2
images/000372.jpg,0.4479166666666667,0.5,opencv,1777621340.8254907,1,1,locked_only_right_hard,-43,-0.17916666666666667,197,20,374,354,1,right,left,1
images/000373.jpg,0.2604166666666667,0.5,opencv,1777621340.9733136,1,1,locked_only_right_hard,-25,-0.10416666666666667,215,38,392,354,1,right,left,1
images/000374.jpg,0.28125,0.5,opencv,1777621341.1153219,1,1,locked_only_right_hard,-27,-0.1125,213,36,390,354,1,right,left,1
images/000375.jpg,0.4583333333333333,0.5,opencv,1777621341.256924,1,1,locked_only_right_hard,-44,-0.18333333333333332,196,19,373,354,1,right,left,1
images/000376.jpg,0.71875,0.5,opencv,1777621341.3996134,1,1,locked_only_right_hard,-69,-0.2875,171,-6,348,354,1,right,left,1
images/000377.jpg,0.9791666666666666,0.47,opencv,1777621341.5426023,1,1,locked_only_right_hard,-94,-0.39166666666666666,146,-31,323,354,1,right,left,1
images/000378.jpg,0.8541666666666667,0.47,opencv,1777621341.6863422,1,1,locked_only_right_hard,-82,-0.3416666666666667,158,-19,335,354,1,right,left,1
images/000379.jpg,0.5625,0.5,opencv,1777621341.8284354,1,1,locked_only_right_hard,-54,-0.225,186,9,363,354,1,right,left,1
images/000380.jpg,0.36458333333333337,0.5,opencv,1777621341.9703193,1,1,locked_both_hard,-35,-0.14583333333333334,205,19,391,360,1,both,none,2
images/000381.jpg,0.09375,0.5,opencv,1777621342.1160479,1,1,locked_both_hard,-9,-0.0375,231,48,414,362,1,both,none,2
images/000382.jpg,-0.10416666666666666,0.5,opencv,1777621342.2566772,1,1,locked_both_hard,10,0.041666666666666664,250,73,427,358,1,both,none,2
images/000383.jpg,-0.14583333333333334,0.5,opencv,1777621342.4005072,1,1,locked_both_hard,14,0.058333333333333334,254,78,430,356,1,both,none,2
images/000384.jpg,-0.27083333333333337,0.5,opencv,1777621342.5440009,1,1,locked_both_hard,26,0.10833333333333334,266,96,436,349,1,both,none,2
images/000385.jpg,-0.28125,0.5,opencv,1777621342.6862218,1,1,locked_both_hard,27,0.1125,267,95,440,346,1,both,none,2
images/000386.jpg,-0.09375,0.5,opencv,1777621342.8293378,1,1,locked_both_hard,9,0.0375,249,73,425,348,1,both,none,2
images/000387.jpg,0.010416666666666666,0.5,opencv,1777621342.9713364,1,1,locked_both_hard,-1,-0.004166666666666667,239,64,414,348,1,both,none,2
images/000388.jpg,-0.03125,0.5,opencv,1777621343.11608,1,1,locked_both_hard,3,0.0125,243,62,425,351,1,both,none,2
images/000389.jpg,0.05208333333333333,0.5,opencv,1777621343.2586381,1,1,locked_both_hard,-5,-0.020833333333333332,235,48,423,359,1,both,none,2
images/000390.jpg,0.16666666666666666,0.5,opencv,1777621343.4000149,1,1,locked_both_hard,-16,-0.06666666666666667,224,34,415,366,1,both,none,2
images/000391.jpg,0.3229166666666667,0.5,opencv,1777621343.5433125,1,1,locked_both_hard,-31,-0.12916666666666668,209,12,406,374,1,both,none,2
images/000392.jpg,0.42708333333333337,0.5,opencv,1777621343.6853416,1,1,locked_only_right_hard,-41,-0.17083333333333334,199,12,386,374,1,right,left,1
images/000393.jpg,0.5208333333333334,0.5,opencv,1777621343.8286464,1,1,locked_only_right_hard,-50,-0.20833333333333334,190,3,377,374,1,right,left,1
images/000394.jpg,0.53125,0.5,opencv,1777621343.9715052,1,1,locked_only_right_hard,-51,-0.2125,189,2,376,374,1,right,left,1
images/000395.jpg,0.65625,0.5,opencv,1777621344.1130967,1,1,locked_only_right_hard,-63,-0.2625,177,-10,364,374,1,right,left,1
images/000396.jpg,0.75,0.5,opencv,1777621344.2562757,1,1,locked_only_right_hard,-72,-0.3,168,-19,355,374,1,right,left,3
images/000397.jpg,1.0,0.47,opencv,1777621344.398185,1,1,locked_only_right_hard,-129,-0.5375,111,-76,298,374,1,right,left,1
images/000398.jpg,1.0,0.47,opencv,1777621344.539259,1,1,locked_only_right_hard,-112,-0.4666666666666667,128,-59,315,374,1,right,left,2
images/000399.jpg,0.8958333333333334,0.47,opencv,1777621344.6818628,1,1,locked_only_right_hard,-86,-0.35833333333333334,154,-33,341,374,1,right,left,2
images/000400.jpg,0.4895833333333333,0.5,opencv,1777621344.8228424,1,1,locked_only_right_hard,-47,-0.19583333333333333,193,6,380,374,1,right,left,1
images/000401.jpg,0.4791666666666667,0.5,opencv,1777621344.9665065,1,1,locked_only_right_hard,-46,-0.19166666666666668,194,7,381,374,1,right,left,2
images/000402.jpg,0.375,0.5,opencv,1777621345.1085749,1,1,locked_both_hard,-36,-0.15,204,15,394,375,1,both,none,2
images/000403.jpg,0.27083333333333337,0.5,opencv,1777621345.253372,1,1,locked_both_hard,-26,-0.10833333333333334,214,20,408,380,1,both,none,2
images/000404.jpg,0.2604166666666667,0.5,opencv,1777621345.3966758,1,1,locked_both_hard,-25,-0.10416666666666667,215,22,408,380,1,both,none,2
images/000405.jpg,0.3229166666666667,0.5,opencv,1777621345.5389931,1,1,locked_both_hard,-31,-0.12916666666666668,209,21,398,381,1,both,none,2
images/000406.jpg,0.36458333333333337,0.5,opencv,1777621345.6834166,1,1,locked_both_hard,-35,-0.14583333333333334,205,15,396,380,1,both,none,2
images/000407.jpg,0.4479166666666667,0.5,opencv,1777621345.82603,1,1,locked_only_right_hard,-43,-0.17916666666666667,197,7,387,380,1,right,left,1
images/000408.jpg,0.625,0.5,opencv,1777621345.9679153,1,1,locked_only_right_hard,-60,-0.25,180,-10,370,380,1,right,left,1
images/000409.jpg,0.41666666666666663,0.5,opencv,1777621346.1125631,1,1,locked_only_right_hard,-40,-0.16666666666666666,200,10,390,380,1,right,left,1
images/000410.jpg,0.5833333333333334,0.5,opencv,1777621346.254746,1,1,locked_both_hard,-56,-0.23333333333333334,184,15,353,372,1,both,none,2
images/000411.jpg,0.5833333333333334,0.5,opencv,1777621346.3981044,1,1,locked_both_hard,-56,-0.23333333333333334,184,21,347,354,1,both,none,2
images/000412.jpg,0.5625,0.5,opencv,1777621346.5402584,1,1,locked_both_hard,-54,-0.225,186,24,348,342,1,both,none,2
images/000413.jpg,0.3125,0.5,opencv,1777621346.682772,1,1,locked_both_hard,-30,-0.125,210,43,378,338,1,both,none,2
images/000414.jpg,-0.0625,0.5,opencv,1777621346.8268058,1,1,locked_both_hard,6,0.025,246,67,426,345,1,both,none,2
images/000415.jpg,-0.34375,0.5,opencv,1777621346.9688752,1,1,locked_both_hard,33,0.1375,273,103,443,344,1,both,none,2
images/000416.jpg,-0.46875,0.5,opencv,1777621347.1122859,1,1,locked_both_hard,45,0.1875,285,125,446,336,1,both,none,2
images/000417.jpg,-0.4479166666666667,0.5,opencv,1777621347.2554488,1,1,locked_both_hard,43,0.17916666666666667,283,124,442,329,1,both,none,2
images/000418.jpg,-0.27083333333333337,0.5,opencv,1777621347.3966796,1,1,locked_both_hard,26,0.10833333333333334,266,101,432,328,1,both,none,2
images/000419.jpg,-0.020833333333333332,0.5,opencv,1777621347.5403118,1,1,locked_both_hard,2,0.008333333333333333,242,65,419,335,1,both,none,3
images/000420.jpg,0.19791666666666666,0.5,opencv,1777621347.682315,1,1,locked_both_hard,-19,-0.07916666666666666,221,32,411,349,1,both,none,2
images/000421.jpg,0.4375,0.5,opencv,1777621347.8270206,1,1,locked_both_hard,-42,-0.175,198,14,382,356,1,both,none,3
images/000422.jpg,0.4791666666666667,0.5,opencv,1777621347.9704137,1,1,locked_only_right_hard,-46,-0.19166666666666668,194,16,372,356,1,right,left,2
images/000423.jpg,0.5208333333333334,0.5,opencv,1777621348.1117544,1,1,locked_only_right_hard,-50,-0.20833333333333334,190,12,368,356,1,right,left,1
images/000424.jpg,0.5520833333333333,0.5,opencv,1777621348.2562869,1,1,locked_only_right_hard,-53,-0.22083333333333333,187,9,365,356,1,right,left,1
images/000425.jpg,0.3958333333333333,0.5,opencv,1777621348.3993983,1,1,locked_only_right_hard,-38,-0.15833333333333333,202,24,380,356,1,right,left,1
images/000426.jpg,0.3333333333333333,0.5,opencv,1777621348.5402071,1,1,locked_only_right_hard,-32,-0.13333333333333333,208,30,386,356,1,right,left,1
images/000427.jpg,0.4791666666666667,0.5,opencv,1777621348.6832294,1,1,locked_only_right_hard,-46,-0.19166666666666668,194,16,372,356,1,right,left,1
images/000428.jpg,0.65625,0.5,opencv,1777621348.8250213,1,1,locked_only_right_hard,-63,-0.2625,177,-1,355,356,1,right,left,2
images/000429.jpg,0.5729166666666666,0.5,opencv,1777621348.9693837,1,1,locked_only_right_hard,-55,-0.22916666666666666,185,7,363,356,1,right,left,2
images/000430.jpg,0.6354166666666666,0.5,opencv,1777621349.111424,1,1,locked_only_right_hard,-61,-0.25416666666666665,179,1,357,356,1,right,left,2
images/000431.jpg,0.5,0.5,opencv,1777621349.2526717,1,1,locked_only_right_hard,-48,-0.2,192,14,370,356,1,right,left,1
images/000432.jpg,0.2604166666666667,0.5,opencv,1777621349.3964808,1,1,locked_only_right_hard,-25,-0.10416666666666667,215,37,393,356,1,right,left,1
images/000433.jpg,0.2604166666666667,0.5,opencv,1777621349.53792,1,1,locked_only_right_hard,-25,-0.10416666666666667,215,37,393,356,1,right,left,1
images/000434.jpg,0.34375,0.5,opencv,1777621349.6854014,1,1,locked_only_right_hard,-33,-0.1375,207,29,385,356,1,right,left,1
images/000435.jpg,0.5104166666666666,0.5,opencv,1777621349.8273828,1,1,locked_only_right_hard,-49,-0.20416666666666666,191,13,369,356,1,right,left,1
images/000436.jpg,0.8229166666666666,0.47,opencv,1777621349.9711695,1,1,locked_only_right_hard,-79,-0.32916666666666666,161,-17,339,356,1,right,left,1
images/000437.jpg,0.8229166666666666,0.47,opencv,1777621350.116342,1,1,locked_only_right_hard,-79,-0.32916666666666666,161,-17,339,356,1,right,left,1
images/000438.jpg,0.6458333333333334,0.5,opencv,1777621350.258215,1,1,locked_only_right_hard,-62,-0.25833333333333336,178,0,356,356,1,right,left,1
images/000439.jpg,0.4375,0.5,opencv,1777621350.4027956,1,1,locked_both_hard,-42,-0.175,198,12,384,359,1,both,none,2
images/000440.jpg,0.1875,0.5,opencv,1777621350.5456555,1,1,locked_both_hard,-18,-0.075,222,38,407,361,1,both,none,2
images/000441.jpg,-0.010416666666666666,0.5,opencv,1777621350.6861353,1,1,locked_both_hard,1,0.004166666666666667,241,61,421,360,1,both,none,2
images/000442.jpg,-0.09375,0.5,opencv,1777621350.8319538,1,1,locked_both_hard,9,0.0375,249,70,428,359,1,both,none,2
images/000443.jpg,-0.25,0.5,opencv,1777621350.973568,1,1,locked_both_hard,24,0.1,264,94,435,353,1,both,none,2
images/000444.jpg,-0.3229166666666667,0.5,opencv,1777621351.1188383,1,1,locked_both_hard,31,0.12916666666666668,271,102,440,348,1,both,none,2
images/000445.jpg,-0.17708333333333331,0.5,opencv,1777621351.2613003,1,1,locked_both_hard,17,0.07083333333333333,257,85,429,347,1,both,none,2
images/000446.jpg,-0.07291666666666667,0.5,opencv,1777621351.405557,1,1,locked_both_hard,7,0.029166666666666667,247,75,420,345,1,both,none,2
images/000447.jpg,-0.08333333333333333,0.5,opencv,1777621351.5487752,1,1,locked_both_hard,8,0.03333333333333333,248,70,427,348,1,both,none,2
images/000448.jpg,0.041666666666666664,0.5,opencv,1777621351.689958,1,1,locked_both_hard,-4,-0.016666666666666666,236,49,424,356,1,both,none,2
images/000449.jpg,0.17708333333333331,0.5,opencv,1777621351.8333533,1,1,locked_both_hard,-17,-0.07083333333333333,223,31,415,366,1,both,none,2
images/000450.jpg,0.3333333333333333,0.5,opencv,1777621351.974917,1,1,locked_both_hard,-32,-0.13333333333333333,208,11,405,374,1,both,none,2
images/000451.jpg,0.4375,0.5,opencv,1777621352.1188293,1,1,locked_only_right_hard,-42,-0.175,198,11,385,374,1,right,left,1
images/000452.jpg,0.5208333333333334,0.5,opencv,1777621352.262012,1,1,locked_only_right_hard,-50,-0.20833333333333334,190,3,377,374,1,right,left,1
images/000453.jpg,0.5104166666666666,0.5,opencv,1777621352.4031014,1,1,locked_only_right_hard,-49,-0.20416666666666666,191,4,378,374,1,right,left,1
images/000454.jpg,0.42708333333333337,0.5,opencv,1777621352.5462976,1,1,locked_only_right_hard,-41,-0.17083333333333334,199,12,386,374,1,right,left,1
images/000455.jpg,0.10416666666666666,0.5,opencv,1777621352.690112,1,1,locked_only_right_hard,-10,-0.041666666666666664,230,43,417,374,1,right,left,3
images/000456.jpg,0.7291666666666667,0.5,opencv,1777621352.8341205,1,1,locked_only_right_hard,-70,-0.2916666666666667,170,-17,357,374,1,right,left,2
images/000457.jpg,1.0,0.47,opencv,1777621352.9769886,1,1,locked_only_right_hard,-130,-0.5416666666666666,110,-77,297,374,1,right,left,1
images/000458.jpg,1.0,0.47,opencv,1777621353.1180775,1,1,locked_only_right_hard,-114,-0.475,126,-61,313,374,1,right,left,1
images/000459.jpg,1.0,0.47,opencv,1777621353.2609708,1,1,locked_only_right_hard,-106,-0.44166666666666665,134,-53,321,374,1,right,left,1
images/000460.jpg,0.9166666666666666,0.47,opencv,1777621353.4036183,1,1,locked_only_right_hard,-88,-0.36666666666666664,152,-35,339,374,1,right,left,1
images/000461.jpg,0.53125,0.5,opencv,1777621353.5449426,1,1,locked_only_right_hard,-51,-0.2125,189,2,376,374,1,right,left,1
images/000462.jpg,0.53125,0.5,opencv,1777621353.6877353,1,1,locked_only_right_hard,-51,-0.2125,189,2,376,374,1,right,left,1
images/000463.jpg,0.27083333333333337,0.5,opencv,1777621353.8317506,1,1,locked_both_hard,-26,-0.10833333333333334,214,23,406,375,1,both,none,2
images/000464.jpg,0.25,0.5,opencv,1777621353.975242,1,1,locked_both_hard,-24,-0.1,216,28,404,376,1,both,none,2
images/000465.jpg,0.23958333333333334,0.5,opencv,1777621354.1166823,1,1,locked_both_hard,-23,-0.09583333333333334,217,27,407,376,1,both,none,2
images/000466.jpg,0.22916666666666666,0.5,opencv,1777621354.2604678,1,1,locked_both_hard,-22,-0.09166666666666666,218,23,414,380,1,both,none,2
images/000467.jpg,0.3958333333333333,0.5,opencv,1777621354.4025636,1,1,locked_both_hard,-38,-0.15833333333333333,202,19,385,377,1,both,none,2
images/000468.jpg,0.4375,0.5,opencv,1777621354.5444837,1,1,locked_both_hard,-42,-0.175,198,15,382,371,1,both,none,2
images/000469.jpg,0.3020833333333333,0.5,opencv,1777621354.6883302,1,1,locked_both_hard,-29,-0.12083333333333333,211,13,410,378,1,both,none,3
images/000470.jpg,0.6979166666666667,0.5,opencv,1777621354.831017,1,1,locked_both_hard,-67,-0.2791666666666667,173,16,330,357,1,both,none,2
images/000471.jpg,1.0,0.47,opencv,1777621354.9729865,1,1,locked_only_right_hard,-101,-0.42083333333333334,139,-40,317,357,1,right,left,1
images/000472.jpg,0.6354166666666666,0.5,opencv,1777621355.1154282,1,1,locked_both_hard,-61,-0.25416666666666665,179,28,331,337,1,both,none,2
images/000473.jpg,0.2604166666666667,0.5,opencv,1777621355.2580252,1,1,locked_both_hard,-25,-0.10416666666666667,215,44,386,337,1,both,none,2
images/000474.jpg,-0.08333333333333333,0.5,opencv,1777621355.4014127,1,1,locked_both_hard,8,0.03333333333333333,248,69,428,343,1,both,none,2
images/000475.jpg,-0.3333333333333333,0.5,opencv,1777621355.5433064,1,1,locked_both_hard,32,0.13333333333333333,272,101,444,344,1,both,none,2
images/000476.jpg,-0.4895833333333333,0.5,opencv,1777621355.6851237,1,1,locked_both_hard,47,0.19583333333333333,287,127,447,336,1,both,none,2
images/000477.jpg,-0.5,0.5,opencv,1777621355.8285706,1,1,locked_both_hard,48,0.2,288,131,445,328,1,both,none,2
images/000478.jpg,-0.3229166666666667,0.5,opencv,1777621355.9707186,1,1,locked_both_hard,31,0.12916666666666668,271,107,436,326,1,both,none,2
images/000479.jpg,-0.07291666666666667,0.5,opencv,1777621356.1123068,1,1,locked_both_hard,7,0.029166666666666667,247,72,423,333,1,both,none,2
images/000480.jpg,0.16666666666666666,0.5,opencv,1777621356.2530737,1,1,locked_both_hard,-16,-0.06666666666666667,224,34,414,348,1,both,none,2
images/000481.jpg,0.3854166666666667,0.5,opencv,1777621356.394146,1,1,locked_both_hard,-37,-0.15416666666666667,203,16,390,357,1,both,none,3
images/000482.jpg,0.4375,0.5,opencv,1777621356.5387154,1,1,locked_only_right_hard,-42,-0.175,198,19,376,357,1,right,left,2
images/000483.jpg,0.5208333333333334,0.5,opencv,1777621356.6811821,1,1,locked_only_right_hard,-50,-0.20833333333333334,190,11,368,357,1,right,left,1
images/000484.jpg,0.59375,0.5,opencv,1777621356.8238306,1,1,locked_only_right_hard,-57,-0.2375,183,4,361,357,1,right,left,1
images/000485.jpg,0.46875,0.5,opencv,1777621356.9678197,1,1,locked_only_right_hard,-45,-0.1875,195,16,373,357,1,right,left,1
images/000486.jpg,0.46875,0.5,opencv,1777621357.108371,1,1,locked_only_right_hard,-45,-0.1875,195,16,373,357,1,right,left,1
images/000487.jpg,0.46875,0.5,opencv,1777621357.2526243,1,1,locked_only_right_hard,-45,-0.1875,195,16,373,357,1,right,left,1
images/000488.jpg,0.5520833333333333,0.5,opencv,1777621357.3948205,1,1,locked_only_right_hard,-53,-0.22083333333333333,187,8,365,357,1,right,left,1
images/000489.jpg,0.5104166666666666,0.5,opencv,1777621357.5364237,1,1,locked_only_right_hard,-49,-0.20416666666666666,191,12,369,357,1,right,left,2
images/000490.jpg,0.5625,0.5,opencv,1777621357.6810193,1,1,locked_only_right_hard,-54,-0.225,186,7,364,357,1,right,left,2
images/000491.jpg,0.4583333333333333,0.5,opencv,1777621357.8227613,1,1,locked_only_right_hard,-44,-0.18333333333333332,196,17,374,357,1,right,left,1
images/000492.jpg,0.41666666666666663,0.5,opencv,1777621357.9670064,1,1,locked_only_right_hard,-40,-0.16666666666666666,200,21,378,357,1,right,left,1
images/000493.jpg,0.4479166666666667,0.5,opencv,1777621358.108797,1,1,locked_only_right_hard,-43,-0.17916666666666667,197,18,375,357,1,right,left,1
images/000494.jpg,0.5,0.5,opencv,1777621358.2506034,1,1,locked_only_right_hard,-48,-0.2,192,13,370,357,1,right,left,1
images/000495.jpg,0.6041666666666666,0.5,opencv,1777621358.3946116,1,1,locked_only_right_hard,-58,-0.24166666666666667,182,3,360,357,1,right,left,1
images/000496.jpg,0.6875,0.5,opencv,1777621358.5361855,1,1,locked_only_right_hard,-66,-0.275,174,-5,352,357,1,right,left,1
images/000497.jpg,0.5729166666666666,0.5,opencv,1777621358.6841912,1,1,locked_only_right_hard,-55,-0.22916666666666666,185,6,363,357,1,right,left,1
images/000498.jpg,0.3854166666666667,0.5,opencv,1777621358.8260636,1,1,locked_only_right_hard,-37,-0.15416666666666667,203,24,381,357,1,right,left,1
images/000499.jpg,0.28125,0.5,opencv,1777621358.969054,1,1,locked_both_hard,-27,-0.1125,213,22,404,364,1,both,none,2
images/000500.jpg,0.14583333333333334,0.5,opencv,1777621359.1138117,1,1,locked_both_hard,-14,-0.058333333333333334,226,42,411,365,1,both,none,2
images/000501.jpg,0.03125,0.5,opencv,1777621359.255723,1,1,locked_both_hard,-3,-0.0125,237,56,418,364,1,both,none,2
images/000502.jpg,-0.020833333333333332,0.5,opencv,1777621359.4033632,1,1,locked_both_hard,2,0.008333333333333333,242,64,420,362,1,both,none,2
images/000503.jpg,-0.17708333333333331,0.5,opencv,1777621359.5453782,1,1,locked_both_hard,17,0.07083333333333333,257,82,432,357,1,both,none,2
images/000504.jpg,-0.22916666666666666,0.5,opencv,1777621359.686759,1,1,locked_both_hard,22,0.09166666666666666,262,88,436,352,1,both,none,2
images/000505.jpg,-0.11458333333333333,0.5,opencv,1777621359.8299072,1,1,locked_both_hard,11,0.04583333333333333,251,78,424,349,1,both,none,2
images/000506.jpg,-0.0625,0.5,opencv,1777621359.9708645,1,1,locked_both_hard,6,0.025,246,73,419,347,1,both,none,2
images/000507.jpg,-0.08333333333333333,0.5,opencv,1777621360.1143465,1,1,locked_both_hard,8,0.03333333333333333,248,67,430,351,1,both,none,2
images/000508.jpg,0.0625,0.5,opencv,1777621360.2574089,1,1,locked_both_hard,-6,-0.025,234,44,424,359,1,both,none,2
images/000509.jpg,0.19791666666666666,0.5,opencv,1777621360.3994133,1,1,locked_both_hard,-19,-0.07916666666666666,221,30,412,367,1,both,none,2
images/000510.jpg,0.34375,0.5,opencv,1777621360.5435255,1,1,locked_both_hard,-33,-0.1375,207,11,403,375,1,both,none,2
images/000511.jpg,0.40625,0.5,opencv,1777621360.6857116,1,1,locked_only_right_hard,-39,-0.1625,201,13,388,375,1,right,left,1
images/000512.jpg,0.4583333333333333,0.5,opencv,1777621360.8292189,1,1,locked_only_right_hard,-44,-0.18333333333333332,196,8,383,375,1,right,left,1
images/000513.jpg,0.4479166666666667,0.5,opencv,1777621360.9712074,1,1,locked_only_right_hard,-43,-0.17916666666666667,197,9,384,375,1,right,left,1
images/000514.jpg,0.46875,0.5,opencv,1777621361.112796,1,1,locked_only_right_hard,-45,-0.1875,195,7,382,375,1,right,left,1
images/000515.jpg,0.19791666666666666,0.5,opencv,1777621361.259145,1,1,locked_only_right_hard,-19,-0.07916666666666666,221,33,408,375,1,right,left,3
images/000516.jpg,0.7083333333333333,0.5,opencv,1777621361.400369,1,1,locked_only_right_hard,-68,-0.2833333333333333,172,-16,359,375,1,right,left,2
images/000517.jpg,1.0,0.47,opencv,1777621361.5441144,1,1,locked_only_right_hard,-123,-0.5125,117,-71,304,375,1,right,left,1
images/000518.jpg,1.0,0.47,opencv,1777621361.6873345,1,1,locked_only_right_hard,-100,-0.4166666666666667,140,-48,327,375,1,right,left,1
images/000519.jpg,0.7916666666666666,0.47,opencv,1777621361.8286707,1,1,locked_only_right_hard,-76,-0.31666666666666665,164,-24,351,375,1,right,left,1
images/000520.jpg,0.6979166666666667,0.5,opencv,1777621361.9742284,1,1,locked_only_right_hard,-67,-0.2791666666666667,173,-15,360,375,1,right,left,1
images/000521.jpg,0.41666666666666663,0.5,opencv,1777621362.1153753,1,1,locked_only_right_hard,-40,-0.16666666666666666,200,12,387,375,1,right,left,1
images/000522.jpg,0.2916666666666667,0.5,opencv,1777621362.258739,1,1,locked_both_hard,-28,-0.11666666666666667,212,23,402,375,1,both,none,2
images/000523.jpg,0.27083333333333337,0.5,opencv,1777621362.4007318,1,1,locked_both_hard,-26,-0.10833333333333334,214,25,403,376,1,both,none,2
images/000524.jpg,0.23958333333333334,0.5,opencv,1777621362.5421972,1,1,locked_both_hard,-23,-0.09583333333333334,217,27,408,377,1,both,none,2
images/000525.jpg,0.25,0.5,opencv,1777621362.6854799,1,1,locked_both_hard,-24,-0.1,216,22,411,379,1,both,none,2
images/000526.jpg,0.3333333333333333,0.5,opencv,1777621362.829832,1,1,locked_both_hard,-32,-0.13333333333333333,208,18,398,380,1,both,none,2
images/000527.jpg,0.4791666666666667,0.5,opencv,1777621362.9742613,1,1,locked_both_hard,-46,-0.19166666666666668,194,15,374,373,1,both,none,2
images/000528.jpg,0.40625,0.5,opencv,1777621363.1193213,1,1,locked_both_hard,-39,-0.1625,201,11,392,373,1,both,none,2
images/000529.jpg,0.71875,0.5,opencv,1777621363.2607212,1,1,locked_both_hard,-69,-0.2875,171,15,328,364,1,both,none,2
images/000530.jpg,0.7708333333333334,0.47,opencv,1777621363.4046528,1,1,locked_both_hard,-74,-0.30833333333333335,166,15,318,343,1,both,none,2
images/000531.jpg,0.6666666666666666,0.5,opencv,1777621363.5474284,1,1,locked_both_hard,-64,-0.26666666666666666,176,25,328,328,1,both,none,2
images/000532.jpg,0.35416666666666663,0.5,opencv,1777621363.6908057,1,1,locked_both_hard,-34,-0.14166666666666666,206,41,372,327,1,both,none,2
images/000533.jpg,-0.03125,0.5,opencv,1777621363.8338842,1,1,locked_both_hard,3,0.0125,243,64,423,337,1,both,none,2
images/000534.jpg,-0.3125,0.5,opencv,1777621363.9756763,1,1,locked_both_hard,30,0.125,270,98,443,341,1,both,none,2
images/000535.jpg,-0.4895833333333333,0.5,opencv,1777621364.1213,1,1,locked_both_hard,47,0.19583333333333333,287,127,448,335,1,both,none,2
images/000536.jpg,-0.5104166666666666,0.5,opencv,1777621364.26278,1,1,locked_both_hard,49,0.20416666666666666,289,133,446,326,1,both,none,2
images/000537.jpg,-0.34375,0.5,opencv,1777621364.4064422,1,1,locked_both_hard,33,0.1375,273,110,436,325,1,both,none,2
images/000538.jpg,-0.0625,0.5,opencv,1777621364.5490055,1,1,locked_both_hard,6,0.025,246,71,422,332,1,both,none,2
images/000539.jpg,0.16666666666666666,0.5,opencv,1777621364.6913104,1,1,locked_both_hard,-16,-0.06666666666666667,224,35,413,346,1,both,none,2
images/000540.jpg,0.3958333333333333,0.5,opencv,1777621364.8364465,1,1,locked_both_hard,-38,-0.15833333333333333,202,15,390,356,1,both,none,3
images/000541.jpg,0.4791666666666667,0.5,opencv,1777621364.9779558,1,1,locked_only_right_hard,-46,-0.19166666666666668,194,16,372,356,1,right,left,2
images/000542.jpg,0.5416666666666667,0.5,opencv,1777621365.1213338,1,1,locked_only_right_hard,-52,-0.21666666666666667,188,10,366,356,1,right,left,1
images/000543.jpg,0.5833333333333334,0.5,opencv,1777621365.2640436,1,1,locked_only_right_hard,-56,-0.23333333333333334,184,6,362,356,1,right,left,1
images/000544.jpg,0.40625,0.5,opencv,1777621365.4060187,1,1,locked_only_right_hard,-39,-0.1625,201,23,379,356,1,right,left,1
images/000545.jpg,0.34375,0.5,opencv,1777621365.5499847,1,1,locked_only_right_hard,-33,-0.1375,207,29,385,356,1,right,left,1
images/000546.jpg,0.4791666666666667,0.5,opencv,1777621365.6922996,1,1,locked_only_right_hard,-46,-0.19166666666666668,194,16,372,356,1,right,left,1
images/000547.jpg,0.7083333333333333,0.5,opencv,1777621365.8355842,1,1,locked_only_right_hard,-68,-0.2833333333333333,172,-6,350,356,1,right,left,2
images/000548.jpg,0.5625,0.5,opencv,1777621365.9774606,1,1,locked_only_right_hard,-54,-0.225,186,8,364,356,1,right,left,2
images/000549.jpg,0.5625,0.5,opencv,1777621366.1221268,1,1,locked_only_right_hard,-54,-0.225,186,8,364,356,1,right,left,2
images/000550.jpg,0.4479166666666667,0.5,opencv,1777621366.2665818,1,1,locked_only_right_hard,-43,-0.17916666666666667,197,19,375,356,1,right,left,1
images/000551.jpg,0.3333333333333333,0.5,opencv,1777621366.4087708,1,1,locked_only_right_hard,-32,-0.13333333333333333,208,30,386,356,1,right,left,1
images/000552.jpg,0.35416666666666663,0.5,opencv,1777621366.5557125,1,1,locked_only_right_hard,-34,-0.14166666666666666,206,28,384,356,1,right,left,1
images/000553.jpg,0.3854166666666667,0.5,opencv,1777621366.6977654,1,1,locked_only_right_hard,-37,-0.15416666666666667,203,25,381,356,1,right,left,1
images/000554.jpg,0.625,0.5,opencv,1777621366.8406317,1,1,locked_only_right_hard,-60,-0.25,180,2,358,356,1,right,left,1
images/000555.jpg,0.8229166666666666,0.47,opencv,1777621366.983864,1,1,locked_only_right_hard,-79,-0.32916666666666666,161,-17,339,356,1,right,left,1
images/000556.jpg,0.7083333333333333,0.5,opencv,1777621367.1267374,1,1,locked_only_right_hard,-68,-0.2833333333333333,172,-6,350,356,1,right,left,1
images/000557.jpg,0.5520833333333333,0.5,opencv,1777621367.2737176,1,1,locked_only_right_hard,-53,-0.22083333333333333,187,9,365,356,1,right,left,1
images/000558.jpg,0.3333333333333333,0.5,opencv,1777621367.4158604,1,1,locked_both_hard,-32,-0.13333333333333333,208,20,397,362,1,both,none,2
images/000559.jpg,0.15625,0.5,opencv,1777621367.5574288,1,1,locked_both_hard,-15,-0.0625,225,41,410,364,1,both,none,2
images/000560.jpg,0.010416666666666666,0.5,opencv,1777621367.6984556,1,1,locked_both_hard,-1,-0.004166666666666667,239,59,419,363,1,both,none,2
images/000561.jpg,-0.07291666666666667,0.5,opencv,1777621367.8393476,1,1,locked_both_hard,7,0.029166666666666667,247,66,428,362,1,both,none,2
images/000562.jpg,-0.19791666666666666,0.5,opencv,1777621367.9838858,1,1,locked_both_hard,19,0.07916666666666666,259,88,431,355,1,both,none,2
images/000563.jpg,-0.22916666666666666,0.5,opencv,1777621368.1261432,1,1,locked_both_hard,22,0.09166666666666666,262,90,434,351,1,both,none,2
images/000564.jpg,-0.13541666666666669,0.5,opencv,1777621368.2676046,1,1,locked_both_hard,13,0.05416666666666667,253,80,426,350,1,both,none,2
images/000565.jpg,-0.05208333333333333,0.5,opencv,1777621368.4106522,1,1,locked_both_hard,5,0.020833333333333332,245,71,420,348,1,both,none,2
images/000566.jpg,-0.09375,0.5,opencv,1777621368.552369,1,1,locked_both_hard,9,0.0375,249,73,425,348,1,both,none,2
images/000567.jpg,-0.0,0.5,opencv,1777621368.6961389,1,1,locked_both_hard,0,0.0,240,56,425,354,1,both,none,2
images/000568.jpg,0.14583333333333334,0.5,opencv,1777621368.8384678,1,1,locked_both_hard,-14,-0.058333333333333334,226,34,419,361,1,both,none,2
images/000569.jpg,0.35416666666666663,0.5,opencv,1777621368.9794981,1,1,locked_both_hard,-34,-0.14166666666666666,206,12,401,370,1,both,none,2
images/000570.jpg,0.4375,0.5,opencv,1777621369.122936,1,1,locked_only_right_hard,-42,-0.175,198,13,383,370,1,right,left,1
images/000571.jpg,0.5208333333333334,0.5,opencv,1777621369.266662,1,1,locked_only_right_hard,-50,-0.20833333333333334,190,5,375,370,1,right,left,1
images/000572.jpg,0.5625,0.5,opencv,1777621369.408014,1,1,locked_only_right_hard,-54,-0.225,186,1,371,370,1,right,left,1
images/000573.jpg,0.5729166666666666,0.5,opencv,1777621369.5509326,1,1,locked_only_right_hard,-55,-0.22916666666666666,185,0,370,370,1,right,left,1
images/000574.jpg,0.41666666666666663,0.5,opencv,1777621369.6919653,1,1,locked_only_right_hard,-40,-0.16666666666666666,200,15,385,370,1,right,left,2
images/000575.jpg,0.6041666666666666,0.5,opencv,1777621369.83557,1,1,locked_only_right_hard,-58,-0.24166666666666667,182,-3,367,370,1,right,left,2
images/000576.jpg,1.0,0.47,opencv,1777621369.978486,1,1,locked_only_right_hard,-120,-0.5,120,-65,305,370,1,right,left,1
images/000577.jpg,1.0,0.47,opencv,1777621370.1198227,1,1,locked_only_right_hard,-114,-0.475,126,-59,311,370,1,right,left,2
images/000578.jpg,0.6979166666666667,0.5,opencv,1777621370.2636957,1,1,locked_only_right_hard,-67,-0.2791666666666667,173,-12,358,370,1,right,left,1
images/000579.jpg,0.40625,0.5,opencv,1777621370.4057217,1,1,locked_only_right_hard,-39,-0.1625,201,16,386,370,1,right,left,1
images/000580.jpg,0.36458333333333337,0.5,opencv,1777621370.5473056,1,1,locked_both_hard,-35,-0.14583333333333334,205,14,396,372,1,both,none,2
images/000581.jpg,0.35416666666666663,0.5,opencv,1777621370.6899226,1,1,locked_both_hard,-34,-0.14166666666666666,206,19,394,375,1,both,none,2
images/000582.jpg,0.2604166666666667,0.5,opencv,1777621370.8311288,1,1,locked_both_hard,-25,-0.10416666666666667,215,21,409,377,1,both,none,2
images/000583.jpg,0.3125,0.5,opencv,1777621370.9746764,1,1,locked_both_hard,-30,-0.125,210,22,399,377,1,both,none,2
images/000584.jpg,0.3125,0.5,opencv,1777621371.1170301,1,1,locked_both_hard,-30,-0.125,210,19,401,378,1,both,none,2
images/000585.jpg,0.3958333333333333,0.5,opencv,1777621371.2588823,1,1,locked_both_hard,-38,-0.15833333333333333,202,14,390,378,1,both,none,2
images/000586.jpg,0.5104166666666666,0.5,opencv,1777621371.4013724,1,1,locked_both_hard,-49,-0.20416666666666666,191,13,369,373,1,both,none,2
images/000587.jpg,0.375,0.5,opencv,1777621371.5444942,1,1,locked_both_hard,-36,-0.15,204,12,397,372,1,both,none,2
images/000588.jpg,0.7604166666666666,0.47,opencv,1777621371.6875994,1,1,locked_both_hard,-73,-0.30416666666666664,167,16,318,358,1,both,none,2
images/000589.jpg,0.6666666666666666,0.5,opencv,1777621371.8310251,1,1,locked_both_hard,-64,-0.26666666666666666,176,19,334,342,1,both,none,2
images/000590.jpg,0.5520833333333333,0.5,opencv,1777621371.9745626,1,1,locked_both_hard,-53,-0.22083333333333333,187,28,347,331,1,both,none,2
images/000591.jpg,0.2604166666666667,0.5,opencv,1777621372.118484,1,1,locked_both_hard,-25,-0.10416666666666667,215,47,383,330,1,both,none,2
images/000592.jpg,-0.08333333333333333,0.5,opencv,1777621372.2600715,1,1,locked_both_hard,8,0.03333333333333333,248,69,428,338,1,both,none,2
images/000593.jpg,-0.34375,0.5,opencv,1777621372.404024,1,1,locked_both_hard,33,0.1375,273,102,444,340,1,both,none,2
images/000594.jpg,-0.46875,0.5,opencv,1777621372.5464413,1,1,locked_both_hard,45,0.1875,285,125,445,334,1,both,none,2
images/000595.jpg,-0.4375,0.5,opencv,1777621372.6906974,1,1,locked_both_hard,42,0.175,282,121,443,329,1,both,none,2
images/000596.jpg,-0.25,0.5,opencv,1777621372.8332644,1,1,locked_both_hard,24,0.1,264,98,431,329,1,both,none,2
images/000597.jpg,-0.0,0.5,opencv,1777621372.976176,1,1,locked_both_hard,0,0.0,240,63,417,336,1,both,none,3
images/000598.jpg,0.17708333333333331,0.5,opencv,1777621373.1195254,1,1,locked_both_hard,-17,-0.07083333333333333,223,36,411,348,1,both,none,3
images/000599.jpg,0.3333333333333333,0.5,opencv,1777621373.2618306,1,1,locked_both_hard,-32,-0.13333333333333333,208,20,396,357,1,both,none,3
images/000600.jpg,0.4791666666666667,0.5,opencv,1777621373.4057345,1,1,locked_both_hard,-46,-0.19166666666666668,194,9,380,361,1,both,none,3
images/000601.jpg,0.40625,0.5,opencv,1777621373.548366,1,1,locked_only_right_hard,-39,-0.1625,201,20,381,361,1,right,left,1
images/000602.jpg,0.4583333333333333,0.5,opencv,1777621373.6911254,1,1,locked_only_right_hard,-44,-0.18333333333333332,196,15,376,361,1,right,left,1
images/000603.jpg,0.40625,0.5,opencv,1777621373.8350165,1,1,locked_only_right_hard,-39,-0.1625,201,20,381,361,1,right,left,1
images/000604.jpg,0.5833333333333334,0.5,opencv,1777621373.97735,1,1,locked_only_right_hard,-56,-0.23333333333333334,184,3,364,361,1,right,left,1
images/000605.jpg,0.6979166666666667,0.5,opencv,1777621374.118604,1,1,locked_only_right_hard,-67,-0.2791666666666667,173,-8,353,361,1,right,left,1
images/000606.jpg,0.75,0.5,opencv,1777621374.2622402,1,1,locked_only_right_hard,-72,-0.3,168,-13,348,361,1,right,left,2
images/000607.jpg,0.5520833333333333,0.5,opencv,1777621374.4036,1,1,locked_only_right_hard,-53,-0.22083333333333333,187,6,367,361,1,right,left,2
images/000608.jpg,0.3333333333333333,0.5,opencv,1777621374.5468926,1,1,locked_only_right_hard,-32,-0.13333333333333333,208,27,388,361,1,right,left,1
images/000609.jpg,0.2916666666666667,0.5,opencv,1777621374.6888201,1,1,locked_only_right_hard,-28,-0.11666666666666667,212,31,392,361,1,right,left,1
images/000610.jpg,0.3020833333333333,0.5,opencv,1777621374.830811,1,1,locked_only_right_hard,-29,-0.12083333333333333,211,30,391,361,1,right,left,1
images/000611.jpg,0.5208333333333334,0.5,opencv,1777621374.974536,1,1,locked_only_right_hard,-50,-0.20833333333333334,190,9,370,361,1,right,left,1
images/000612.jpg,0.6875,0.5,opencv,1777621375.1166706,1,1,locked_only_right_hard,-66,-0.275,174,-7,354,361,1,right,left,1
images/000613.jpg,0.7604166666666666,0.47,opencv,1777621375.2580342,1,1,locked_only_right_hard,-73,-0.30416666666666664,167,-14,347,361,1,right,left,1
images/000614.jpg,0.7395833333333334,0.5,opencv,1777621375.4019928,1,1,locked_only_right_hard,-71,-0.29583333333333334,169,-12,349,361,1,right,left,1
images/000615.jpg,0.5,0.5,opencv,1777621375.5429175,1,1,locked_only_right_hard,-48,-0.2,192,11,372,361,1,right,left,1
images/000616.jpg,0.3854166666666667,0.5,opencv,1777621375.686287,1,1,locked_both_hard,-37,-0.15416666666666667,203,16,390,363,1,both,none,2
images/000617.jpg,0.25,0.5,opencv,1777621375.8286052,1,1,locked_both_hard,-24,-0.1,216,26,407,368,1,both,none,2
images/000618.jpg,0.13541666666666669,0.5,opencv,1777621375.972796,1,1,locked_both_hard,-13,-0.05416666666666667,227,41,413,371,1,both,none,2
images/000619.jpg,0.09375,0.5,opencv,1777621376.1162813,1,1,locked_both_hard,-9,-0.0375,231,48,414,369,1,both,none,2
images/000620.jpg,0.041666666666666664,0.5,opencv,1777621376.2576103,1,1,locked_both_hard,-4,-0.016666666666666666,236,51,422,368,1,both,none,2
images/000621.jpg,-0.09375,0.5,opencv,1777621376.40161,1,1,locked_both_hard,9,0.0375,249,73,425,363,1,both,none,2
images/000622.jpg,-0.20833333333333331,0.5,opencv,1777621376.5453415,1,1,locked_both_hard,20,0.08333333333333333,260,84,436,359,1,both,none,2
images/000623.jpg,-0.14583333333333334,0.5,opencv,1777621376.6906629,1,1,locked_both_hard,14,0.058333333333333334,254,80,428,356,1,both,none,2
images/000624.jpg,-0.13541666666666669,0.5,opencv,1777621376.833396,1,1,locked_both_hard,13,0.05416666666666667,253,85,422,349,1,both,none,2
images/000625.jpg,-0.14583333333333334,0.5,opencv,1777621376.975359,1,1,locked_both_hard,14,0.058333333333333334,254,77,432,349,1,both,none,2
images/000626.jpg,0.010416666666666666,0.5,opencv,1777621377.1222885,1,1,locked_both_hard,-1,-0.004166666666666667,239,52,426,356,1,both,none,2
images/000627.jpg,0.1875,0.5,opencv,1777621377.2643836,1,1,locked_both_hard,-18,-0.075,222,31,414,365,1,both,none,2
images/000628.jpg,0.34375,0.5,opencv,1777621377.4079096,1,1,locked_both_hard,-33,-0.1375,207,10,404,374,1,both,none,2
images/000629.jpg,0.42708333333333337,0.5,opencv,1777621377.5496824,1,1,locked_only_right_hard,-41,-0.17083333333333334,199,12,386,374,1,right,left,1
images/000630.jpg,0.4791666666666667,0.5,opencv,1777621377.6907773,1,1,locked_only_right_hard,-46,-0.19166666666666668,194,7,381,374,1,right,left,1
images/000631.jpg,0.4791666666666667,0.5,opencv,1777621377.8344097,1,1,locked_only_right_hard,-46,-0.19166666666666668,194,7,381,374,1,right,left,1
images/000632.jpg,0.5416666666666667,0.5,opencv,1777621377.9771757,1,1,locked_only_right_hard,-52,-0.21666666666666667,188,1,375,374,1,right,left,1
images/000633.jpg,0.2604166666666667,0.5,opencv,1777621378.1183019,1,1,locked_only_right_hard,-25,-0.10416666666666667,215,28,402,374,1,right,left,2
images/000634.jpg,0.6041666666666666,0.5,opencv,1777621378.261803,1,1,locked_only_right_hard,-58,-0.24166666666666667,182,-5,369,374,1,right,left,2
images/000635.jpg,1.0,0.47,opencv,1777621378.403419,1,1,locked_only_right_hard,-119,-0.49583333333333335,121,-66,308,374,1,right,left,1
images/000636.jpg,1.0,0.47,opencv,1777621378.5471594,1,1,locked_only_right_hard,-124,-0.5166666666666667,116,-71,303,374,1,right,left,1
images/000637.jpg,1.0,0.47,opencv,1777621378.689475,1,1,locked_only_right_hard,-105,-0.4375,135,-52,322,374,1,right,left,1
images/000638.jpg,0.8958333333333334,0.47,opencv,1777621378.833601,1,1,locked_only_right_hard,-86,-0.35833333333333334,154,-33,341,374,1,right,left,1
images/000639.jpg,0.6354166666666666,0.5,opencv,1777621378.9760516,1,1,locked_only_right_hard,-61,-0.25416666666666665,179,-8,366,374,1,right,left,1
images/000640.jpg,0.40625,0.5,opencv,1777621379.1190376,1,1,locked_only_right_hard,-39,-0.1625,201,14,388,374,1,right,left,1
images/000641.jpg,0.21875,0.5,opencv,1777621379.2623296,1,1,locked_both_hard,-21,-0.0875,219,26,413,376,1,both,none,2
images/000642.jpg,0.21875,0.5,opencv,1777621379.4042494,1,1,locked_both_hard,-21,-0.0875,219,31,408,376,1,both,none,2
images/000643.jpg,0.22916666666666666,0.5,opencv,1777621379.5455048,1,1,locked_both_hard,-22,-0.09166666666666666,218,28,409,377,1,both,none,2
images/000644.jpg,0.25,0.5,opencv,1777621379.6887362,1,1,locked_both_hard,-24,-0.1,216,25,408,379,1,both,none,2
images/000645.jpg,0.36458333333333337,0.5,opencv,1777621379.8296385,1,1,locked_both_hard,-35,-0.14583333333333334,205,20,390,377,1,both,none,2
images/000646.jpg,0.3333333333333333,0.5,opencv,1777621379.973114,1,1,locked_both_hard,-32,-0.13333333333333333,208,15,401,377,1,both,none,2
images/000647.jpg,0.14583333333333334,0.5,opencv,1777621380.1185012,1,1,locked_both_hard,-14,-0.058333333333333334,226,16,436,386,1,both,none,3
images/000648.jpg,0.6666666666666666,0.5,opencv,1777621380.2629745,1,1,locked_both_hard,-64,-0.26666666666666666,176,16,337,360,1,both,none,2
images/000649.jpg,1.0,0.47,opencv,1777621380.4073067,1,1,locked_only_right_hard,-110,-0.4583333333333333,130,-45,304,349,1,right,left,1
images/000650.jpg,0.6979166666666667,0.5,opencv,1777621380.5500844,1,1,locked_both_hard,-67,-0.2791666666666667,173,24,322,328,1,both,none,2
images/000651.jpg,0.35416666666666663,0.5,opencv,1777621380.6940145,1,1,locked_both_hard,-34,-0.14166666666666666,206,39,374,326,1,both,none,2
images/000652.jpg,-0.05208333333333333,0.5,opencv,1777621380.8375156,1,1,locked_both_hard,5,0.020833333333333332,245,65,425,335,1,both,none,2
images/000653.jpg,-0.3333333333333333,0.5,opencv,1777621380.9788568,1,1,locked_both_hard,32,0.13333333333333333,272,101,444,339,1,both,none,2
images/000654.jpg,-0.5208333333333334,0.5,opencv,1777621381.1223857,1,1,locked_both_hard,50,0.20833333333333334,290,131,449,332,1,both,none,2
images/000655.jpg,-0.5416666666666667,0.5,opencv,1777621381.263234,1,1,locked_both_hard,52,0.21666666666666667,292,137,448,323,1,both,none,2
images/000656.jpg,-0.36458333333333337,0.5,opencv,1777621381.4070156,1,1,locked_both_hard,35,0.14583333333333334,275,114,437,322,1,both,none,2
images/000657.jpg,-0.13541666666666669,0.5,opencv,1777621381.5501351,1,1,locked_both_hard,13,0.05416666666666667,253,79,428,329,1,both,none,2
images/000658.jpg,0.14583333333333334,0.5,opencv,1777621381.6918979,1,1,locked_both_hard,-14,-0.058333333333333334,226,36,416,344,1,both,none,2
images/000659.jpg,0.3958333333333333,0.5,opencv,1777621381.8388298,1,1,locked_both_hard,-38,-0.15833333333333333,202,14,391,356,1,both,none,3
images/000660.jpg,0.41666666666666663,0.5,opencv,1777621381.9814613,1,1,locked_only_right_hard,-40,-0.16666666666666666,200,22,378,356,1,right,left,2
images/000661.jpg,0.5,0.5,opencv,1777621382.1262188,1,1,locked_only_right_hard,-48,-0.2,192,14,370,356,1,right,left,1
images/000662.jpg,0.6354166666666666,0.5,opencv,1777621382.2696617,1,1,locked_only_right_hard,-61,-0.25416666666666665,179,1,357,356,1,right,left,1
images/000663.jpg,0.5,0.5,opencv,1777621382.411946,1,1,locked_only_right_hard,-48,-0.2,192,14,370,356,1,right,left,1
images/000664.jpg,0.4479166666666667,0.5,opencv,1777621382.558766,1,1,locked_only_right_hard,-43,-0.17916666666666667,197,19,375,356,1,right,left,1
images/000665.jpg,0.4583333333333333,0.5,opencv,1777621382.700657,1,1,locked_only_right_hard,-44,-0.18333333333333332,196,18,374,356,1,right,left,1
images/000666.jpg,0.6041666666666666,0.5,opencv,1777621382.8422945,1,1,locked_only_right_hard,-58,-0.24166666666666667,182,4,360,356,1,right,left,2
images/000667.jpg,0.4583333333333333,0.5,opencv,1777621382.9868033,1,1,locked_only_right_hard,-44,-0.18333333333333332,196,18,374,356,1,right,left,2
images/000668.jpg,0.5104166666666666,0.5,opencv,1777621383.1279552,1,1,locked_only_right_hard,-49,-0.20416666666666666,191,13,369,356,1,right,left,2
images/000669.jpg,0.46875,0.5,opencv,1777621383.2714267,1,1,locked_only_right_hard,-45,-0.1875,195,17,373,356,1,right,left,1
images/000670.jpg,0.4479166666666667,0.5,opencv,1777621383.4134395,1,1,locked_only_right_hard,-43,-0.17916666666666667,197,19,375,356,1,right,left,1
images/000671.jpg,0.5,0.5,opencv,1777621383.5547655,1,1,locked_only_right_hard,-48,-0.2,192,14,370,356,1,right,left,1
images/000672.jpg,0.5104166666666666,0.5,opencv,1777621383.6973562,1,1,locked_only_right_hard,-49,-0.20416666666666666,191,13,369,356,1,right,left,1
images/000673.jpg,0.5520833333333333,0.5,opencv,1777621383.838871,1,1,locked_only_right_hard,-53,-0.22083333333333333,187,9,365,356,1,right,left,1
images/000674.jpg,0.53125,0.5,opencv,1777621383.9827185,1,1,locked_only_right_hard,-51,-0.2125,189,11,367,356,1,right,left,1
images/000675.jpg,0.4583333333333333,0.5,opencv,1777621384.125373,1,1,locked_only_right_hard,-44,-0.18333333333333332,196,18,374,356,1,right,left,1
images/000676.jpg,0.41666666666666663,0.5,opencv,1777621384.2693152,1,1,locked_only_right_hard,-40,-0.16666666666666666,200,22,378,356,1,right,left,1
images/000677.jpg,0.375,0.5,opencv,1777621384.4115868,1,1,locked_both_hard,-36,-0.15,204,14,394,363,1,both,none,2
images/000678.jpg,0.2916666666666667,0.5,opencv,1777621384.5535278,1,1,locked_both_hard,-28,-0.11666666666666667,212,29,395,366,1,both,none,2
images/000679.jpg,0.17708333333333331,0.5,opencv,1777621384.7009175,1,1,locked_both_hard,-17,-0.07083333333333333,223,43,404,365,1,both,none,2
images/000680.jpg,-0.020833333333333332,0.5,opencv,1777621384.8434212,1,1,locked_both_hard,2,0.008333333333333333,242,65,419,363,1,both,none,2
images/000681.jpg,-0.1875,0.5,opencv,1777621384.9850354,1,1,locked_both_hard,18,0.075,258,85,432,357,1,both,none,2
images/000682.jpg,-0.3229166666666667,0.5,opencv,1777621385.1278453,1,1,locked_both_hard,31,0.12916666666666668,271,102,440,350,1,both,none,2
images/000683.jpg,-0.19791666666666666,0.5,opencv,1777621385.2702794,1,1,locked_both_hard,19,0.07916666666666666,259,87,431,348,1,both,none,2
images/000684.jpg,-0.13541666666666669,0.5,opencv,1777621385.4136531,1,1,locked_both_hard,13,0.05416666666666667,253,85,422,344,1,both,none,2
images/000685.jpg,-0.125,0.5,opencv,1777621385.5552948,1,1,locked_both_hard,12,0.05,252,75,430,346,1,both,none,2
images/000686.jpg,0.041666666666666664,0.5,opencv,1777621385.697425,1,1,locked_both_hard,-4,-0.016666666666666666,236,48,424,355,1,both,none,2
images/000687.jpg,0.19791666666666666,0.5,opencv,1777621385.8409882,1,1,locked_both_hard,-19,-0.07916666666666666,221,30,413,364,1,both,none,2
images/000688.jpg,0.3333333333333333,0.5,opencv,1777621385.9830563,1,1,locked_both_hard,-32,-0.13333333333333333,208,11,405,374,1,both,none,2
images/000689.jpg,0.42708333333333337,0.5,opencv,1777621386.1243236,1,1,locked_only_right_hard,-41,-0.17083333333333334,199,12,386,374,1,right,left,1
images/000690.jpg,0.5,0.5,opencv,1777621386.2684705,1,1,locked_only_right_hard,-48,-0.2,192,5,379,374,1,right,left,1
images/000691.jpg,0.5104166666666666,0.5,opencv,1777621386.410738,1,1,locked_only_right_hard,-49,-0.20416666666666666,191,4,378,374,1,right,left,1
images/000692.jpg,0.6041666666666666,0.5,opencv,1777621386.55514,1,1,locked_only_right_hard,-58,-0.24166666666666667,182,-5,369,374,1,right,left,1
images/000693.jpg,0.28125,0.5,opencv,1777621386.6979866,1,1,locked_only_right_hard,-27,-0.1125,213,26,400,374,1,right,left,2
images/000694.jpg,0.65625,0.5,opencv,1777621386.840078,1,1,locked_only_right_hard,-63,-0.2625,177,-10,364,374,1,right,left,2
images/000695.jpg,1.0,0.47,opencv,1777621386.9829323,1,1,locked_only_right_hard,-107,-0.44583333333333336,133,-54,320,374,1,right,left,1
images/000696.jpg,1.0,0.47,opencv,1777621387.1263583,1,1,locked_only_right_hard,-129,-0.5375,111,-76,298,374,1,right,left,1
images/000697.jpg,1.0,0.47,opencv,1777621387.270391,1,1,locked_only_right_hard,-98,-0.4083333333333333,142,-45,329,374,1,right,left,1
images/000698.jpg,0.78125,0.47,opencv,1777621387.4122958,1,1,locked_only_right_hard,-75,-0.3125,165,-22,352,374,1,right,left,1
images/000699.jpg,0.5104166666666666,0.5,opencv,1777621387.5566373,1,1,locked_only_right_hard,-49,-0.20416666666666666,191,4,378,374,1,right,left,1
images/000700.jpg,0.36458333333333337,0.5,opencv,1777621387.6993563,1,1,locked_both_hard,-35,-0.14583333333333334,205,19,392,373,1,both,none,2
images/000701.jpg,0.25,0.5,opencv,1777621387.8408384,1,1,locked_both_hard,-24,-0.1,216,23,409,376,1,both,none,2
images/000702.jpg,0.25,0.5,opencv,1777621387.985474,1,1,locked_both_hard,-24,-0.1,216,28,404,376,1,both,none,2
images/000703.jpg,0.27083333333333337,0.5,opencv,1777621388.1272836,1,1,locked_both_hard,-26,-0.10833333333333334,214,23,405,377,1,both,none,2
images/000704.jpg,0.34375,0.5,opencv,1777621388.2718146,1,1,locked_both_hard,-33,-0.1375,207,19,396,377,1,both,none,2
images/000705.jpg,0.4583333333333333,0.5,opencv,1777621388.4157653,1,1,locked_both_hard,-44,-0.18333333333333332,196,16,376,372,1,both,none,2
images/000706.jpg,0.375,0.5,opencv,1777621388.5575104,1,1,locked_both_hard,-36,-0.15,204,15,394,371,1,both,none,2
images/000707.jpg,0.5833333333333334,0.5,opencv,1777621388.7013507,1,1,locked_both_hard,-56,-0.23333333333333334,184,18,350,365,1,both,none,2
images/000708.jpg,0.6458333333333334,0.5,opencv,1777621388.8429232,1,1,locked_both_hard,-62,-0.25833333333333336,178,19,338,348,1,both,none,2
images/000709.jpg,0.59375,0.5,opencv,1777621388.9867277,1,1,locked_both_hard,-57,-0.2375,183,27,340,335,1,both,none,2
images/000710.jpg,0.3020833333333333,0.5,opencv,1777621389.1301072,1,1,locked_both_hard,-29,-0.12083333333333333,211,42,380,331,1,both,none,2
images/000711.jpg,-0.0625,0.5,opencv,1777621389.2710674,1,1,locked_both_hard,6,0.025,246,66,427,341,1,both,none,2
images/000712.jpg,-0.36458333333333337,0.5,opencv,1777621389.4146307,1,1,locked_both_hard,35,0.14583333333333334,275,107,444,341,1,both,none,2
images/000713.jpg,-0.5208333333333334,0.5,opencv,1777621389.5563385,1,1,locked_both_hard,50,0.20833333333333334,290,133,447,332,1,both,none,2
images/000714.jpg,-0.4791666666666667,0.5,opencv,1777621389.6987798,1,1,locked_both_hard,46,0.19166666666666668,286,128,445,325,1,both,none,2
images/000715.jpg,-0.2604166666666667,0.5,opencv,1777621389.8405206,1,1,locked_both_hard,25,0.10416666666666667,265,99,431,326,1,both,none,2
images/000716.jpg,-0.0,0.5,opencv,1777621389.9817033,1,1,locked_both_hard,0,0.0,240,61,420,335,1,both,none,3
images/000717.jpg,0.22916666666666666,0.5,opencv,1777621390.1229618,1,1,locked_both_hard,-22,-0.09166666666666666,218,30,407,349,1,both,none,2
images/000718.jpg,0.42708333333333337,0.5,opencv,1777621390.267392,1,1,locked_both_hard,-41,-0.17083333333333334,199,13,385,357,1,both,none,3
images/000719.jpg,0.40625,0.5,opencv,1777621390.408756,1,1,locked_only_right_hard,-39,-0.1625,201,22,379,357,1,right,left,2
images/000720.jpg,0.41666666666666663,0.5,opencv,1777621390.5530498,1,1,locked_only_right_hard,-40,-0.16666666666666666,200,21,378,357,1,right,left,1
images/000721.jpg,0.5416666666666667,0.5,opencv,1777621390.694863,1,1,locked_only_right_hard,-52,-0.21666666666666667,188,9,366,357,1,right,left,1
images/000722.jpg,0.4479166666666667,0.5,opencv,1777621390.8360844,1,1,locked_only_right_hard,-43,-0.17916666666666667,197,18,375,357,1,right,left,1
images/000723.jpg,0.4895833333333333,0.5,opencv,1777621390.976708,1,1,locked_only_right_hard,-47,-0.19583333333333333,193,14,371,357,1,right,left,1
images/000724.jpg,0.5833333333333334,0.5,opencv,1777621391.11741,1,1,locked_only_right_hard,-56,-0.23333333333333334,184,5,362,357,1,right,left,1
images/000725.jpg,0.6770833333333333,0.5,opencv,1777621391.2614355,1,1,locked_only_right_hard,-65,-0.2708333333333333,175,-4,353,357,1,right,left,2
images/000726.jpg,0.4895833333333333,0.5,opencv,1777621391.4034276,1,1,locked_only_right_hard,-47,-0.19583333333333333,193,14,371,357,1,right,left,2
images/000727.jpg,0.34375,0.5,opencv,1777621391.5444431,1,1,locked_only_right_hard,-33,-0.1375,207,28,385,357,1,right,left,1
images/000728.jpg,0.36458333333333337,0.5,opencv,1777621391.6896882,1,1,locked_only_right_hard,-35,-0.14583333333333334,205,26,383,357,1,right,left,1
images/000729.jpg,0.3854166666666667,0.5,opencv,1777621391.8307989,1,1,locked_only_right_hard,-37,-0.15416666666666667,203,24,381,357,1,right,left,1
images/000730.jpg,0.5729166666666666,0.5,opencv,1777621391.9751809,1,1,locked_only_right_hard,-55,-0.22916666666666666,185,6,363,357,1,right,left,1
images/000731.jpg,0.5625,0.5,opencv,1777621392.1184936,1,1,locked_only_right_hard,-54,-0.225,186,7,364,357,1,right,left,1
images/000732.jpg,0.6458333333333334,0.5,opencv,1777621392.2601395,1,1,locked_only_right_hard,-62,-0.25833333333333336,178,-1,356,357,1,right,left,1
images/000733.jpg,0.5104166666666666,0.5,opencv,1777621392.4031665,1,1,locked_only_right_hard,-49,-0.20416666666666666,191,12,369,357,1,right,left,1
images/000734.jpg,0.4583333333333333,0.5,opencv,1777621392.547026,1,1,locked_only_right_hard,-44,-0.18333333333333332,196,17,374,357,1,right,left,1
images/000735.jpg,0.3854166666666667,0.5,opencv,1777621392.6907845,1,1,locked_both_hard,-37,-0.15416666666666667,203,16,391,360,1,both,none,2
images/000736.jpg,0.3229166666666667,0.5,opencv,1777621392.8334389,1,1,locked_both_hard,-31,-0.12916666666666668,209,17,401,367,1,both,none,2
images/000737.jpg,0.22916666666666666,0.5,opencv,1777621392.9749374,1,1,locked_both_hard,-22,-0.09166666666666666,218,34,403,367,1,both,none,2
images/000738.jpg,0.13541666666666669,0.5,opencv,1777621393.1174543,1,1,locked_both_hard,-13,-0.05416666666666667,227,42,412,367,1,both,none,2
images/000739.jpg,-0.0,0.5,opencv,1777621393.2594516,1,1,locked_both_hard,0,0.0,240,60,420,366,1,both,none,2
images/000740.jpg,-0.13541666666666669,0.5,opencv,1777621393.40387,1,1,locked_both_hard,13,0.05416666666666667,253,76,430,361,1,both,none,2
images/000741.jpg,-0.20833333333333331,0.5,opencv,1777621393.5471103,1,1,locked_both_hard,20,0.08333333333333333,260,85,435,357,1,both,none,2
images/000742.jpg,-0.19791666666666666,0.5,opencv,1777621393.689044,1,1,locked_both_hard,19,0.07916666666666666,259,92,427,351,1,both,none,2
images/000743.jpg,-0.20833333333333331,0.5,opencv,1777621393.8322544,1,1,locked_both_hard,20,0.08333333333333333,260,92,429,345,1,both,none,2
images/000744.jpg,-0.15625,0.5,opencv,1777621393.9742131,1,1,locked_both_hard,15,0.0625,255,78,432,346,1,both,none,2
images/000745.jpg,-0.0,0.5,opencv,1777621394.1191945,1,1,locked_both_hard,0,0.0,240,50,430,354,1,both,none,2
images/000746.jpg,0.23958333333333334,0.5,opencv,1777621394.2614586,1,1,locked_both_hard,-23,-0.09583333333333334,217,25,409,364,1,both,none,2
images/000747.jpg,0.3229166666666667,0.5,opencv,1777621394.4043956,1,1,locked_only_right_hard,-31,-0.12916666666666668,209,24,393,369,1,right,left,1
images/000748.jpg,0.5416666666666667,0.5,opencv,1777621394.5472114,1,1,locked_only_right_hard,-52,-0.21666666666666667,188,3,372,369,1,right,left,1
images/000749.jpg,0.5833333333333334,0.5,opencv,1777621394.6883984,1,1,locked_only_right_hard,-56,-0.23333333333333334,184,-1,368,369,1,right,left,1
images/000750.jpg,0.5729166666666666,0.5,opencv,1777621394.8320634,1,1,locked_only_right_hard,-55,-0.22916666666666666,185,0,369,369,1,right,left,1
images/000751.jpg,0.5520833333333333,0.5,opencv,1777621394.9763076,1,1,locked_only_right_hard,-53,-0.22083333333333333,187,2,371,369,1,right,left,1
images/000752.jpg,0.14583333333333334,0.5,opencv,1777621395.117464,1,1,locked_only_right_hard,-14,-0.058333333333333334,226,41,410,369,1,right,left,2
images/000753.jpg,0.46875,0.5,opencv,1777621395.258563,1,1,locked_only_right_hard,-45,-0.1875,195,10,379,369,1,right,left,2
images/000754.jpg,1.0,0.47,opencv,1777621395.4001925,1,1,locked_only_right_hard,-105,-0.4375,135,-50,319,369,1,right,left,1
images/000755.jpg,1.0,0.47,opencv,1777621395.5439095,1,1,locked_only_right_hard,-130,-0.5416666666666666,110,-75,294,369,1,right,left,1
images/000756.jpg,0.9583333333333334,0.47,opencv,1777621395.6868346,1,1,locked_only_right_hard,-92,-0.38333333333333336,148,-37,332,369,1,right,left,1
images/000757.jpg,0.7395833333333334,0.5,opencv,1777621395.8289962,1,1,locked_only_right_hard,-71,-0.29583333333333334,169,-16,353,369,1,right,left,1
images/000758.jpg,0.5,0.5,opencv,1777621395.9733808,1,1,locked_only_right_hard,-48,-0.2,192,7,376,369,1,right,left,1
images/000759.jpg,0.41666666666666663,0.5,opencv,1777621396.114864,1,1,locked_both_hard,-40,-0.16666666666666666,200,17,384,368,1,both,none,2
images/000760.jpg,0.27083333333333337,0.5,opencv,1777621396.2594922,1,1,locked_both_hard,-26,-0.10833333333333334,214,22,407,373,1,both,none,2
images/000761.jpg,0.27083333333333337,0.5,opencv,1777621396.4026303,1,1,locked_both_hard,-26,-0.10833333333333334,214,27,402,373,1,both,none,2
images/000762.jpg,0.27083333333333337,0.5,opencv,1777621396.5458593,1,1,locked_both_hard,-26,-0.10833333333333334,214,24,404,375,1,both,none,2
images/000763.jpg,0.3020833333333333,0.5,opencv,1777621396.6872196,1,1,locked_both_hard,-29,-0.12083333333333333,211,21,402,377,1,both,none,2
images/000764.jpg,0.41666666666666663,0.5,opencv,1777621396.8291702,1,1,locked_both_hard,-40,-0.16666666666666666,200,17,383,374,1,both,none,2
images/000765.jpg,0.4583333333333333,0.5,opencv,1777621396.9704494,1,1,locked_both_hard,-44,-0.18333333333333332,196,13,380,370,1,both,none,2
images/000766.jpg,0.6145833333333333,0.5,opencv,1777621397.113483,1,1,locked_both_hard,-59,-0.24583333333333332,181,13,350,365,1,both,none,2
images/000767.jpg,0.6770833333333333,0.5,opencv,1777621397.2552495,1,1,locked_both_hard,-65,-0.2708333333333333,175,17,333,347,1,both,none,2
images/000768.jpg,0.5520833333333333,0.5,opencv,1777621397.4024951,1,1,locked_both_hard,-53,-0.22083333333333333,187,28,347,335,1,both,none,2
images/000769.jpg,0.22916666666666666,0.5,opencv,1777621397.543544,1,1,locked_both_hard,-22,-0.09166666666666666,218,47,389,334,1,both,none,2
images/000770.jpg,-0.10416666666666666,0.5,opencv,1777621397.6883547,1,1,locked_both_hard,10,0.041666666666666664,250,72,429,341,1,both,none,2
images/000771.jpg,-0.36458333333333337,0.5,opencv,1777621397.8304117,1,1,locked_both_hard,35,0.14583333333333334,275,106,444,342,1,both,none,2
images/000772.jpg,-0.4479166666666667,0.5,opencv,1777621397.9715214,1,1,locked_both_hard,43,0.17916666666666667,283,122,444,337,1,both,none,2
images/000773.jpg,-0.42708333333333337,0.5,opencv,1777621398.114632,1,1,locked_both_hard,41,0.17083333333333334,281,127,436,329,1,both,none,2
images/000774.jpg,-0.25,0.5,opencv,1777621398.2576501,1,1,locked_both_hard,24,0.1,264,98,430,328,1,both,none,2
images/000775.jpg,-0.020833333333333332,0.5,opencv,1777621398.4017859,1,1,locked_both_hard,2,0.008333333333333333,242,64,420,334,1,both,none,3
images/000776.jpg,0.17708333333333331,0.5,opencv,1777621398.5451584,1,1,locked_both_hard,-17,-0.07083333333333333,223,33,413,348,1,both,none,2
images/000777.jpg,0.3958333333333333,0.5,opencv,1777621398.6865933,1,1,locked_both_hard,-38,-0.15833333333333333,202,16,388,356,1,both,none,3
images/000778.jpg,0.41666666666666663,0.5,opencv,1777621398.8361027,1,1,locked_only_right_hard,-40,-0.16666666666666666,200,20,379,359,1,right,left,2
images/000779.jpg,0.4583333333333333,0.5,opencv,1777621398.9782882,1,1,locked_only_right_hard,-44,-0.18333333333333332,196,16,375,359,1,right,left,1
images/000780.jpg,0.5625,0.5,opencv,1777621399.1193345,1,1,locked_only_right_hard,-54,-0.225,186,6,365,359,1,right,left,1
images/000781.jpg,0.42708333333333337,0.5,opencv,1777621399.2634,1,1,locked_only_right_hard,-41,-0.17083333333333334,199,19,378,359,1,right,left,1
images/000782.jpg,0.4375,0.5,opencv,1777621399.4050703,1,1,locked_only_right_hard,-42,-0.175,198,18,377,359,1,right,left,1
images/000783.jpg,0.53125,0.5,opencv,1777621399.5502975,1,1,locked_only_right_hard,-51,-0.2125,189,9,368,359,1,right,left,1
images/000784.jpg,0.6875,0.5,opencv,1777621399.690875,1,1,locked_only_right_hard,-66,-0.275,174,-6,353,359,1,right,left,2
images/000785.jpg,0.6458333333333334,0.5,opencv,1777621399.8371718,1,1,locked_only_right_hard,-62,-0.25833333333333336,178,-2,357,359,1,right,left,2
images/000786.jpg,0.4791666666666667,0.5,opencv,1777621399.9791887,1,1,locked_only_right_hard,-46,-0.19166666666666668,194,14,373,359,1,right,left,2
images/000787.jpg,0.35416666666666663,0.5,opencv,1777621400.120346,1,1,locked_only_right_hard,-34,-0.14166666666666666,206,26,385,359,1,right,left,1
images/000788.jpg,0.28125,0.5,opencv,1777621400.264865,1,1,locked_only_right_hard,-27,-0.1125,213,33,392,359,1,right,left,1
images/000789.jpg,0.28125,0.5,opencv,1777621400.4067225,1,1,locked_only_right_hard,-27,-0.1125,213,33,392,359,1,right,left,1
images/000790.jpg,0.42708333333333337,0.5,opencv,1777621400.550404,1,1,locked_only_right_hard,-41,-0.17083333333333334,199,19,378,359,1,right,left,1
images/000791.jpg,0.6979166666666667,0.5,opencv,1777621400.69347,1,1,locked_only_right_hard,-67,-0.2791666666666667,173,-7,352,359,1,right,left,1
images/000792.jpg,0.8333333333333333,0.47,opencv,1777621400.8349538,1,1,locked_only_right_hard,-80,-0.3333333333333333,160,-20,339,359,1,right,left,1
images/000793.jpg,0.7604166666666666,0.47,opencv,1777621400.9783802,1,1,locked_only_right_hard,-73,-0.30416666666666664,167,-13,346,359,1,right,left,1
images/000794.jpg,0.53125,0.5,opencv,1777621401.1204643,1,1,locked_only_right_hard,-51,-0.2125,189,9,368,359,1,right,left,1
images/000795.jpg,0.2916666666666667,0.5,opencv,1777621401.264349,1,1,locked_both_hard,-28,-0.11666666666666667,212,23,401,364,1,both,none,2
images/000796.jpg,0.16666666666666666,0.5,opencv,1777621401.4079795,1,1,locked_both_hard,-16,-0.06666666666666667,224,40,408,367,1,both,none,2
images/000797.jpg,0.05208333333333333,0.5,opencv,1777621401.5494328,1,1,locked_both_hard,-5,-0.020833333333333332,235,56,415,365,1,both,none,2
images/000798.jpg,-0.020833333333333332,0.5,opencv,1777621401.6927447,1,1,locked_both_hard,2,0.008333333333333333,242,60,424,363,1,both,none,2
images/000799.jpg,-0.11458333333333333,0.5,opencv,1777621401.8347735,1,1,locked_both_hard,11,0.04583333333333333,251,77,426,360,1,both,none,2
images/000800.jpg,-0.13541666666666669,0.5,opencv,1777621401.9760532,1,1,locked_both_hard,13,0.05416666666666667,253,78,428,355,1,both,none,2
images/000801.jpg,-0.0625,0.5,opencv,1777621402.121079,1,1,locked_both_hard,6,0.025,246,66,427,354,1,both,none,2
images/000802.jpg,-0.020833333333333332,0.5,opencv,1777621402.26247,1,1,locked_both_hard,2,0.008333333333333333,242,68,416,352,1,both,none,2
images/000803.jpg,-0.08333333333333333,0.5,opencv,1777621402.4065778,1,1,locked_both_hard,8,0.03333333333333333,248,73,424,351,1,both,none,2
images/000804.jpg,-0.10416666666666666,0.5,opencv,1777621402.5501616,1,1,locked_both_hard,10,0.041666666666666664,250,67,433,354,1,both,none,2
images/000805.jpg,0.020833333333333332,0.5,opencv,1777621402.6918843,1,1,locked_both_hard,-2,-0.008333333333333333,238,48,428,360,1,both,none,2
images/000806.jpg,0.22916666666666666,0.5,opencv,1777621402.8355114,1,1,locked_both_hard,-22,-0.09166666666666666,218,24,412,368,1,both,none,2
images/000807.jpg,0.34375,0.5,opencv,1777621402.977367,1,1,locked_only_right_hard,-33,-0.1375,207,21,393,372,1,right,left,1
images/000808.jpg,0.5104166666666666,0.5,opencv,1777621403.1213372,1,1,locked_only_right_hard,-49,-0.20416666666666666,191,5,377,372,1,right,left,1
images/000809.jpg,0.5104166666666666,0.5,opencv,1777621403.2630956,1,1,locked_only_right_hard,-49,-0.20416666666666666,191,5,377,372,1,right,left,1
images/000810.jpg,0.5,0.5,opencv,1777621403.4047518,1,1,locked_only_right_hard,-48,-0.2,192,6,378,372,1,right,left,1
images/000811.jpg,0.4791666666666667,0.5,opencv,1777621403.5478737,1,1,locked_only_right_hard,-46,-0.19166666666666668,194,8,380,372,1,right,left,1
images/000812.jpg,0.11458333333333333,0.5,opencv,1777621403.6894748,1,1,locked_only_right_hard,-11,-0.04583333333333333,229,43,415,372,1,right,left,3
images/000813.jpg,0.6666666666666666,0.5,opencv,1777621403.8329785,1,1,locked_only_right_hard,-64,-0.26666666666666666,176,-10,362,372,1,right,left,2
images/000814.jpg,1.0,0.45,opencv,1777621403.9767795,1,1,locked_only_right_hard,-134,-0.5583333333333333,106,-80,292,372,1,right,left,1
images/000815.jpg,1.0,0.47,opencv,1777621404.1193967,1,1,locked_only_right_hard,-118,-0.49166666666666664,122,-64,308,372,1,right,left,1
images/000816.jpg,1.0,0.47,opencv,1777621404.2638185,1,1,locked_only_right_hard,-108,-0.45,132,-54,318,372,1,right,left,1
images/000817.jpg,0.9583333333333334,0.47,opencv,1777621404.4061937,1,1,locked_only_right_hard,-92,-0.38333333333333336,148,-38,334,372,1,right,left,1
images/000818.jpg,0.6354166666666666,0.5,opencv,1777621404.550559,1,1,locked_only_right_hard,-61,-0.25416666666666665,179,-7,365,372,1,right,left,1
images/000819.jpg,0.4791666666666667,0.5,opencv,1777621404.693423,1,1,locked_only_right_hard,-46,-0.19166666666666668,194,8,380,372,1,right,left,1
images/000820.jpg,0.2916666666666667,0.5,opencv,1777621404.836722,1,1,locked_both_hard,-28,-0.11666666666666667,212,22,402,372,1,both,none,2
images/000821.jpg,0.2604166666666667,0.5,opencv,1777621404.9816177,1,1,locked_both_hard,-25,-0.10416666666666667,215,26,404,374,1,both,none,2
images/000822.jpg,0.22916666666666666,0.5,opencv,1777621405.1245496,1,1,locked_both_hard,-22,-0.09166666666666666,218,31,406,374,1,both,none,2
images/000823.jpg,0.22916666666666666,0.5,opencv,1777621405.2678378,1,1,locked_both_hard,-22,-0.09166666666666666,218,26,411,377,1,both,none,2
images/000824.jpg,0.35416666666666663,0.5,opencv,1777621405.411653,1,1,locked_both_hard,-34,-0.14166666666666666,206,23,390,375,1,both,none,2
images/000825.jpg,0.35416666666666663,0.5,opencv,1777621405.5537612,1,1,locked_both_hard,-34,-0.14166666666666666,206,19,393,373,1,both,none,2
images/000826.jpg,0.20833333333333331,0.5,opencv,1777621405.6997578,1,1,locked_both_hard,-20,-0.08333333333333333,220,18,422,381,1,both,none,3
images/000827.jpg,0.5833333333333334,0.5,opencv,1777621405.8429623,1,1,locked_both_hard,-56,-0.23333333333333334,184,19,349,358,1,both,none,2
images/000828.jpg,0.6458333333333334,0.5,opencv,1777621405.9872289,1,1,locked_both_hard,-62,-0.25833333333333336,178,19,337,345,1,both,none,2
images/000829.jpg,0.5,0.5,opencv,1777621406.130815,1,1,locked_both_hard,-48,-0.2,192,31,353,335,1,both,none,2
images/000830.jpg,0.14583333333333334,0.5,opencv,1777621406.2723286,1,1,locked_both_hard,-14,-0.058333333333333334,226,51,402,336,1,both,none,2
images/000831.jpg,-0.16666666666666666,0.5,opencv,1777621406.4161704,1,1,locked_both_hard,16,0.06666666666666667,256,79,434,343,1,both,none,2
images/000832.jpg,-0.4375,0.5,opencv,1777621406.5583525,1,1,locked_both_hard,42,0.175,282,115,450,342,1,both,none,2
images/000833.jpg,-0.5208333333333334,0.5,opencv,1777621406.7004302,1,1,locked_both_hard,50,0.20833333333333334,290,133,448,333,1,both,none,2
images/000834.jpg,-0.4375,0.5,opencv,1777621406.8441746,1,1,locked_both_hard,42,0.175,282,123,442,327,1,both,none,2
images/000835.jpg,-0.19791666666666666,0.5,opencv,1777621406.986305,1,1,locked_both_hard,19,0.07916666666666666,259,92,426,328,1,both,none,3
images/000836.jpg,0.07291666666666667,0.5,opencv,1777621407.133607,1,1,locked_both_hard,-7,-0.029166666666666667,233,50,416,339,1,both,none,3
images/000837.jpg,0.3125,0.5,opencv,1777621407.2758713,1,1,locked_both_hard,-30,-0.125,210,23,398,351,1,both,none,3
images/000838.jpg,0.5,0.5,opencv,1777621407.4178114,1,1,locked_both_hard,-48,-0.2,192,10,375,357,1,both,none,3
images/000839.jpg,0.42708333333333337,0.5,opencv,1777621407.562312,1,1,locked_only_right_hard,-41,-0.17083333333333334,199,20,377,357,1,right,left,1
images/000840.jpg,0.4479166666666667,0.5,opencv,1777621407.7050653,1,1,locked_only_right_hard,-43,-0.17916666666666667,197,18,375,357,1,right,left,1
images/000841.jpg,0.4583333333333333,0.5,opencv,1777621407.8489413,1,1,locked_only_right_hard,-44,-0.18333333333333332,196,17,374,357,1,right,left,1
images/000842.jpg,0.5416666666666667,0.5,opencv,1777621407.9911335,1,1,locked_only_right_hard,-52,-0.21666666666666667,188,9,366,357,1,right,left,1
images/000843.jpg,0.6041666666666666,0.5,opencv,1777621408.1338913,1,1,locked_only_right_hard,-58,-0.24166666666666667,182,3,360,357,1,right,left,1
images/000844.jpg,0.6354166666666666,0.5,opencv,1777621408.2769816,1,1,locked_only_right_hard,-61,-0.25416666666666665,179,0,357,357,1,right,left,1
images/000845.jpg,0.6041666666666666,0.5,opencv,1777621408.4199388,1,1,locked_only_right_hard,-58,-0.24166666666666667,182,3,360,357,1,right,left,2
images/000846.jpg,0.3020833333333333,0.5,opencv,1777621408.563793,1,1,locked_only_right_hard,-29,-0.12083333333333333,211,32,389,357,1,right,left,1
images/000847.jpg,0.25,0.5,opencv,1777621408.7084746,1,1,locked_only_right_hard,-24,-0.1,216,37,394,357,1,right,left,1
images/000848.jpg,0.3229166666666667,0.5,opencv,1777621408.8517265,1,1,locked_only_right_hard,-31,-0.12916666666666668,209,30,387,357,1,right,left,1
images/000849.jpg,0.41666666666666663,0.5,opencv,1777621408.9949985,1,1,locked_only_right_hard,-40,-0.16666666666666666,200,21,378,357,1,right,left,1
images/000850.jpg,0.7708333333333334,0.47,opencv,1777621409.1370318,1,1,locked_only_right_hard,-74,-0.30833333333333335,166,-13,344,357,1,right,left,1
images/000851.jpg,0.8958333333333334,0.47,opencv,1777621409.280565,1,1,locked_only_right_hard,-86,-0.35833333333333334,154,-25,332,357,1,right,left,1
images/000852.jpg,0.71875,0.5,opencv,1777621409.423289,1,1,locked_only_right_hard,-69,-0.2875,171,-8,349,357,1,right,left,1
images/000853.jpg,0.65625,0.5,opencv,1777621409.564522,1,1,locked_only_right_hard,-63,-0.2625,177,-2,355,357,1,right,left,1
images/000854.jpg,0.3854166666666667,0.5,opencv,1777621409.7082458,1,1,locked_only_right_hard,-37,-0.15416666666666667,203,24,381,357,1,right,left,1
images/000855.jpg,0.3125,0.5,opencv,1777621409.8489976,1,1,locked_both_hard,-30,-0.125,210,21,399,361,1,both,none,2
images/000856.jpg,0.23958333333333334,0.5,opencv,1777621409.9938414,1,1,locked_both_hard,-23,-0.09583333333333334,217,27,408,367,1,both,none,2
images/000857.jpg,0.125,0.5,opencv,1777621410.1371834,1,1,locked_both_hard,-12,-0.05,228,43,414,369,1,both,none,2
images/000858.jpg,0.041666666666666664,0.5,opencv,1777621410.2817655,1,1,locked_both_hard,-4,-0.016666666666666666,236,57,416,367,1,both,none,2
images/000859.jpg,0.010416666666666666,0.5,opencv,1777621410.4246085,1,1,locked_both_hard,-1,-0.004166666666666667,239,56,423,366,1,both,none,2
images/000860.jpg,-0.13541666666666669,0.5,opencv,1777621410.565325,1,1,locked_both_hard,13,0.05416666666666667,253,79,428,359,1,both,none,2
images/000861.jpg,-0.21875,0.5,opencv,1777621410.709097,1,1,locked_both_hard,21,0.0875,261,86,436,355,1,both,none,2
images/000862.jpg,-0.15625,0.5,opencv,1777621410.8517318,1,1,locked_both_hard,15,0.0625,255,82,428,352,1,both,none,2
images/000863.jpg,-0.10416666666666666,0.5,opencv,1777621410.9934235,1,1,locked_both_hard,10,0.041666666666666664,250,78,422,348,1,both,none,2
images/000864.jpg,-0.13541666666666669,0.5,opencv,1777621411.1381612,1,1,locked_both_hard,13,0.05416666666666667,253,77,430,349,1,both,none,2
images/000865.jpg,-0.0,0.5,opencv,1777621411.278951,1,1,locked_both_hard,0,0.0,240,54,427,356,1,both,none,2
images/000866.jpg,0.17708333333333331,0.5,opencv,1777621411.422664,1,1,locked_both_hard,-17,-0.07083333333333333,223,32,415,366,1,both,none,2
images/000867.jpg,0.36458333333333337,0.5,opencv,1777621411.5681121,1,1,locked_both_hard,-35,-0.14583333333333334,205,10,400,374,1,both,none,2
images/000868.jpg,0.42708333333333337,0.5,opencv,1777621411.709339,1,1,locked_only_right_hard,-41,-0.17083333333333334,199,12,386,374,1,right,left,1
images/000869.jpg,0.4479166666666667,0.5,opencv,1777621411.8526201,1,1,locked_only_right_hard,-43,-0.17916666666666667,197,10,384,374,1,right,left,1
images/000870.jpg,0.5208333333333334,0.5,opencv,1777621411.995421,1,1,locked_only_right_hard,-50,-0.20833333333333334,190,3,377,374,1,right,left,1
images/000871.jpg,0.53125,0.5,opencv,1777621412.1397924,1,1,locked_only_right_hard,-51,-0.2125,189,2,376,374,1,right,left,1
images/000872.jpg,0.4375,0.5,opencv,1777621412.2824643,1,1,locked_only_right_hard,-42,-0.175,198,11,385,374,1,right,left,2
images/000873.jpg,0.19791666666666666,0.5,opencv,1777621412.4243994,1,1,locked_only_right_hard,-19,-0.07916666666666666,221,34,408,374,1,right,left,2
images/000874.jpg,1.0,0.47,opencv,1777621412.5681808,1,1,locked_only_right_hard,-127,-0.5291666666666667,113,-74,300,374,1,right,left,1
images/000875.jpg,1.0,0.47,opencv,1777621412.7106922,1,1,locked_only_right_hard,-121,-0.5041666666666667,119,-68,306,374,1,right,left,1
images/000876.jpg,1.0,0.47,opencv,1777621412.8540921,1,1,locked_only_right_hard,-103,-0.42916666666666664,137,-50,324,374,1,right,left,1
images/000877.jpg,0.8229166666666666,0.47,opencv,1777621412.9983444,1,1,locked_only_right_hard,-79,-0.32916666666666666,161,-26,348,374,1,right,left,1
images/000878.jpg,0.4583333333333333,0.5,opencv,1777621413.1394558,1,1,locked_only_right_hard,-44,-0.18333333333333332,196,9,383,374,1,right,left,1
images/000879.jpg,0.42708333333333337,0.5,opencv,1777621413.2830281,1,1,locked_both_hard,-41,-0.17083333333333334,199,17,381,372,1,both,none,2
images/000880.jpg,0.28125,0.5,opencv,1777621413.425273,1,1,locked_both_hard,-27,-0.1125,213,21,406,373,1,both,none,2
images/000881.jpg,0.28125,0.5,opencv,1777621413.5667264,1,1,locked_both_hard,-27,-0.1125,213,26,401,375,1,both,none,2
images/000882.jpg,0.2916666666666667,0.5,opencv,1777621413.7094655,1,1,locked_both_hard,-28,-0.11666666666666667,212,23,401,375,1,both,none,2
images/000883.jpg,0.3333333333333333,0.5,opencv,1777621413.850796,1,1,locked_both_hard,-32,-0.13333333333333333,208,19,398,376,1,both,none,2
images/000884.jpg,0.42708333333333337,0.5,opencv,1777621413.9953518,1,1,locked_both_hard,-41,-0.17083333333333334,199,17,382,373,1,both,none,2
images/000885.jpg,0.3958333333333333,0.5,opencv,1777621414.1387455,1,1,locked_both_hard,-38,-0.15833333333333333,202,17,387,370,1,both,none,2
images/000886.jpg,0.19791666666666666,0.5,opencv,1777621414.2802246,1,1,locked_both_hard,-19,-0.07916666666666666,221,18,424,378,1,both,none,3
images/000887.jpg,0.59375,0.5,opencv,1777621414.4245858,1,1,locked_both_hard,-57,-0.2375,183,20,347,357,1,both,none,2
images/000888.jpg,0.6354166666666666,0.5,opencv,1777621414.5661328,1,1,locked_both_hard,-61,-0.25416666666666665,179,20,338,343,1,both,none,2
images/000889.jpg,0.5104166666666666,0.5,opencv,1777621414.7108192,1,1,locked_both_hard,-49,-0.20416666666666666,191,34,349,332,1,both,none,2
images/000890.jpg,0.13541666666666669,0.5,opencv,1777621414.8541155,1,1,locked_both_hard,-13,-0.05416666666666667,227,51,404,335,1,both,none,2
images/000891.jpg,-0.20833333333333331,0.5,opencv,1777621414.9979782,1,1,locked_both_hard,20,0.08333333333333333,260,82,438,343,1,both,none,2
images/000892.jpg,-0.5,0.5,opencv,1777621415.1413755,1,1,locked_both_hard,48,0.2,288,125,452,337,1,both,none,2
images/000893.jpg,-0.5729166666666666,0.5,opencv,1777621415.2825446,1,1,locked_both_hard,55,0.22916666666666666,295,141,449,326,1,both,none,2
images/000894.jpg,-0.40625,0.5,opencv,1777621415.4259431,1,1,locked_both_hard,39,0.1625,279,118,441,323,1,both,none,2
images/000895.jpg,-0.125,0.5,opencv,1777621415.5669508,1,1,locked_both_hard,12,0.05,252,83,421,327,1,both,none,3
images/000896.jpg,0.11458333333333333,0.5,opencv,1777621415.7106252,1,1,locked_both_hard,-11,-0.04583333333333333,229,45,414,341,1,both,none,3
images/000897.jpg,0.3020833333333333,0.5,opencv,1777621415.8538194,1,1,locked_both_hard,-29,-0.12083333333333333,211,23,400,353,1,both,none,3
images/000898.jpg,0.4375,0.5,opencv,1777621415.995332,1,1,locked_both_hard,-42,-0.175,198,12,384,360,1,both,none,3
images/000899.jpg,0.34375,0.5,opencv,1777621416.1388602,1,1,locked_only_right_hard,-33,-0.1375,207,27,387,360,1,right,left,1
images/000900.jpg,0.46875,0.5,opencv,1777621416.2800994,1,1,locked_only_right_hard,-45,-0.1875,195,15,375,360,1,right,left,1
images/000901.jpg,0.46875,0.5,opencv,1777621416.4241788,1,1,locked_only_right_hard,-45,-0.1875,195,15,375,360,1,right,left,1
images/000902.jpg,0.5833333333333334,0.5,opencv,1777621416.567963,1,1,locked_only_right_hard,-56,-0.23333333333333334,184,4,364,360,1,right,left,1
images/000903.jpg,0.6041666666666666,0.5,opencv,1777621416.7098684,1,1,locked_only_right_hard,-58,-0.24166666666666667,182,2,362,360,1,right,left,1
images/000904.jpg,0.6041666666666666,0.5,opencv,1777621416.8577764,1,1,locked_only_right_hard,-58,-0.24166666666666667,182,2,362,360,1,right,left,1
images/000905.jpg,0.5520833333333333,0.5,opencv,1777621416.9988346,1,1,locked_only_right_hard,-53,-0.22083333333333333,187,7,367,360,1,right,left,2
images/000906.jpg,0.3020833333333333,0.5,opencv,1777621417.1427746,1,1,locked_only_right_hard,-29,-0.12083333333333333,211,31,391,360,1,right,left,1
images/000907.jpg,0.3020833333333333,0.5,opencv,1777621417.285366,1,1,locked_only_right_hard,-29,-0.12083333333333333,211,31,391,360,1,right,left,1
images/000908.jpg,0.3958333333333333,0.5,opencv,1777621417.427327,1,1,locked_only_right_hard,-38,-0.15833333333333333,202,22,382,360,1,right,left,1
images/000909.jpg,0.5104166666666666,0.5,opencv,1777621417.5708823,1,1,locked_only_right_hard,-49,-0.20416666666666666,191,11,371,360,1,right,left,1
images/000910.jpg,0.7291666666666667,0.5,opencv,1777621417.7139962,1,1,locked_only_right_hard,-70,-0.2916666666666667,170,-10,350,360,1,right,left,1
images/000911.jpg,0.7291666666666667,0.5,opencv,1777621417.8577635,1,1,locked_only_right_hard,-70,-0.2916666666666667,170,-10,350,360,1,right,left,1
images/000912.jpg,0.5,0.5,opencv,1777621418.0003562,1,1,locked_only_right_hard,-48,-0.2,192,12,372,360,1,right,left,1
images/000913.jpg,0.4583333333333333,0.5,opencv,1777621418.1416507,1,1,locked_only_right_hard,-44,-0.18333333333333332,196,16,376,360,1,right,left,1
images/000914.jpg,0.3333333333333333,0.5,opencv,1777621418.2852316,1,1,locked_only_right_hard,-32,-0.13333333333333333,208,28,388,360,1,right,left,1
images/000915.jpg,0.3229166666666667,0.5,opencv,1777621418.4290054,1,1,locked_both_hard,-31,-0.12916666666666668,209,20,398,366,1,both,none,2
images/000916.jpg,0.35416666666666663,0.5,opencv,1777621418.5730104,1,1,locked_both_hard,-34,-0.14166666666666666,206,16,397,371,1,both,none,2
images/000917.jpg,0.23958333333333334,0.5,opencv,1777621418.716074,1,1,locked_both_hard,-23,-0.09583333333333334,217,32,403,370,1,both,none,2
images/000918.jpg,0.125,0.5,opencv,1777621418.8576138,1,1,locked_both_hard,-12,-0.05,228,43,414,368,1,both,none,2
images/000919.jpg,-0.041666666666666664,0.5,opencv,1777621419.001237,1,1,locked_both_hard,4,0.016666666666666666,244,63,425,367,1,both,none,2
images/000920.jpg,-0.20833333333333331,0.5,opencv,1777621419.1420178,1,1,locked_both_hard,20,0.08333333333333333,260,86,434,360,1,both,none,2
images/000921.jpg,-0.2604166666666667,0.5,opencv,1777621419.2869394,1,1,locked_both_hard,25,0.10416666666666667,265,92,438,353,1,both,none,2
images/000922.jpg,-0.25,0.5,opencv,1777621419.429806,1,1,locked_both_hard,24,0.1,264,99,429,346,1,both,none,2
images/000923.jpg,-0.22916666666666666,0.5,opencv,1777621419.5712225,1,1,locked_both_hard,22,0.09166666666666666,262,94,431,341,1,both,none,2
images/000924.jpg,-0.15625,0.5,opencv,1777621419.7143826,1,1,locked_both_hard,15,0.0625,255,76,435,345,1,both,none,2
images/000925.jpg,0.07291666666666667,0.5,opencv,1777621419.8552973,1,1,locked_both_hard,-7,-0.029166666666666667,233,41,426,357,1,both,none,2
images/000926.jpg,0.2604166666666667,0.5,opencv,1777621419.9989848,1,1,locked_both_hard,-25,-0.10416666666666667,215,22,408,366,1,both,none,2
images/000927.jpg,0.3125,0.5,opencv,1777621420.1426213,1,1,locked_only_right_hard,-30,-0.125,210,24,395,371,1,right,left,1
images/000928.jpg,0.41666666666666663,0.5,opencv,1777621420.2879448,1,1,locked_only_right_hard,-40,-0.16666666666666666,200,14,385,371,1,right,left,1
images/000929.jpg,0.4791666666666667,0.5,opencv,1777621420.4321313,1,1,locked_only_right_hard,-46,-0.19166666666666668,194,8,379,371,1,right,left,1
images/000930.jpg,0.5208333333333334,0.5,opencv,1777621420.574798,1,1,locked_only_right_hard,-50,-0.20833333333333334,190,4,375,371,1,right,left,1
images/000931.jpg,0.5520833333333333,0.5,opencv,1777621420.7182672,1,1,locked_only_right_hard,-53,-0.22083333333333333,187,1,372,371,1,right,left,1
images/000932.jpg,0.27083333333333337,0.5,opencv,1777621420.8607185,1,1,locked_only_right_hard,-26,-0.10833333333333334,214,28,399,371,1,right,left,2
images/000933.jpg,0.5520833333333333,0.5,opencv,1777621421.003038,1,1,locked_only_right_hard,-53,-0.22083333333333333,187,1,372,371,1,right,left,2
images/000934.jpg,1.0,0.47,opencv,1777621421.1472628,1,1,locked_only_right_hard,-107,-0.44583333333333336,133,-53,318,371,1,right,left,1
images/000935.jpg,1.0,0.47,opencv,1777621421.2888417,1,1,locked_only_right_hard,-115,-0.4791666666666667,125,-61,310,371,1,right,left,2
images/000936.jpg,0.84375,0.47,opencv,1777621421.4332447,1,1,locked_only_right_hard,-81,-0.3375,159,-27,344,371,1,right,left,1
images/000937.jpg,0.6666666666666666,0.5,opencv,1777621421.5765722,1,1,locked_only_right_hard,-64,-0.26666666666666666,176,-10,361,371,1,right,left,1
images/000938.jpg,0.3125,0.5,opencv,1777621421.7189867,1,1,locked_only_right_hard,-30,-0.125,210,24,395,371,1,right,left,1
images/000939.jpg,0.3333333333333333,0.5,opencv,1777621421.8643458,1,1,locked_both_hard,-32,-0.13333333333333333,208,21,395,372,1,both,none,2
images/000940.jpg,0.22916666666666666,0.5,opencv,1777621422.0074992,1,1,locked_both_hard,-22,-0.09166666666666666,218,23,413,376,1,both,none,2
images/000941.jpg,0.2604166666666667,0.5,opencv,1777621422.1518648,1,1,locked_both_hard,-25,-0.10416666666666667,215,27,403,376,1,both,none,2
images/000942.jpg,0.28125,0.5,opencv,1777621422.2950547,1,1,locked_both_hard,-27,-0.1125,213,22,404,377,1,both,none,2
images/000943.jpg,0.34375,0.5,opencv,1777621422.4367669,1,1,locked_both_hard,-33,-0.1375,207,18,397,378,1,both,none,2
images/000944.jpg,0.46875,0.5,opencv,1777621422.579936,1,1,locked_both_hard,-45,-0.1875,195,15,375,374,1,both,none,2
images/000945.jpg,0.35416666666666663,0.5,opencv,1777621422.7207003,1,1,locked_both_hard,-34,-0.14166666666666666,206,13,399,374,1,both,none,2
images/000946.jpg,0.7291666666666667,0.5,opencv,1777621422.864735,1,1,locked_both_hard,-70,-0.2916666666666667,170,17,324,361,1,both,none,2
images/000947.jpg,0.625,0.5,opencv,1777621423.0076509,1,1,locked_both_hard,-60,-0.25,180,19,341,346,1,both,none,2
images/000948.jpg,0.5520833333333333,0.5,opencv,1777621423.1489837,1,1,locked_both_hard,-53,-0.22083333333333333,187,26,348,337,1,both,none,2
images/000949.jpg,0.2916666666666667,0.5,opencv,1777621423.2958763,1,1,locked_both_hard,-28,-0.11666666666666667,212,45,380,335,1,both,none,2
images/000950.jpg,-0.041666666666666664,0.5,opencv,1777621423.439164,1,1,locked_both_hard,4,0.016666666666666666,244,64,425,343,1,both,none,2
images/000951.jpg,-0.3125,0.5,opencv,1777621423.5810757,1,1,locked_both_hard,30,0.125,270,99,441,344,1,both,none,2
images/000952.jpg,-0.42708333333333337,0.5,opencv,1777621423.7253885,1,1,locked_both_hard,41,0.17083333333333334,281,118,444,338,1,both,none,2
images/000953.jpg,-0.4375,0.5,opencv,1777621423.8686469,1,1,locked_both_hard,42,0.175,282,123,441,330,1,both,none,2
images/000954.jpg,-0.28125,0.5,opencv,1777621424.0132093,1,1,locked_both_hard,27,0.1125,267,101,433,329,1,both,none,2
images/000955.jpg,-0.041666666666666664,0.5,opencv,1777621424.1554384,1,1,locked_both_hard,4,0.016666666666666666,244,67,421,335,1,both,none,3
images/000956.jpg,0.1875,0.5,opencv,1777621424.2981963,1,1,locked_both_hard,-18,-0.075,222,32,412,349,1,both,none,2
images/000957.jpg,0.42708333333333337,0.5,opencv,1777621424.441396,1,1,locked_both_hard,-41,-0.17083333333333334,199,14,385,357,1,both,none,3
images/000958.jpg,0.4479166666666667,0.5,opencv,1777621424.5826678,1,1,locked_only_right_hard,-43,-0.17916666666666667,197,18,375,357,1,right,left,2
images/000959.jpg,0.4583333333333333,0.5,opencv,1777621424.7259684,1,1,locked_only_right_hard,-44,-0.18333333333333332,196,17,374,357,1,right,left,1
images/000960.jpg,0.4375,0.5,opencv,1777621424.8684835,1,1,locked_only_right_hard,-42,-0.175,198,19,376,357,1,right,left,1
images/000961.jpg,0.41666666666666663,0.5,opencv,1777621425.0101848,1,1,locked_only_right_hard,-40,-0.16666666666666666,200,21,378,357,1,right,left,1
images/000962.jpg,0.5416666666666667,0.5,opencv,1777621425.1533413,1,1,locked_only_right_hard,-52,-0.21666666666666667,188,9,366,357,1,right,left,1
images/000963.jpg,0.6979166666666667,0.5,opencv,1777621425.295584,1,1,locked_only_right_hard,-67,-0.2791666666666667,173,-6,351,357,1,right,left,1
images/000964.jpg,0.7291666666666667,0.5,opencv,1777621425.4365358,1,1,locked_only_right_hard,-70,-0.2916666666666667,170,-9,348,357,1,right,left,2
images/000965.jpg,0.3958333333333333,0.5,opencv,1777621425.5804062,1,1,locked_only_right_hard,-38,-0.15833333333333333,202,23,380,357,1,right,left,2
images/000966.jpg,0.3125,0.5,opencv,1777621425.72174,1,1,locked_only_right_hard,-30,-0.125,210,31,388,357,1,right,left,2
images/000967.jpg,0.2916666666666667,0.5,opencv,1777621425.8655674,1,1,locked_only_right_hard,-28,-0.11666666666666667,212,33,390,357,1,right,left,1
images/000968.jpg,0.2916666666666667,0.5,opencv,1777621426.008332,1,1,locked_only_right_hard,-28,-0.11666666666666667,212,33,390,357,1,right,left,1
images/000969.jpg,0.4895833333333333,0.5,opencv,1777621426.1511106,1,1,locked_only_right_hard,-47,-0.19583333333333333,193,14,371,357,1,right,left,1
images/000970.jpg,0.5833333333333334,0.5,opencv,1777621426.293915,1,1,locked_only_right_hard,-56,-0.23333333333333334,184,5,362,357,1,right,left,1
images/000971.jpg,0.71875,0.5,opencv,1777621426.4365568,1,1,locked_only_right_hard,-69,-0.2875,171,-8,349,357,1,right,left,1
images/000972.jpg,0.71875,0.5,opencv,1777621426.580857,1,1,locked_only_right_hard,-69,-0.2875,171,-8,349,357,1,right,left,1
images/000973.jpg,0.5416666666666667,0.5,opencv,1777621426.7226818,1,1,locked_only_right_hard,-52,-0.21666666666666667,188,9,366,357,1,right,left,1
images/000974.jpg,0.42708333333333337,0.5,opencv,1777621426.8657105,1,1,locked_both_hard,-41,-0.17083333333333334,199,14,385,359,1,both,none,2
images/000975.jpg,0.20833333333333331,0.5,opencv,1777621427.010444,1,1,locked_both_hard,-20,-0.08333333333333333,220,31,409,364,1,both,none,2
images/000976.jpg,0.08333333333333333,0.5,opencv,1777621427.1520255,1,1,locked_both_hard,-8,-0.03333333333333333,232,50,415,365,1,both,none,2
images/000977.jpg,0.020833333333333332,0.5,opencv,1777621427.2961826,1,1,locked_both_hard,-2,-0.008333333333333333,238,59,418,363,1,both,none,2
images/000978.jpg,-0.0,0.5,opencv,1777621427.439614,1,1,locked_both_hard,0,0.0,240,57,424,363,1,both,none,2
images/000979.jpg,-0.10416666666666666,0.5,opencv,1777621427.581104,1,1,locked_both_hard,10,0.041666666666666664,250,76,424,358,1,both,none,2
images/000980.jpg,-0.14583333333333334,0.5,opencv,1777621427.7252836,1,1,locked_both_hard,14,0.058333333333333334,254,79,429,355,1,both,none,2
images/000981.jpg,-0.03125,0.5,opencv,1777621427.8688395,1,1,locked_both_hard,3,0.0125,243,64,423,356,1,both,none,2
images/000982.jpg,0.010416666666666666,0.5,opencv,1777621428.0118074,1,1,locked_both_hard,-1,-0.004166666666666667,239,61,418,354,1,both,none,2
images/000983.jpg,-0.125,0.5,opencv,1777621428.1547318,1,1,locked_both_hard,12,0.05,252,77,427,352,1,both,none,2
images/000984.jpg,-0.09375,0.5,opencv,1777621428.296657,1,1,locked_both_hard,9,0.0375,249,68,430,354,1,both,none,2
images/000985.jpg,0.03125,0.5,opencv,1777621428.4445777,1,1,locked_both_hard,-3,-0.0125,237,48,426,362,1,both,none,2
images/000986.jpg,0.27083333333333337,0.5,opencv,1777621428.5868824,1,1,locked_both_hard,-26,-0.10833333333333334,214,19,409,370,1,both,none,2
images/000987.jpg,0.41666666666666663,0.5,opencv,1777621428.7304595,1,1,locked_only_right_hard,-40,-0.16666666666666666,200,15,385,370,1,right,left,1
images/000988.jpg,0.4583333333333333,0.5,opencv,1777621428.8735294,1,1,locked_only_right_hard,-44,-0.18333333333333332,196,11,381,370,1,right,left,1
images/000989.jpg,0.4791666666666667,0.5,opencv,1777621429.0152264,1,1,locked_only_right_hard,-46,-0.19166666666666668,194,9,379,370,1,right,left,1
images/000990.jpg,0.75,0.5,opencv,1777621429.1584399,1,1,locked_only_right_hard,-72,-0.3,168,-17,353,370,1,right,left,1
images/000991.jpg,0.46875,0.5,opencv,1777621429.3022816,1,1,locked_only_right_hard,-45,-0.1875,195,10,380,370,1,right,left,2
images/000992.jpg,0.22916666666666666,0.5,opencv,1777621429.4433966,1,1,locked_only_right_hard,-22,-0.09166666666666666,218,33,403,370,1,right,left,2
images/000993.jpg,1.0,0.47,opencv,1777621429.5862951,1,1,locked_only_right_hard,-116,-0.48333333333333334,124,-61,309,370,1,right,left,1
images/000994.jpg,1.0,0.47,opencv,1777621429.7284293,1,1,locked_only_right_hard,-117,-0.4875,123,-62,308,370,1,right,left,1
images/000995.jpg,1.0,0.47,opencv,1777621429.8719602,1,1,locked_only_right_hard,-101,-0.42083333333333334,139,-46,324,370,1,right,left,1
images/000996.jpg,0.7708333333333334,0.47,opencv,1777621430.0128348,1,1,locked_only_right_hard,-74,-0.30833333333333335,166,-19,351,370,1,right,left,1
images/000997.jpg,0.6666666666666666,0.5,opencv,1777621430.1564138,1,1,locked_only_right_hard,-64,-0.26666666666666666,176,-9,361,370,1,right,left,1
images/000998.jpg,0.3229166666666667,0.5,opencv,1777621430.2988844,1,1,locked_only_right_hard,-31,-0.12916666666666668,209,24,394,370,1,right,left,1
images/000999.jpg,0.3020833333333333,0.5,opencv,1777621430.441035,1,1,locked_both_hard,-29,-0.12083333333333333,211,24,399,372,1,both,none,2
images/001000.jpg,0.23958333333333334,0.5,opencv,1777621430.5854123,1,1,locked_both_hard,-23,-0.09583333333333334,217,24,411,376,1,both,none,2
images/001001.jpg,0.2604166666666667,0.5,opencv,1777621430.7286031,1,1,locked_both_hard,-25,-0.10416666666666667,215,26,404,376,1,both,none,2
images/001002.jpg,0.3020833333333333,0.5,opencv,1777621430.87279,1,1,locked_both_hard,-29,-0.12083333333333333,211,21,402,377,1,both,none,2
images/001003.jpg,0.3854166666666667,0.5,opencv,1777621431.0189505,1,1,locked_both_hard,-37,-0.15416666666666667,203,15,392,377,1,both,none,2
images/001004.jpg,0.5,0.5,opencv,1777621431.160875,1,1,locked_both_hard,-48,-0.2,192,14,371,370,1,both,none,2
images/001005.jpg,0.42708333333333337,0.5,opencv,1777621431.303258,1,1,locked_both_hard,-41,-0.17083333333333334,199,13,386,371,1,both,none,2
images/001006.jpg,0.59375,0.5,opencv,1777621431.444063,1,1,locked_both_hard,-57,-0.2375,183,18,349,368,1,both,none,2
images/001007.jpg,0.6458333333333334,0.5,opencv,1777621431.587299,1,1,locked_both_hard,-62,-0.25833333333333336,178,19,338,351,1,both,none,2
images/001008.jpg,0.6354166666666666,0.5,opencv,1777621431.729189,1,1,locked_both_hard,-61,-0.25416666666666665,179,24,335,336,1,both,none,2
images/001009.jpg,0.34375,0.5,opencv,1777621431.8717093,1,1,locked_both_hard,-33,-0.1375,207,42,373,331,1,both,none,2
images/001010.jpg,-0.03125,0.5,opencv,1777621432.0152364,1,1,locked_both_hard,3,0.0125,243,63,423,340,1,both,none,2
images/001011.jpg,-0.3333333333333333,0.5,opencv,1777621432.1561182,1,1,locked_both_hard,32,0.13333333333333333,272,102,443,341,1,both,none,2
images/001012.jpg,-0.5,0.5,opencv,1777621432.3004332,1,1,locked_both_hard,48,0.2,288,129,448,334,1,both,none,2
images/001013.jpg,-0.5104166666666666,0.5,opencv,1777621432.4443843,1,1,locked_both_hard,49,0.20416666666666666,289,134,445,325,1,both,none,2
images/001014.jpg,-0.3229166666666667,0.5,opencv,1777621432.586502,1,1,locked_both_hard,31,0.12916666666666668,271,108,435,324,1,both,none,2
images/001015.jpg,-0.041666666666666664,0.5,opencv,1777621432.7292113,1,1,locked_both_hard,4,0.016666666666666666,244,70,418,331,1,both,none,3
images/001016.jpg,0.19791666666666666,0.5,opencv,1777621432.870611,1,1,locked_both_hard,-19,-0.07916666666666666,221,34,408,345,1,both,none,3
images/001017.jpg,0.36458333333333337,0.5,opencv,1777621433.0141442,1,1,locked_both_hard,-35,-0.14583333333333334,205,17,393,356,1,both,none,3
images/001018.jpg,0.4375,0.5,opencv,1777621433.1564739,1,1,locked_only_right_hard,-42,-0.175,198,19,377,358,1,right,left,2
images/001019.jpg,0.42708333333333337,0.5,opencv,1777621433.297892,1,1,locked_only_right_hard,-41,-0.17083333333333334,199,20,378,358,1,right,left,1
images/001020.jpg,0.4895833333333333,0.5,opencv,1777621433.4420712,1,1,locked_only_right_hard,-47,-0.19583333333333333,193,14,372,358,1,right,left,1
images/001021.jpg,0.36458333333333337,0.5,opencv,1777621433.5835848,1,1,locked_only_right_hard,-35,-0.14583333333333334,205,26,384,358,1,right,left,1
images/001022.jpg,0.5,0.5,opencv,1777621433.728253,1,1,locked_only_right_hard,-48,-0.2,192,13,371,358,1,right,left,1
images/001023.jpg,0.6458333333333334,0.5,opencv,1777621433.8702996,1,1,locked_only_right_hard,-62,-0.25833333333333336,178,-1,357,358,1,right,left,1
images/001024.jpg,0.7395833333333334,0.5,opencv,1777621434.0120418,1,1,locked_only_right_hard,-71,-0.29583333333333334,169,-10,348,358,1,right,left,2
images/001025.jpg,0.5104166666666666,0.5,opencv,1777621434.1577344,1,1,locked_only_right_hard,-49,-0.20416666666666666,191,12,370,358,1,right,left,2
images/001026.jpg,0.34375,0.5,opencv,1777621434.2996728,1,1,locked_only_right_hard,-33,-0.1375,207,28,386,358,1,right,left,1
images/001027.jpg,0.2916666666666667,0.5,opencv,1777621434.443605,1,1,locked_only_right_hard,-28,-0.11666666666666667,212,33,391,358,1,right,left,1
images/001028.jpg,0.3020833333333333,0.5,opencv,1777621434.5869524,1,1,locked_only_right_hard,-29,-0.12083333333333333,211,32,390,358,1,right,left,1
images/001029.jpg,0.4375,0.5,opencv,1777621434.7290125,1,1,locked_only_right_hard,-42,-0.175,198,19,377,358,1,right,left,1
images/001030.jpg,0.5729166666666666,0.5,opencv,1777621434.8723152,1,1,locked_only_right_hard,-55,-0.22916666666666666,185,6,364,358,1,right,left,1
images/001031.jpg,0.7708333333333334,0.47,opencv,1777621435.0147235,1,1,locked_only_right_hard,-74,-0.30833333333333335,166,-13,345,358,1,right,left,1
images/001032.jpg,0.75,0.5,opencv,1777621435.1569612,1,1,locked_only_right_hard,-72,-0.3,168,-11,347,358,1,right,left,1
images/001033.jpg,0.6458333333333334,0.5,opencv,1777621435.299607,1,1,locked_only_right_hard,-62,-0.25833333333333336,178,-1,357,358,1,right,left,1
images/001034.jpg,0.35416666666666663,0.5,opencv,1777621435.4410522,1,1,locked_only_right_hard,-34,-0.14166666666666666,206,27,385,358,1,right,left,1
images/001035.jpg,0.23958333333333334,0.5,opencv,1777621435.588692,1,1,locked_both_hard,-23,-0.09583333333333334,217,28,406,364,1,both,none,2
images/001036.jpg,0.22916666666666666,0.5,opencv,1777621435.732552,1,1,locked_both_hard,-22,-0.09166666666666666,218,28,409,369,1,both,none,2
images/001037.jpg,0.07291666666666667,0.5,opencv,1777621435.874419,1,1,locked_both_hard,-7,-0.029166666666666667,233,50,416,367,1,both,none,2
images/001038.jpg,-0.010416666666666666,0.5,opencv,1777621436.0178742,1,1,locked_both_hard,1,0.004166666666666667,241,60,422,363,1,both,none,2
images/001039.jpg,-0.08333333333333333,0.5,opencv,1777621436.1591463,1,1,locked_both_hard,8,0.03333333333333333,248,72,425,360,1,both,none,2
images/001040.jpg,-0.11458333333333333,0.5,opencv,1777621436.3024836,1,1,locked_both_hard,11,0.04583333333333333,251,75,428,357,1,both,none,2
images/001041.jpg,-0.10416666666666666,0.5,opencv,1777621436.4455752,1,1,locked_both_hard,10,0.041666666666666664,250,70,430,356,1,both,none,2
images/001042.jpg,-0.07291666666666667,0.5,opencv,1777621436.587377,1,1,locked_both_hard,7,0.029166666666666667,247,76,419,351,1,both,none,2
images/001043.jpg,-0.0625,0.5,opencv,1777621436.7307696,1,1,locked_both_hard,6,0.025,246,66,426,352,1,both,none,3
images/001044.jpg,-0.14583333333333334,0.5,opencv,1777621436.8724988,1,1,locked_both_hard,14,0.058333333333333334,254,75,433,353,1,both,none,2
images/001045.jpg,-0.0625,0.5,opencv,1777621437.01749,1,1,locked_both_hard,6,0.025,246,59,433,358,1,both,none,2
images/001046.jpg,0.15625,0.5,opencv,1777621437.1600518,1,1,locked_both_hard,-15,-0.0625,225,33,417,366,1,both,none,2
images/001047.jpg,0.2604166666666667,0.5,opencv,1777621437.3020663,1,1,locked_only_right_hard,-25,-0.10416666666666667,215,29,400,371,1,right,left,1
images/001048.jpg,0.4479166666666667,0.5,opencv,1777621437.4465666,1,1,locked_only_right_hard,-43,-0.17916666666666667,197,11,382,371,1,right,left,1
images/001049.jpg,0.5104166666666666,0.5,opencv,1777621437.5893102,1,1,locked_only_right_hard,-49,-0.20416666666666666,191,5,376,371,1,right,left,1
images/001050.jpg,0.65625,0.5,opencv,1777621437.7323117,1,1,locked_only_right_hard,-63,-0.2625,177,-9,362,371,1,right,left,1
images/001051.jpg,0.5104166666666666,0.5,opencv,1777621437.8738608,1,1,locked_only_right_hard,-49,-0.20416666666666666,191,5,376,371,1,right,left,1
images/001052.jpg,0.6979166666666667,0.5,opencv,1777621438.0148246,1,1,locked_only_right_hard,-67,-0.2791666666666667,173,-13,358,371,1,right,left,3
images/001053.jpg,1.0,0.47,opencv,1777621438.1580837,1,1,locked_only_right_hard,-121,-0.5041666666666667,119,-67,304,371,1,right,left,1
images/001054.jpg,1.0,0.47,opencv,1777621438.3006554,1,1,locked_only_right_hard,-107,-0.44583333333333336,133,-53,318,371,1,right,left,2
images/001055.jpg,0.9375,0.47,opencv,1777621438.443328,1,1,locked_only_right_hard,-90,-0.375,150,-36,335,371,1,right,left,2
images/001056.jpg,0.53125,0.5,opencv,1777621438.5863903,1,1,locked_only_right_hard,-51,-0.2125,189,3,374,371,1,right,left,1
images/001057.jpg,0.25,0.5,opencv,1777621438.7279282,1,1,locked_only_right_hard,-24,-0.1,216,30,401,371,1,right,left,1
images/001058.jpg,0.34375,0.5,opencv,1777621438.8719692,1,1,locked_both_hard,-33,-0.1375,207,18,396,372,1,both,none,2
images/001059.jpg,0.2916666666666667,0.5,opencv,1777621439.0143502,1,1,locked_both_hard,-28,-0.11666666666666667,212,20,404,376,1,both,none,2
images/001060.jpg,0.28125,0.5,opencv,1777621439.1592863,1,1,locked_both_hard,-27,-0.1125,213,22,404,378,1,both,none,2
images/001061.jpg,0.2916666666666667,0.5,opencv,1777621439.3028738,1,1,locked_both_hard,-28,-0.11666666666666667,212,24,401,379,1,both,none,2
images/001062.jpg,0.3125,0.5,opencv,1777621439.4441693,1,1,locked_both_hard,-30,-0.125,210,19,401,378,1,both,none,2
images/001063.jpg,0.35416666666666663,0.5,opencv,1777621439.5875163,1,1,locked_both_hard,-34,-0.14166666666666666,206,14,398,379,1,both,none,2
images/001064.jpg,0.4791666666666667,0.5,opencv,1777621439.729944,1,1,locked_only_right_hard,-46,-0.19166666666666668,194,5,383,378,1,right,left,1
images/001065.jpg,0.5104166666666666,0.5,opencv,1777621439.8715694,1,1,locked_both_hard,-49,-0.20416666666666666,191,12,370,374,1,both,none,2
images/001066.jpg,0.375,0.5,opencv,1777621440.0147846,1,1,locked_both_hard,-36,-0.15,204,13,395,374,1,both,none,2
images/001067.jpg,0.625,0.5,opencv,1777621440.155439,1,1,locked_both_hard,-60,-0.25,180,20,341,352,1,both,none,2
images/001068.jpg,0.5625,0.5,opencv,1777621440.3005283,1,1,locked_both_hard,-54,-0.225,186,24,349,342,1,both,none,2
images/001069.jpg,0.36458333333333337,0.5,opencv,1777621440.4424624,1,1,locked_both_hard,-35,-0.14583333333333334,205,38,372,338,1,both,none,2
images/001070.jpg,0.10416666666666666,0.5,opencv,1777621440.583502,1,1,locked_both_hard,-10,-0.041666666666666664,230,55,406,341,1,both,none,2
images/001071.jpg,-0.11458333333333333,0.5,opencv,1777621440.7264063,1,1,locked_both_hard,11,0.04583333333333333,251,76,427,345,1,both,none,2
images/001072.jpg,-0.3020833333333333,0.5,opencv,1777621440.867372,1,1,locked_both_hard,29,0.12083333333333333,269,98,440,345,1,both,none,2
images/001073.jpg,-0.3333333333333333,0.5,opencv,1777621441.0104554,1,1,locked_both_hard,32,0.13333333333333333,272,106,438,340,1,both,none,2
images/001074.jpg,-0.3020833333333333,0.5,opencv,1777621441.1523929,1,1,locked_both_hard,29,0.12083333333333333,269,104,435,337,1,both,none,2
images/001075.jpg,-0.16666666666666666,0.5,opencv,1777621441.2941544,1,1,locked_both_hard,16,0.06666666666666667,256,87,426,337,1,both,none,3
images/001076.jpg,-0.05208333333333333,0.5,opencv,1777621441.4402912,1,1,locked_both_hard,5,0.020833333333333332,245,67,423,342,1,both,none,2
images/001077.jpg,0.11458333333333333,0.5,opencv,1777621441.5828393,1,1,locked_both_hard,-11,-0.04583333333333333,229,40,418,353,1,both,none,2
images/001078.jpg,0.3020833333333333,0.5,opencv,1777621441.7247555,1,1,locked_both_hard,-29,-0.12083333333333333,211,22,400,362,1,both,none,3
images/001079.jpg,0.41666666666666663,0.5,opencv,1777621441.8689864,1,1,locked_both_hard,-40,-0.16666666666666666,200,8,392,368,1,both,none,2
images/001080.jpg,0.3854166666666667,0.5,opencv,1777621442.0100265,1,1,locked_only_right_hard,-37,-0.15416666666666667,203,19,387,368,1,right,left,1
images/001081.jpg,0.4895833333333333,0.5,opencv,1777621442.154311,1,1,locked_only_right_hard,-47,-0.19583333333333333,193,9,377,368,1,right,left,1
images/001082.jpg,0.5104166666666666,0.5,opencv,1777621442.2970755,1,1,locked_only_right_hard,-49,-0.20416666666666666,191,7,375,368,1,right,left,1
images/001083.jpg,0.5833333333333334,0.5,opencv,1777621442.439121,1,1,locked_only_right_hard,-56,-0.23333333333333334,184,0,368,368,1,right,left,1
images/001084.jpg,0.6666666666666666,0.5,opencv,1777621442.5837824,1,1,locked_only_right_hard,-64,-0.26666666666666666,176,-8,360,368,1,right,left,1
images/001085.jpg,0.6666666666666666,0.5,opencv,1777621442.7258277,1,1,locked_only_right_hard,-64,-0.26666666666666666,176,-8,360,368,1,right,left,2
images/001086.jpg,0.40625,0.5,opencv,1777621442.870672,1,1,locked_only_right_hard,-39,-0.1625,201,17,385,368,1,right,left,2
images/001087.jpg,0.3020833333333333,0.5,opencv,1777621443.0134284,1,1,locked_only_right_hard,-29,-0.12083333333333333,211,27,395,368,1,right,left,1
images/001088.jpg,0.3125,0.5,opencv,1777621443.1555915,1,1,locked_only_right_hard,-30,-0.125,210,26,394,368,1,right,left,1
images/001089.jpg,0.375,0.5,opencv,1777621443.301314,1,1,locked_only_right_hard,-36,-0.15,204,20,388,368,1,right,left,1
images/001090.jpg,0.4791666666666667,0.5,opencv,1777621443.4424858,1,1,locked_only_right_hard,-46,-0.19166666666666668,194,10,378,368,1,right,left,1
images/001091.jpg,0.6875,0.5,opencv,1777621443.5860682,1,1,locked_only_right_hard,-66,-0.275,174,-10,358,368,1,right,left,1
images/001092.jpg,0.71875,0.5,opencv,1777621443.72724,1,1,locked_only_right_hard,-69,-0.2875,171,-13,355,368,1,right,left,1
images/001093.jpg,0.7395833333333334,0.5,opencv,1777621443.8710105,1,1,locked_only_right_hard,-71,-0.29583333333333334,169,-15,353,368,1,right,left,1
images/001094.jpg,0.5104166666666666,0.5,opencv,1777621444.0138438,1,1,locked_only_right_hard,-49,-0.20416666666666666,191,7,375,368,1,right,left,1
images/001095.jpg,0.35416666666666663,0.5,opencv,1777621444.1554415,1,1,locked_both_hard,-34,-0.14166666666666666,206,20,393,369,1,both,none,2
images/001096.jpg,0.1875,0.5,opencv,1777621444.2991977,1,1,locked_both_hard,-18,-0.075,222,31,413,372,1,both,none,2
images/001097.jpg,0.010416666666666666,0.5,opencv,1777621444.4406567,1,1,locked_both_hard,-1,-0.004166666666666667,239,57,422,371,1,both,none,2
images/001098.jpg,-0.05208333333333333,0.5,opencv,1777621444.5822415,1,1,locked_both_hard,5,0.020833333333333332,245,66,424,366,1,both,none,2
images/001099.jpg,-0.041666666666666664,0.5,opencv,1777621444.7273674,1,1,locked_both_hard,4,0.016666666666666666,244,64,425,362,1,both,none,2
images/001100.jpg,-0.13541666666666669,0.5,opencv,1777621444.8695345,1,1,locked_both_hard,13,0.05416666666666667,253,77,429,357,1,both,none,2
images/001101.jpg,-0.14583333333333334,0.5,opencv,1777621445.017241,1,1,locked_both_hard,14,0.058333333333333334,254,78,431,354,1,both,none,2
images/001102.jpg,-0.020833333333333332,0.5,opencv,1777621445.1592414,1,1,locked_both_hard,2,0.008333333333333333,242,64,420,355,1,both,none,2
images/001103.jpg,0.07291666666666667,0.5,opencv,1777621445.3016794,1,1,locked_both_hard,-7,-0.029166666666666667,233,53,414,356,1,both,none,2
images/001104.jpg,-0.10416666666666666,0.5,opencv,1777621445.4451537,1,1,locked_both_hard,10,0.041666666666666664,250,72,429,355,1,both,none,2
images/001105.jpg,-0.09375,0.5,opencv,1777621445.5881371,1,1,locked_both_hard,9,0.0375,249,69,430,356,1,both,none,2
images/001106.jpg,0.03125,0.5,opencv,1777621445.7327342,1,1,locked_both_hard,-3,-0.0125,237,50,424,362,1,both,none,2
images/001107.jpg,0.2604166666666667,0.5,opencv,1777621445.875678,1,1,locked_both_hard,-25,-0.10416666666666667,215,18,412,372,1,both,none,2
images/001108.jpg,0.36458333333333337,0.5,opencv,1777621446.0176117,1,1,locked_only_right_hard,-35,-0.14583333333333334,205,19,391,372,1,right,left,1
images/001109.jpg,0.4375,0.5,opencv,1777621446.1609504,1,1,locked_only_right_hard,-42,-0.175,198,12,384,372,1,right,left,1
images/001110.jpg,0.5729166666666666,0.5,opencv,1777621446.3016045,1,1,locked_only_right_hard,-55,-0.22916666666666666,185,-1,371,372,1,right,left,1
images/001111.jpg,0.8229166666666666,0.47,opencv,1777621446.4444644,1,1,locked_only_right_hard,-79,-0.32916666666666666,161,-25,347,372,1,right,left,1
images/001112.jpg,0.53125,0.5,opencv,1777621446.5865674,1,1,locked_only_right_hard,-51,-0.2125,189,3,375,372,1,right,left,2
images/001113.jpg,0.22916666666666666,0.5,opencv,1777621446.727871,1,1,locked_only_right_hard,-22,-0.09166666666666666,218,32,404,372,1,right,left,2
images/001114.jpg,1.0,0.47,opencv,1777621446.8711007,1,1,locked_only_right_hard,-103,-0.42916666666666664,137,-49,323,372,1,right,left,1
images/001115.jpg,1.0,0.47,opencv,1777621447.0117004,1,1,locked_only_right_hard,-104,-0.43333333333333335,136,-50,322,372,1,right,left,2
images/001116.jpg,0.7291666666666667,0.5,opencv,1777621447.155047,1,1,locked_only_right_hard,-70,-0.2916666666666667,170,-16,356,372,1,right,left,1
images/001117.jpg,0.4791666666666667,0.5,opencv,1777621447.2973652,1,1,locked_only_right_hard,-46,-0.19166666666666668,194,8,380,372,1,right,left,1
images/001118.jpg,0.3854166666666667,0.5,opencv,1777621447.439905,1,1,locked_both_hard,-37,-0.15416666666666667,203,14,392,373,1,both,none,2
images/001119.jpg,0.2916666666666667,0.5,opencv,1777621447.5835564,1,1,locked_both_hard,-28,-0.11666666666666667,212,20,405,377,1,both,none,2
images/001120.jpg,0.25,0.5,opencv,1777621447.726747,1,1,locked_both_hard,-24,-0.1,216,23,410,378,1,both,none,2
images/001121.jpg,0.28125,0.5,opencv,1777621447.8704767,1,1,locked_both_hard,-27,-0.1125,213,25,402,379,1,both,none,2
images/001122.jpg,0.3125,0.5,opencv,1777621448.0121477,1,1,locked_both_hard,-30,-0.125,210,20,400,377,1,both,none,2
images/001123.jpg,0.36458333333333337,0.5,opencv,1777621448.1535013,1,1,locked_both_hard,-35,-0.14583333333333334,205,16,395,378,1,both,none,2
images/001124.jpg,0.4479166666666667,0.5,opencv,1777621448.2969053,1,1,locked_both_hard,-43,-0.17916666666666667,197,15,380,375,1,both,none,2
images/001125.jpg,0.4375,0.5,opencv,1777621448.4404714,1,1,locked_both_hard,-42,-0.175,198,13,383,371,1,both,none,2
images/001126.jpg,0.25,0.5,opencv,1777621448.5860891,1,1,locked_both_hard,-24,-0.1,216,15,417,378,1,both,none,3
images/001127.jpg,0.6145833333333333,0.5,opencv,1777621448.729267,1,1,locked_both_hard,-59,-0.24583333333333332,181,19,343,355,1,both,none,2
images/001128.jpg,0.6354166666666666,0.5,opencv,1777621448.8697846,1,1,locked_both_hard,-61,-0.25416666666666665,179,20,338,341,1,both,none,2
images/001129.jpg,0.4791666666666667,0.5,opencv,1777621449.0134113,1,1,locked_both_hard,-46,-0.19166666666666668,194,33,355,332,1,both,none,2
images/001130.jpg,0.13541666666666669,0.5,opencv,1777621449.1562924,1,1,locked_both_hard,-13,-0.05416666666666667,227,53,402,334,1,both,none,2
images/001131.jpg,-0.17708333333333331,0.5,opencv,1777621449.2991848,1,1,locked_both_hard,17,0.07083333333333333,257,80,435,341,1,both,none,2
images/001132.jpg,-0.4375,0.5,opencv,1777621449.442184,1,1,locked_both_hard,42,0.175,282,116,449,337,1,both,none,2
images/001133.jpg,-0.5,0.5,opencv,1777621449.5831943,1,1,locked_both_hard,48,0.2,288,130,447,329,1,both,none,2
images/001134.jpg,-0.41666666666666663,0.5,opencv,1777621449.7265613,1,1,locked_both_hard,40,0.16666666666666666,280,118,442,326,1,both,none,2
images/001135.jpg,-0.14583333333333334,0.5,opencv,1777621449.8685548,1,1,locked_both_hard,14,0.058333333333333334,254,86,423,329,1,both,none,3
images/001136.jpg,0.07291666666666667,0.5,opencv,1777621450.0123534,1,1,locked_both_hard,-7,-0.029166666666666667,233,51,416,340,1,both,none,3
images/001137.jpg,0.2604166666666667,0.5,opencv,1777621450.155462,1,1,locked_both_hard,-25,-0.10416666666666667,215,27,403,352,1,both,none,2
images/001138.jpg,0.3854166666666667,0.5,opencv,1777621450.2977378,1,1,locked_both_hard,-37,-0.15416666666666667,203,15,391,360,1,both,none,3
images/001139.jpg,0.35416666666666663,0.5,opencv,1777621450.4446273,1,1,locked_only_right_hard,-34,-0.14166666666666666,206,24,387,363,1,right,left,1
images/001140.jpg,0.3229166666666667,0.5,opencv,1777621450.586457,1,1,locked_only_right_hard,-31,-0.12916666666666668,209,27,390,363,1,right,left,1
images/001141.jpg,0.41666666666666663,0.5,opencv,1777621450.730602,1,1,locked_only_right_hard,-40,-0.16666666666666666,200,18,381,363,1,right,left,1
images/001142.jpg,0.4895833333333333,0.5,opencv,1777621450.8743372,1,1,locked_only_right_hard,-47,-0.19583333333333333,193,11,374,363,1,right,left,1
images/001143.jpg,0.59375,0.5,opencv,1777621451.016399,1,1,locked_only_right_hard,-57,-0.2375,183,1,364,363,1,right,left,1
images/001144.jpg,0.75,0.5,opencv,1777621451.1625354,1,1,locked_only_right_hard,-72,-0.3,168,-14,349,363,1,right,left,1
images/001145.jpg,0.65625,0.5,opencv,1777621451.3044434,1,1,locked_only_right_hard,-63,-0.2625,177,-5,358,363,1,right,left,2
images/001146.jpg,0.40625,0.5,opencv,1777621451.4458394,1,1,locked_only_right_hard,-39,-0.1625,201,19,382,363,1,right,left,2
images/001147.jpg,0.3020833333333333,0.5,opencv,1777621451.5883603,1,1,locked_only_right_hard,-29,-0.12083333333333333,211,29,392,363,1,right,left,1
images/001148.jpg,0.2916666666666667,0.5,opencv,1777621451.7297566,1,1,locked_only_right_hard,-28,-0.11666666666666667,212,30,393,363,1,right,left,1
images/001149.jpg,0.3333333333333333,0.5,opencv,1777621451.8731682,1,1,locked_only_right_hard,-32,-0.13333333333333333,208,26,389,363,1,right,left,1
images/001150.jpg,0.5,0.5,opencv,1777621452.0173738,1,1,locked_only_right_hard,-48,-0.2,192,10,373,363,1,right,left,1
images/001151.jpg,0.5833333333333334,0.5,opencv,1777621452.1609256,1,1,locked_only_right_hard,-56,-0.23333333333333334,184,2,365,363,1,right,left,1
images/001152.jpg,0.6979166666666667,0.5,opencv,1777621452.306758,1,1,locked_only_right_hard,-67,-0.2791666666666667,173,-9,354,363,1,right,left,1
images/001153.jpg,0.6770833333333333,0.5,opencv,1777621452.4483297,1,1,locked_only_right_hard,-65,-0.2708333333333333,175,-7,356,363,1,right,left,1
images/001154.jpg,0.4895833333333333,0.5,opencv,1777621452.5929189,1,1,locked_only_right_hard,-47,-0.19583333333333333,193,11,374,363,1,right,left,1
images/001155.jpg,0.3854166666666667,0.5,opencv,1777621452.734199,1,1,locked_both_hard,-37,-0.15416666666666667,203,17,390,365,1,both,none,2
images/001156.jpg,0.22916666666666666,0.5,opencv,1777621452.8806903,1,1,locked_both_hard,-22,-0.09166666666666666,218,28,408,369,1,both,none,2
images/001157.jpg,0.14583333333333334,0.5,opencv,1777621453.0244644,1,1,locked_both_hard,-14,-0.058333333333333334,226,43,409,368,1,both,none,2
images/001158.jpg,0.08333333333333333,0.5,opencv,1777621453.166055,1,1,locked_both_hard,-8,-0.03333333333333333,232,52,412,366,1,both,none,2
images/001159.jpg,0.0625,0.5,opencv,1777621453.3096063,1,1,locked_both_hard,-6,-0.025,234,49,420,367,1,both,none,2
images/001160.jpg,-0.0625,0.5,opencv,1777621453.45045,1,1,locked_both_hard,6,0.025,246,72,421,361,1,both,none,2
images/001161.jpg,-0.16666666666666666,0.5,opencv,1777621453.594145,1,1,locked_both_hard,16,0.06666666666666667,256,83,430,356,1,both,none,2
images/001162.jpg,-0.07291666666666667,0.5,opencv,1777621453.7359605,1,1,locked_both_hard,7,0.029166666666666667,247,70,425,355,1,both,none,2
images/001163.jpg,-0.05208333333333333,0.5,opencv,1777621453.8776438,1,1,locked_both_hard,5,0.020833333333333332,245,69,421,352,1,both,none,2
images/001164.jpg,-0.15625,0.5,opencv,1777621454.021253,1,1,locked_both_hard,15,0.0625,255,83,428,351,1,both,none,2
images/001165.jpg,-0.08333333333333333,0.5,opencv,1777621454.1643372,1,1,locked_both_hard,8,0.03333333333333333,248,69,428,354,1,both,none,2
images/001166.jpg,0.020833333333333332,0.5,opencv,1777621454.3085139,1,1,locked_both_hard,-2,-0.008333333333333333,238,50,427,361,1,both,none,2
images/001167.jpg,0.27083333333333337,0.5,opencv,1777621454.4521675,1,1,locked_both_hard,-26,-0.10833333333333334,214,19,410,370,1,both,none,2
images/001168.jpg,0.375,0.5,opencv,1777621454.593972,1,1,locked_only_right_hard,-36,-0.15,204,19,389,370,1,right,left,1
images/001169.jpg,0.46875,0.5,opencv,1777621454.7396204,1,1,locked_only_right_hard,-45,-0.1875,195,10,380,370,1,right,left,1
images/001170.jpg,0.5729166666666666,0.5,opencv,1777621454.8813176,1,1,locked_only_right_hard,-55,-0.22916666666666666,185,0,370,370,1,right,left,1
images/001171.jpg,0.75,0.5,opencv,1777621455.026007,1,1,locked_only_right_hard,-72,-0.3,168,-17,353,370,1,right,left,1
images/001172.jpg,0.4479166666666667,0.5,opencv,1777621455.168997,1,1,locked_only_right_hard,-43,-0.17916666666666667,197,12,382,370,1,right,left,2
images/001173.jpg,0.19791666666666666,0.5,opencv,1777621455.310376,1,1,locked_only_right_hard,-19,-0.07916666666666666,221,36,406,370,1,right,left,2
images/001174.jpg,1.0,0.47,opencv,1777621455.4543767,1,1,locked_only_right_hard,-118,-0.49166666666666664,122,-63,307,370,1,right,left,1
images/001175.jpg,1.0,0.47,opencv,1777621455.601729,1,1,locked_only_right_hard,-118,-0.49166666666666664,122,-63,307,370,1,right,left,1
images/001176.jpg,1.0,0.47,opencv,1777621455.7440488,1,1,locked_only_right_hard,-109,-0.45416666666666666,131,-54,316,370,1,right,left,1
images/001177.jpg,0.90625,0.47,opencv,1777621455.8877006,1,1,locked_only_right_hard,-87,-0.3625,153,-32,338,370,1,right,left,1
images/001178.jpg,0.7083333333333333,0.5,opencv,1777621456.0306306,1,1,locked_only_right_hard,-68,-0.2833333333333333,172,-13,357,370,1,right,left,1
images/001179.jpg,0.3958333333333333,0.5,opencv,1777621456.1746745,1,1,locked_only_right_hard,-38,-0.15833333333333333,202,17,387,370,1,right,left,1
images/001180.jpg,0.3020833333333333,0.5,opencv,1777621456.3196487,1,1,locked_both_hard,-29,-0.12083333333333333,211,22,400,371,1,both,none,2
images/001181.jpg,0.2916666666666667,0.5,opencv,1777621456.4625106,1,1,locked_both_hard,-28,-0.11666666666666667,212,23,401,374,1,both,none,2
images/001182.jpg,0.23958333333333334,0.5,opencv,1777621456.6066592,1,1,locked_both_hard,-23,-0.09583333333333334,217,28,407,375,1,both,none,2
images/001183.jpg,0.2604166666666667,0.5,opencv,1777621456.7492218,1,1,locked_both_hard,-25,-0.10416666666666667,215,23,407,377,1,both,none,2
images/001184.jpg,0.3229166666666667,0.5,opencv,1777621456.8945339,1,1,locked_both_hard,-31,-0.12916666666666668,209,19,400,377,1,both,none,2
images/001185.jpg,0.4479166666666667,0.5,opencv,1777621457.037187,1,1,locked_both_hard,-43,-0.17916666666666667,197,17,378,372,1,both,none,2
images/001186.jpg,0.35416666666666663,0.5,opencv,1777621457.1813848,1,1,locked_both_hard,-34,-0.14166666666666666,206,15,398,375,1,both,none,2
images/001187.jpg,0.6458333333333334,0.5,opencv,1777621457.3246324,1,1,locked_both_hard,-62,-0.25833333333333336,178,19,337,350,1,both,none,2
images/001188.jpg,0.6145833333333333,0.5,opencv,1777621457.4664931,1,1,locked_both_hard,-59,-0.24583333333333332,181,20,342,340,1,both,none,2
images/001189.jpg,0.3958333333333333,0.5,opencv,1777621457.6139448,1,1,locked_both_hard,-38,-0.15833333333333333,202,37,367,335,1,both,none,2
images/001190.jpg,0.07291666666666667,0.5,opencv,1777621457.7556126,1,1,locked_both_hard,-7,-0.029166666666666667,233,55,411,340,1,both,none,2
images/001191.jpg,-0.15625,0.5,opencv,1777621457.8966768,1,1,locked_both_hard,15,0.0625,255,76,434,346,1,both,none,2
images/001192.jpg,-0.3125,0.5,opencv,1777621458.039394,1,1,locked_both_hard,30,0.125,270,99,441,346,1,both,none,2
images/001193.jpg,-0.3125,0.5,opencv,1777621458.18047,1,1,locked_both_hard,30,0.125,270,102,439,342,1,both,none,2
images/001194.jpg,-0.2916666666666667,0.5,opencv,1777621458.3237634,1,1,locked_both_hard,28,0.11666666666666667,268,101,436,339,1,both,none,2
images/001195.jpg,-0.13541666666666669,0.5,opencv,1777621458.4657497,1,1,locked_both_hard,13,0.05416666666666667,253,82,424,338,1,both,none,2
images/001196.jpg,-0.010416666666666666,0.5,opencv,1777621458.6070294,1,1,locked_both_hard,1,0.004166666666666667,241,61,421,343,1,both,none,2
images/001197.jpg,0.1875,0.5,opencv,1777621458.751199,1,1,locked_both_hard,-18,-0.075,222,34,411,353,1,both,none,2
images/001198.jpg,0.34375,0.5,opencv,1777621458.8939931,1,1,locked_both_hard,-33,-0.1375,207,19,395,361,1,both,none,3
images/001199.jpg,0.40625,0.5,opencv,1777621459.0383713,1,1,locked_both_hard,-39,-0.1625,201,9,393,367,1,both,none,2
images/001200.jpg,0.35416666666666663,0.5,opencv,1777621459.1807506,1,1,locked_only_right_hard,-34,-0.14166666666666666,206,22,389,367,1,right,left,1
images/001201.jpg,0.36458333333333337,0.5,opencv,1777621459.322219,1,1,locked_only_right_hard,-35,-0.14583333333333334,205,21,388,367,1,right,left,1
images/001202.jpg,0.4791666666666667,0.5,opencv,1777621459.4651537,1,1,locked_only_right_hard,-46,-0.19166666666666668,194,10,377,367,1,right,left,1
images/001203.jpg,0.59375,0.5,opencv,1777621459.6068065,1,1,locked_only_right_hard,-57,-0.2375,183,-1,366,367,1,right,left,1
images/001204.jpg,0.8125,0.47,opencv,1777621459.7507832,1,1,locked_only_right_hard,-78,-0.325,162,-22,345,367,1,right,left,1
images/001205.jpg,0.7916666666666666,0.47,opencv,1777621459.8939743,1,1,locked_only_right_hard,-76,-0.31666666666666665,164,-20,347,367,1,right,left,2
images/001206.jpg,0.5104166666666666,0.5,opencv,1777621460.036085,1,1,locked_only_right_hard,-49,-0.20416666666666666,191,7,374,367,1,right,left,2
images/001207.jpg,0.34375,0.5,opencv,1777621460.18021,1,1,locked_only_right_hard,-33,-0.1375,207,23,390,367,1,right,left,1
images/001208.jpg,0.28125,0.5,opencv,1777621460.321405,1,1,locked_only_right_hard,-27,-0.1125,213,29,396,367,1,right,left,1
images/001209.jpg,0.2916666666666667,0.5,opencv,1777621460.4652953,1,1,locked_only_right_hard,-28,-0.11666666666666667,212,28,395,367,1,right,left,1
images/001210.jpg,0.34375,0.5,opencv,1777621460.6080353,1,1,locked_only_right_hard,-33,-0.1375,207,23,390,367,1,right,left,1
images/001211.jpg,0.5208333333333334,0.5,opencv,1777621460.7495193,1,1,locked_only_right_hard,-50,-0.20833333333333334,190,6,373,367,1,right,left,1
images/001212.jpg,0.6354166666666666,0.5,opencv,1777621460.8930266,1,1,locked_only_right_hard,-61,-0.25416666666666665,179,-5,362,367,1,right,left,1
images/001213.jpg,0.6145833333333333,0.5,opencv,1777621461.0355535,1,1,locked_only_right_hard,-59,-0.24583333333333332,181,-3,364,367,1,right,left,1
images/001214.jpg,0.6875,0.5,opencv,1777621461.179193,1,1,locked_only_right_hard,-66,-0.275,174,-10,357,367,1,right,left,1
images/001215.jpg,0.4375,0.5,opencv,1777621461.3228238,1,1,locked_only_right_hard,-42,-0.175,198,14,381,367,1,right,left,1
images/001216.jpg,0.2916666666666667,0.5,opencv,1777621461.4645858,1,1,locked_both_hard,-28,-0.11666666666666667,212,23,401,370,1,both,none,2
images/001217.jpg,0.22916666666666666,0.5,opencv,1777621461.6078804,1,1,locked_both_hard,-22,-0.09166666666666666,218,28,408,373,1,both,none,2
images/001218.jpg,0.08333333333333333,0.5,opencv,1777621461.7498214,1,1,locked_both_hard,-8,-0.03333333333333333,232,49,416,370,1,both,none,2
images/001219.jpg,-0.010416666666666666,0.5,opencv,1777621461.8936682,1,1,locked_both_hard,1,0.004166666666666667,241,61,422,365,1,both,none,2
images/001220.jpg,-0.03125,0.5,opencv,1777621462.0367696,1,1,locked_both_hard,3,0.0125,243,65,422,363,1,both,none,2
images/001221.jpg,-0.09375,0.5,opencv,1777621462.178831,1,1,locked_both_hard,9,0.0375,249,72,427,359,1,both,none,2
images/001222.jpg,-0.13541666666666669,0.5,opencv,1777621462.3230581,1,1,locked_both_hard,13,0.05416666666666667,253,75,431,356,1,both,none,2
images/001223.jpg,-0.09375,0.5,opencv,1777621462.4645092,1,1,locked_both_hard,9,0.0375,249,76,422,352,1,both,none,2
images/001224.jpg,-0.13541666666666669,0.5,opencv,1777621462.6085694,1,1,locked_both_hard,13,0.05416666666666667,253,78,429,351,1,both,none,2
images/001225.jpg,-0.13541666666666669,0.5,opencv,1777621462.7510965,1,1,locked_both_hard,13,0.05416666666666667,253,73,434,352,1,both,none,2
images/001226.jpg,0.041666666666666664,0.5,opencv,1777621462.8925214,1,1,locked_both_hard,-4,-0.016666666666666666,236,45,428,359,1,both,none,2
images/001227.jpg,0.21875,0.5,opencv,1777621463.0368576,1,1,locked_both_hard,-21,-0.0875,219,26,413,367,1,both,none,2
images/001228.jpg,0.25,0.5,opencv,1777621463.179493,1,1,locked_only_right_hard,-24,-0.1,216,30,401,371,1,right,left,1
images/001229.jpg,0.375,0.5,opencv,1777621463.322776,1,1,locked_only_right_hard,-36,-0.15,204,18,389,371,1,right,left,1
images/001230.jpg,0.42708333333333337,0.5,opencv,1777621463.4645658,1,1,locked_only_right_hard,-41,-0.17083333333333334,199,13,384,371,1,right,left,1
images/001231.jpg,0.5104166666666666,0.5,opencv,1777621463.6058178,1,1,locked_only_right_hard,-49,-0.20416666666666666,191,5,376,371,1,right,left,1
images/001232.jpg,0.53125,0.5,opencv,1777621463.7495992,1,1,locked_only_right_hard,-51,-0.2125,189,3,374,371,1,right,left,1
images/001233.jpg,0.27083333333333337,0.5,opencv,1777621463.8924172,1,1,locked_only_right_hard,-26,-0.10833333333333334,214,28,399,371,1,right,left,2
images/001234.jpg,1.0,0.47,opencv,1777621464.035013,1,1,locked_only_right_hard,-114,-0.475,126,-60,311,371,1,right,left,1
images/001235.jpg,1.0,0.47,opencv,1777621464.1792226,1,1,locked_only_right_hard,-104,-0.43333333333333335,136,-50,321,371,1,right,left,1
images/001236.jpg,1.0,0.47,opencv,1777621464.3203511,1,1,locked_only_right_hard,-108,-0.45,132,-54,317,371,1,right,left,1
images/001237.jpg,0.78125,0.47,opencv,1777621464.4643312,1,1,locked_only_right_hard,-75,-0.3125,165,-21,350,371,1,right,left,1
images/001238.jpg,0.5625,0.5,opencv,1777621464.6089675,1,1,locked_only_right_hard,-54,-0.225,186,0,371,371,1,right,left,1
images/001239.jpg,0.5208333333333334,0.5,opencv,1777621464.7512639,1,1,locked_only_right_hard,-50,-0.20833333333333334,190,4,375,371,1,right,left,1
images/001240.jpg,0.3229166666666667,0.5,opencv,1777621464.8958228,1,1,locked_both_hard,-31,-0.12916666666666668,209,17,401,375,1,both,none,2
images/001241.jpg,0.2916666666666667,0.5,opencv,1777621465.0378222,1,1,locked_both_hard,-28,-0.11666666666666667,212,23,401,375,1,both,none,2
images/001242.jpg,0.28125,0.5,opencv,1777621465.1862195,1,1,locked_both_hard,-27,-0.1125,213,24,402,378,1,both,none,2
images/001243.jpg,0.28125,0.5,opencv,1777621465.3283243,1,1,locked_both_hard,-27,-0.1125,213,23,404,377,1,both,none,2
images/001244.jpg,0.3125,0.5,opencv,1777621465.4724379,1,1,locked_both_hard,-30,-0.125,210,18,402,379,1,both,none,2
images/001245.jpg,0.36458333333333337,0.5,opencv,1777621465.615445,1,1,locked_both_hard,-35,-0.14583333333333334,205,16,395,379,1,both,none,2
images/001246.jpg,0.46875,0.5,opencv,1777621465.756665,1,1,locked_both_hard,-45,-0.1875,195,16,375,371,1,both,none,2
images/001247.jpg,0.34375,0.5,opencv,1777621465.9003372,1,1,locked_both_hard,-33,-0.1375,207,15,399,376,1,both,none,2
images/001248.jpg,0.6041666666666666,0.5,opencv,1777621466.0423517,1,1,locked_both_hard,-58,-0.24166666666666667,182,20,345,353,1,both,none,2
images/001249.jpg,0.6041666666666666,0.5,opencv,1777621466.1865027,1,1,locked_both_hard,-58,-0.24166666666666667,182,21,343,342,1,both,none,2
images/001250.jpg,0.35416666666666663,0.5,opencv,1777621466.3296056,1,1,locked_both_hard,-34,-0.14166666666666666,206,42,370,336,1,both,none,2
images/001251.jpg,0.020833333333333332,0.5,opencv,1777621466.471977,1,1,locked_both_hard,-2,-0.008333333333333333,238,58,418,340,1,both,none,2
images/001252.jpg,-0.19791666666666666,0.5,opencv,1777621466.616365,1,1,locked_both_hard,19,0.07916666666666666,259,82,436,346,1,both,none,2
images/001253.jpg,-0.3333333333333333,0.5,opencv,1777621466.7585895,1,1,locked_both_hard,32,0.13333333333333333,272,101,444,345,1,both,none,2
images/001254.jpg,-0.36458333333333337,0.5,opencv,1777621466.8996334,1,1,locked_both_hard,35,0.14583333333333334,275,109,441,340,1,both,none,2
images/001255.jpg,-0.3020833333333333,0.5,opencv,1777621467.0439947,1,1,locked_both_hard,29,0.12083333333333333,269,103,435,336,1,both,none,2
images/001256.jpg,-0.125,0.5,opencv,1777621467.1865706,1,1,locked_both_hard,12,0.05,252,82,422,336,1,both,none,3
images/001257.jpg,0.03125,0.5,opencv,1777621467.3306348,1,1,locked_both_hard,-3,-0.0125,237,55,419,343,1,both,none,2
images/001258.jpg,0.22916666666666666,0.5,opencv,1777621467.4753728,1,1,locked_both_hard,-22,-0.09166666666666666,218,30,407,353,1,both,none,2
images/001259.jpg,0.3958333333333333,0.5,opencv,1777621467.6189408,1,1,locked_both_hard,-38,-0.15833333333333333,202,15,389,361,1,both,none,3
images/001260.jpg,0.2916666666666667,0.5,opencv,1777621467.7631054,1,1,locked_only_right_hard,-28,-0.11666666666666667,212,30,393,363,1,right,left,1
images/001261.jpg,0.4375,0.5,opencv,1777621467.9057317,1,1,locked_only_right_hard,-42,-0.175,198,16,379,363,1,right,left,1
images/001262.jpg,0.3958333333333333,0.5,opencv,1777621468.0491676,1,1,locked_only_right_hard,-38,-0.15833333333333333,202,20,383,363,1,right,left,1
images/001263.jpg,0.5520833333333333,0.5,opencv,1777621468.1946056,1,1,locked_only_right_hard,-53,-0.22083333333333333,187,5,368,363,1,right,left,1
images/001264.jpg,0.6458333333333334,0.5,opencv,1777621468.336674,1,1,locked_only_right_hard,-62,-0.25833333333333336,178,-4,359,363,1,right,left,1
images/001265.jpg,0.7083333333333333,0.5,opencv,1777621468.4811943,1,1,locked_only_right_hard,-68,-0.2833333333333333,172,-10,353,363,1,right,left,1
images/001266.jpg,0.625,0.5,opencv,1777621468.624134,1,1,locked_only_right_hard,-60,-0.25,180,-2,361,363,1,right,left,2
images/001267.jpg,0.375,0.5,opencv,1777621468.7680266,1,1,locked_only_right_hard,-36,-0.15,204,22,385,363,1,right,left,2
images/001268.jpg,0.2604166666666667,0.5,opencv,1777621468.91003,1,1,locked_only_right_hard,-25,-0.10416666666666667,215,33,396,363,1,right,left,1
images/001269.jpg,0.28125,0.5,opencv,1777621469.052677,1,1,locked_only_right_hard,-27,-0.1125,213,31,394,363,1,right,left,1
images/001270.jpg,0.3125,0.5,opencv,1777621469.1953557,1,1,locked_only_right_hard,-30,-0.125,210,28,391,363,1,right,left,1
images/001271.jpg,0.46875,0.5,opencv,1777621469.338927,1,1,locked_only_right_hard,-45,-0.1875,195,13,376,363,1,right,left,1
images/001272.jpg,0.59375,0.5,opencv,1777621469.4828832,1,1,locked_only_right_hard,-57,-0.2375,183,1,364,363,1,right,left,1
images/001273.jpg,0.7604166666666666,0.47,opencv,1777621469.6271365,1,1,locked_only_right_hard,-73,-0.30416666666666664,167,-15,348,363,1,right,left,1
images/001274.jpg,0.78125,0.47,opencv,1777621469.770757,1,1,locked_only_right_hard,-75,-0.3125,165,-17,346,363,1,right,left,1
images/001275.jpg,0.5,0.5,opencv,1777621469.9137542,1,1,locked_only_right_hard,-48,-0.2,192,10,373,363,1,right,left,1
images/001276.jpg,0.375,0.5,opencv,1777621470.0581107,1,1,locked_both_hard,-36,-0.15,204,18,391,365,1,both,none,2
images/001277.jpg,0.25,0.5,opencv,1777621470.202604,1,1,locked_both_hard,-24,-0.1,216,26,407,369,1,both,none,2
images/001278.jpg,0.13541666666666669,0.5,opencv,1777621470.3439069,1,1,locked_both_hard,-13,-0.05416666666666667,227,43,412,370,1,both,none,2
images/001279.jpg,0.041666666666666664,0.5,opencv,1777621470.4873087,1,1,locked_both_hard,-4,-0.016666666666666666,236,57,416,367,1,both,none,2
images/001280.jpg,0.03125,0.5,opencv,1777621470.6295476,1,1,locked_both_hard,-3,-0.0125,237,55,420,365,1,both,none,2
images/001281.jpg,-0.10416666666666666,0.5,opencv,1777621470.7713418,1,1,locked_both_hard,10,0.041666666666666664,250,74,427,361,1,both,none,2
images/001282.jpg,-0.1875,0.5,opencv,1777621470.9155846,1,1,locked_both_hard,18,0.075,258,83,434,357,1,both,none,2
images/001283.jpg,-0.08333333333333333,0.5,opencv,1777621471.057433,1,1,locked_both_hard,8,0.03333333333333333,248,72,425,355,1,both,none,2
images/001284.jpg,-0.010416666666666666,0.5,opencv,1777621471.2015328,1,1,locked_both_hard,1,0.004166666666666667,241,65,418,353,1,both,none,2
images/001285.jpg,-0.15625,0.5,opencv,1777621471.3452187,1,1,locked_both_hard,15,0.0625,255,79,431,353,1,both,none,2
images/001286.jpg,-0.08333333333333333,0.5,opencv,1777621471.4877942,1,1,locked_both_hard,8,0.03333333333333333,248,65,431,355,1,both,none,2
images/001287.jpg,0.0625,0.5,opencv,1777621471.634095,1,1,locked_both_hard,-6,-0.025,234,45,424,363,1,both,none,2
images/001288.jpg,0.3229166666666667,0.5,opencv,1777621471.774794,1,1,locked_both_hard,-31,-0.12916666666666668,209,15,404,372,1,both,none,2
images/001289.jpg,0.41666666666666663,0.5,opencv,1777621471.9180284,1,1,locked_only_right_hard,-40,-0.16666666666666666,200,14,386,372,1,right,left,1
images/001290.jpg,0.40625,0.5,opencv,1777621472.060794,1,1,locked_only_right_hard,-39,-0.1625,201,15,387,372,1,right,left,1
images/001291.jpg,0.4375,0.5,opencv,1777621472.2018661,1,1,locked_only_right_hard,-42,-0.175,198,12,384,372,1,right,left,1
images/001292.jpg,0.65625,0.5,opencv,1777621472.3456728,1,1,locked_only_right_hard,-63,-0.2625,177,-9,363,372,1,right,left,1
images/001293.jpg,0.4479166666666667,0.5,opencv,1777621472.487066,1,1,locked_only_right_hard,-43,-0.17916666666666667,197,11,383,372,1,right,left,1
images/001294.jpg,0.21875,0.5,opencv,1777621472.6306844,1,1,locked_only_right_hard,-21,-0.0875,219,33,405,372,1,right,left,2
images/001295.jpg,1.0,0.47,opencv,1777621472.7731712,1,1,locked_only_right_hard,-124,-0.5166666666666667,116,-70,302,372,1,right,left,1
images/001296.jpg,1.0,0.47,opencv,1777621472.9193873,1,1,locked_only_right_hard,-117,-0.4875,123,-63,309,372,1,right,left,1
images/001297.jpg,1.0,0.47,opencv,1777621473.0626342,1,1,locked_only_right_hard,-98,-0.4083333333333333,142,-44,328,372,1,right,left,1
images/001298.jpg,0.7708333333333334,0.47,opencv,1777621473.2020824,1,1,locked_only_right_hard,-74,-0.30833333333333335,166,-20,352,372,1,right,left,1
images/001299.jpg,0.6354166666666666,0.5,opencv,1777621473.3468459,1,1,locked_only_right_hard,-61,-0.25416666666666665,179,-7,365,372,1,right,left,1
images/001300.jpg,0.3125,0.5,opencv,1777621473.4890225,1,1,locked_only_right_hard,-30,-0.125,210,24,396,372,1,right,left,1
images/001301.jpg,0.3020833333333333,0.5,opencv,1777621473.6316466,1,1,locked_both_hard,-29,-0.12083333333333333,211,23,399,372,1,both,none,2
images/001302.jpg,0.27083333333333337,0.5,opencv,1777621473.7758844,1,1,locked_both_hard,-26,-0.10833333333333334,214,26,402,374,1,both,none,2
images/001303.jpg,0.28125,0.5,opencv,1777621473.9172506,1,1,locked_both_hard,-27,-0.1125,213,23,403,375,1,both,none,2
images/001304.jpg,0.3020833333333333,0.5,opencv,1777621474.0589767,1,1,locked_both_hard,-29,-0.12083333333333333,211,19,404,377,1,both,none,2
images/001305.jpg,0.35416666666666663,0.5,opencv,1777621474.201491,1,1,locked_both_hard,-34,-0.14166666666666666,206,16,396,378,1,both,none,2
images/001306.jpg,0.4583333333333333,0.5,opencv,1777621474.3425338,1,1,locked_both_hard,-44,-0.18333333333333332,196,16,376,372,1,both,none,2
images/001307.jpg,0.3229166666666667,0.5,opencv,1777621474.4879014,1,1,locked_both_hard,-31,-0.12916666666666668,209,16,403,374,1,both,none,2
images/001308.jpg,0.625,0.5,opencv,1777621474.6300025,1,1,locked_both_hard,-60,-0.25,180,21,339,367,1,both,none,2
images/001309.jpg,0.6145833333333333,0.5,opencv,1777621474.7727349,1,1,locked_both_hard,-59,-0.24583333333333332,181,21,342,351,1,both,none,2
images/001310.jpg,0.5416666666666667,0.5,opencv,1777621474.9163315,1,1,locked_both_hard,-52,-0.21666666666666667,188,29,347,338,1,both,none,2
images/001311.jpg,0.2604166666666667,0.5,opencv,1777621475.057908,1,1,locked_both_hard,-25,-0.10416666666666667,215,46,385,335,1,both,none,2
images/001312.jpg,-0.09375,0.5,opencv,1777621475.2018318,1,1,locked_both_hard,9,0.0375,249,71,427,341,1,both,none,2
images/001313.jpg,-0.34375,0.5,opencv,1777621475.3429036,1,1,locked_both_hard,33,0.1375,273,104,442,342,1,both,none,2
images/001314.jpg,-0.4895833333333333,0.5,opencv,1777621475.4841685,1,1,locked_both_hard,47,0.19583333333333333,287,129,445,336,1,both,none,2
images/001315.jpg,-0.4583333333333333,0.5,opencv,1777621475.6285303,1,1,locked_both_hard,44,0.18333333333333332,284,124,444,329,1,both,none,2
images/001316.jpg,-0.25,0.5,opencv,1777621475.7704074,1,1,locked_both_hard,24,0.1,264,98,431,329,1,both,none,2
images/001317.jpg,-0.010416666666666666,0.5,opencv,1777621475.9144235,1,1,locked_both_hard,1,0.004166666666666667,241,64,419,335,1,both,none,3
images/001318.jpg,0.1875,0.5,opencv,1777621476.0582793,1,1,locked_both_hard,-18,-0.075,222,33,412,347,1,both,none,2
images/001319.jpg,0.375,0.5,opencv,1777621476.1985037,1,1,locked_both_hard,-36,-0.15,204,17,391,357,1,both,none,3
images/001320.jpg,0.36458333333333337,0.5,opencv,1777621476.3398032,1,1,locked_only_right_hard,-35,-0.14583333333333334,205,25,384,359,1,right,left,2
images/001321.jpg,0.375,0.5,opencv,1777621476.47983,1,1,locked_only_right_hard,-36,-0.15,204,24,383,359,1,right,left,1
images/001322.jpg,0.4583333333333333,0.5,opencv,1777621476.6240597,1,1,locked_only_right_hard,-44,-0.18333333333333332,196,16,375,359,1,right,left,1
images/001323.jpg,0.3958333333333333,0.5,opencv,1777621476.7660348,1,1,locked_only_right_hard,-38,-0.15833333333333333,202,22,381,359,1,right,left,1
images/001324.jpg,0.625,0.5,opencv,1777621476.9079194,1,1,locked_only_right_hard,-60,-0.25,180,0,359,359,1,right,left,1
images/001325.jpg,0.7291666666666667,0.5,opencv,1777621477.0509834,1,1,locked_only_right_hard,-70,-0.2916666666666667,170,-10,349,359,1,right,left,1
images/001326.jpg,0.6875,0.5,opencv,1777621477.1943965,1,1,locked_only_right_hard,-66,-0.275,174,-6,353,359,1,right,left,1
images/001327.jpg,0.4895833333333333,0.5,opencv,1777621477.3362205,1,1,locked_only_right_hard,-47,-0.19583333333333333,193,13,372,359,1,right,left,2
images/001328.jpg,0.27083333333333337,0.5,opencv,1777621477.4803066,1,1,locked_only_right_hard,-26,-0.10833333333333334,214,34,393,359,1,right,left,1
images/001329.jpg,0.2604166666666667,0.5,opencv,1777621477.6236117,1,1,locked_only_right_hard,-25,-0.10416666666666667,215,35,394,359,1,right,left,1
images/001330.jpg,0.3125,0.5,opencv,1777621477.767159,1,1,locked_only_right_hard,-30,-0.125,210,30,389,359,1,right,left,1
images/001331.jpg,0.3958333333333333,0.5,opencv,1777621477.9087517,1,1,locked_only_right_hard,-38,-0.15833333333333333,202,22,381,359,1,right,left,1
images/001332.jpg,0.625,0.5,opencv,1777621478.0533128,1,1,locked_only_right_hard,-60,-0.25,180,0,359,359,1,right,left,1
images/001333.jpg,0.7395833333333334,0.5,opencv,1777621478.196435,1,1,locked_only_right_hard,-71,-0.29583333333333334,169,-11,348,359,1,right,left,1
images/001334.jpg,0.59375,0.5,opencv,1777621478.3381543,1,1,locked_only_right_hard,-57,-0.2375,183,3,362,359,1,right,left,1
images/001335.jpg,0.5833333333333334,0.5,opencv,1777621478.4816637,1,1,locked_only_right_hard,-56,-0.23333333333333334,184,4,363,359,1,right,left,1
images/001336.jpg,0.35416666666666663,0.5,opencv,1777621478.625655,1,1,locked_only_right_hard,-34,-0.14166666666666666,206,26,385,359,1,right,left,1
images/001337.jpg,0.28125,0.5,opencv,1777621478.7696304,1,1,locked_both_hard,-27,-0.1125,213,24,403,365,1,both,none,2
images/001338.jpg,0.22916666666666666,0.5,opencv,1777621478.9105754,1,1,locked_both_hard,-22,-0.09166666666666666,218,33,403,368,1,both,none,2
images/001339.jpg,0.19791666666666666,0.5,opencv,1777621479.0549936,1,1,locked_both_hard,-19,-0.07916666666666666,221,38,405,367,1,both,none,2
images/001340.jpg,0.11458333333333333,0.5,opencv,1777621479.1980524,1,1,locked_both_hard,-11,-0.04583333333333333,229,42,416,367,1,both,none,2
images/001341.jpg,-0.041666666666666664,0.5,opencv,1777621479.3392456,1,1,locked_both_hard,4,0.016666666666666666,244,67,422,365,1,both,none,2
images/001342.jpg,-0.13541666666666669,0.5,opencv,1777621479.4825025,1,1,locked_both_hard,13,0.05416666666666667,253,78,429,359,1,both,none,2
images/001343.jpg,-0.13541666666666669,0.5,opencv,1777621479.623558,1,1,locked_both_hard,13,0.05416666666666667,253,76,431,356,1,both,none,2
images/001344.jpg,-0.10416666666666666,0.5,opencv,1777621479.7674806,1,1,locked_both_hard,10,0.041666666666666664,250,78,422,353,1,both,none,2
images/001345.jpg,-0.17708333333333331,0.5,opencv,1777621479.9109604,1,1,locked_both_hard,17,0.07083333333333333,257,85,430,350,1,both,none,2
images/001346.jpg,-0.1875,0.5,opencv,1777621480.0527344,1,1,locked_both_hard,18,0.075,258,79,437,350,1,both,none,2
images/001347.jpg,0.010416666666666666,0.5,opencv,1777621480.196584,1,1,locked_both_hard,-1,-0.004166666666666667,239,49,430,357,1,both,none,2
images/001348.jpg,0.23958333333333334,0.5,opencv,1777621480.3375556,1,1,locked_both_hard,-23,-0.09583333333333334,217,23,411,366,1,both,none,2
images/001349.jpg,0.3020833333333333,0.5,opencv,1777621480.4813201,1,1,locked_only_right_hard,-29,-0.12083333333333333,211,25,396,371,1,right,left,1
images/001350.jpg,0.4791666666666667,0.5,opencv,1777621480.623867,1,1,locked_only_right_hard,-46,-0.19166666666666668,194,8,379,371,1,right,left,1
images/001351.jpg,0.5208333333333334,0.5,opencv,1777621480.7652678,1,1,locked_only_right_hard,-50,-0.20833333333333334,190,4,375,371,1,right,left,1
images/001352.jpg,0.5520833333333333,0.5,opencv,1777621480.9089942,1,1,locked_only_right_hard,-53,-0.22083333333333333,187,1,372,371,1,right,left,1
images/001353.jpg,0.5208333333333334,0.5,opencv,1777621481.049714,1,1,locked_only_right_hard,-50,-0.20833333333333334,190,4,375,371,1,right,left,1
images/001354.jpg,0.1875,0.5,opencv,1777621481.1937902,1,1,locked_only_right_hard,-18,-0.075,222,36,407,371,1,right,left,2
images/001355.jpg,0.5104166666666666,0.5,opencv,1777621481.3367088,1,1,locked_only_right_hard,-49,-0.20416666666666666,191,5,376,371,1,right,left,2
images/001356.jpg,1.0,0.47,opencv,1777621481.4785333,1,1,locked_only_right_hard,-104,-0.43333333333333335,136,-50,321,371,1,right,left,1
images/001357.jpg,1.0,0.47,opencv,1777621481.6250281,1,1,locked_only_right_hard,-117,-0.4875,123,-63,308,371,1,right,left,1
images/001358.jpg,1.0,0.47,opencv,1777621481.7667913,1,1,locked_only_right_hard,-102,-0.425,138,-48,323,371,1,right,left,1
images/001359.jpg,0.78125,0.47,opencv,1777621481.9079607,1,1,locked_only_right_hard,-75,-0.3125,165,-21,350,371,1,right,left,1
images/001360.jpg,0.4791666666666667,0.5,opencv,1777621482.0511627,1,1,locked_only_right_hard,-46,-0.19166666666666668,194,8,379,371,1,right,left,1
images/001361.jpg,0.40625,0.5,opencv,1777621482.1927202,1,1,locked_both_hard,-39,-0.1625,201,18,384,370,1,both,none,2
images/001362.jpg,0.25,0.5,opencv,1777621482.3365972,1,1,locked_both_hard,-24,-0.1,216,23,409,374,1,both,none,2
images/001363.jpg,0.23958333333333334,0.5,opencv,1777621482.478824,1,1,locked_both_hard,-23,-0.09583333333333334,217,29,405,374,1,both,none,2
images/001364.jpg,0.25,0.5,opencv,1777621482.6236901,1,1,locked_both_hard,-24,-0.1,216,27,405,375,1,both,none,2
images/001365.jpg,0.2604166666666667,0.5,opencv,1777621482.766725,1,1,locked_both_hard,-25,-0.10416666666666667,215,22,409,379,1,both,none,2
images/001366.jpg,0.3958333333333333,0.5,opencv,1777621482.9092915,1,1,locked_both_hard,-38,-0.15833333333333333,202,20,385,376,1,both,none,2
images/001367.jpg,0.42708333333333337,0.5,opencv,1777621483.0531156,1,1,locked_both_hard,-41,-0.17083333333333334,199,15,384,372,1,both,none,2
images/001368.jpg,0.25,0.5,opencv,1777621483.1956549,1,1,locked_both_hard,-24,-0.1,216,15,417,379,1,both,none,3
images/001369.jpg,0.59375,0.5,opencv,1777621483.3391516,1,1,locked_both_hard,-57,-0.2375,183,20,346,358,1,both,none,2
images/001370.jpg,0.6458333333333334,0.5,opencv,1777621483.4817612,1,1,locked_both_hard,-62,-0.25833333333333336,178,22,335,342,1,both,none,2
images/001371.jpg,0.40625,0.5,opencv,1777621483.6232111,1,1,locked_both_hard,-39,-0.1625,201,38,365,334,1,both,none,2
images/001372.jpg,0.05208333333333333,0.5,opencv,1777621483.7686863,1,1,locked_both_hard,-5,-0.020833333333333332,235,56,414,338,1,both,none,2
images/001373.jpg,-0.19791666666666666,0.5,opencv,1777621483.9105656,1,1,locked_both_hard,19,0.07916666666666666,259,82,437,344,1,both,none,2
images/001374.jpg,-0.42708333333333337,0.5,opencv,1777621484.0526989,1,1,locked_both_hard,41,0.17083333333333334,281,115,447,340,1,both,none,2
images/001375.jpg,-0.4583333333333333,0.5,opencv,1777621484.196886,1,1,locked_both_hard,44,0.18333333333333332,284,125,444,332,1,both,none,2
images/001376.jpg,-0.34375,0.5,opencv,1777621484.338871,1,1,locked_both_hard,33,0.1375,273,108,438,329,1,both,none,2
images/001377.jpg,-0.11458333333333333,0.5,opencv,1777621484.4829373,1,1,locked_both_hard,11,0.04583333333333333,251,79,424,333,1,both,none,2
images/001378.jpg,0.125,0.5,opencv,1777621484.6245735,1,1,locked_both_hard,-12,-0.05,228,42,415,344,1,both,none,3
images/001379.jpg,0.3333333333333333,0.5,opencv,1777621484.768557,1,1,locked_both_hard,-32,-0.13333333333333333,208,21,396,355,1,both,none,3
images/001380.jpg,0.4583333333333333,0.5,opencv,1777621484.9113653,1,1,locked_both_hard,-44,-0.18333333333333332,196,10,382,360,1,both,none,3
images/001381.jpg,0.3958333333333333,0.5,opencv,1777621485.0525398,1,1,locked_only_right_hard,-38,-0.15833333333333333,202,22,382,360,1,right,left,1
images/001382.jpg,0.4479166666666667,0.5,opencv,1777621485.1931243,1,1,locked_only_right_hard,-43,-0.17916666666666667,197,17,377,360,1,right,left,1
images/001383.jpg,0.35416666666666663,0.5,opencv,1777621485.337945,1,1,locked_only_right_hard,-34,-0.14166666666666666,206,26,386,360,1,right,left,1
images/001384.jpg,0.46875,0.5,opencv,1777621485.480281,1,1,locked_only_right_hard,-45,-0.1875,195,15,375,360,1,right,left,1
images/001385.jpg,0.53125,0.5,opencv,1777621485.6240194,1,1,locked_only_right_hard,-51,-0.2125,189,9,369,360,1,right,left,1
images/001386.jpg,0.6875,0.5,opencv,1777621485.765321,1,1,locked_only_right_hard,-66,-0.275,174,-6,354,360,1,right,left,1
images/001387.jpg,0.6041666666666666,0.5,opencv,1777621485.9092002,1,1,locked_only_right_hard,-58,-0.24166666666666667,182,2,362,360,1,right,left,2
images/001388.jpg,0.4375,0.5,opencv,1777621486.0504534,1,1,locked_only_right_hard,-42,-0.175,198,18,378,360,1,right,left,2
images/001389.jpg,0.3229166666666667,0.5,opencv,1777621486.1916623,1,1,locked_only_right_hard,-31,-0.12916666666666668,209,29,389,360,1,right,left,1
images/001390.jpg,0.35416666666666663,0.5,opencv,1777621486.3351107,1,1,locked_only_right_hard,-34,-0.14166666666666666,206,26,386,360,1,right,left,1
images/001391.jpg,0.3854166666666667,0.5,opencv,1777621486.476646,1,1,locked_only_right_hard,-37,-0.15416666666666667,203,23,383,360,1,right,left,1
images/001392.jpg,0.5729166666666666,0.5,opencv,1777621486.6206715,1,1,locked_only_right_hard,-55,-0.22916666666666666,185,5,365,360,1,right,left,1
images/001393.jpg,0.65625,0.5,opencv,1777621486.763724,1,1,locked_only_right_hard,-63,-0.2625,177,-3,357,360,1,right,left,1
images/001394.jpg,0.59375,0.5,opencv,1777621486.9068265,1,1,locked_only_right_hard,-57,-0.2375,183,3,363,360,1,right,left,1
images/001395.jpg,0.5208333333333334,0.5,opencv,1777621487.052509,1,1,locked_only_right_hard,-50,-0.20833333333333334,190,10,370,360,1,right,left,1
images/001396.jpg,0.40625,0.5,opencv,1777621487.1939156,1,1,locked_only_right_hard,-39,-0.1625,201,21,381,360,1,right,left,1
images/001397.jpg,0.3958333333333333,0.5,opencv,1777621487.3383617,1,1,locked_both_hard,-38,-0.15833333333333333,202,14,391,365,1,both,none,2
images/001398.jpg,0.3229166666666667,0.5,opencv,1777621487.4813619,1,1,locked_both_hard,-31,-0.12916666666666668,209,19,400,370,1,both,none,2
images/001399.jpg,0.21875,0.5,opencv,1777621487.6256819,1,1,locked_both_hard,-21,-0.0875,219,35,404,369,1,both,none,2
images/001400.jpg,0.09375,0.5,opencv,1777621487.771866,1,1,locked_both_hard,-9,-0.0375,231,48,415,367,1,both,none,2
images/001401.jpg,-0.020833333333333332,0.5,opencv,1777621487.9142082,1,1,locked_both_hard,2,0.008333333333333333,242,63,422,366,1,both,none,2
images/001402.jpg,-0.14583333333333334,0.5,opencv,1777621488.058249,1,1,locked_both_hard,14,0.058333333333333334,254,79,430,360,1,both,none,2
images/001403.jpg,-0.23958333333333334,0.5,opencv,1777621488.2021918,1,1,locked_both_hard,23,0.09583333333333334,263,90,437,355,1,both,none,2
images/001404.jpg,-0.20833333333333331,0.5,opencv,1777621488.3443527,1,1,locked_both_hard,20,0.08333333333333333,260,91,429,350,1,both,none,2
images/001405.jpg,-0.1875,0.5,opencv,1777621488.4887555,1,1,locked_both_hard,18,0.075,258,88,429,345,1,both,none,2
images/001406.jpg,-0.23958333333333334,0.5,opencv,1777621488.6344619,1,1,locked_both_hard,23,0.09583333333333334,263,91,435,344,1,both,none,2
images/001407.jpg,-0.041666666666666664,0.5,opencv,1777621488.7767582,1,1,locked_both_hard,4,0.016666666666666666,244,58,430,351,1,both,none,2
images/001408.jpg,0.19791666666666666,0.5,opencv,1777621488.9207344,1,1,locked_both_hard,-19,-0.07916666666666666,221,31,412,361,1,both,none,2
images/001409.jpg,0.36458333333333337,0.5,opencv,1777621489.0619967,1,1,locked_both_hard,-35,-0.14583333333333334,205,8,402,372,1,both,none,2
images/001410.jpg,0.4479166666666667,0.5,opencv,1777621489.2057161,1,1,locked_only_right_hard,-43,-0.17916666666666667,197,11,383,372,1,right,left,1
images/001411.jpg,0.42708333333333337,0.5,opencv,1777621489.3470418,1,1,locked_only_right_hard,-41,-0.17083333333333334,199,13,385,372,1,right,left,1
images/001412.jpg,0.4791666666666667,0.5,opencv,1777621489.490113,1,1,locked_only_right_hard,-46,-0.19166666666666668,194,8,380,372,1,right,left,1
images/001413.jpg,0.625,0.5,opencv,1777621489.6339686,1,1,locked_only_right_hard,-60,-0.25,180,-6,366,372,1,right,left,1
images/001414.jpg,0.3333333333333333,0.5,opencv,1777621489.7767026,1,1,locked_only_right_hard,-32,-0.13333333333333333,208,22,394,372,1,right,left,1
images/001415.jpg,0.125,0.5,opencv,1777621489.9205632,1,1,locked_only_right_hard,-12,-0.05,228,42,414,372,1,right,left,2
images/001416.jpg,1.0,0.47,opencv,1777621490.0630665,1,1,locked_only_right_hard,-124,-0.5166666666666667,116,-70,302,372,1,right,left,1
images/001417.jpg,1.0,0.47,opencv,1777621490.2059605,1,1,locked_only_right_hard,-123,-0.5125,117,-69,303,372,1,right,left,1
images/001418.jpg,1.0,0.47,opencv,1777621490.3496587,1,1,locked_only_right_hard,-110,-0.4583333333333333,130,-56,316,372,1,right,left,1
images/001419.jpg,0.8958333333333334,0.47,opencv,1777621490.4912322,1,1,locked_only_right_hard,-86,-0.35833333333333334,154,-32,340,372,1,right,left,1
images/001420.jpg,0.75,0.5,opencv,1777621490.6361892,1,1,locked_only_right_hard,-72,-0.3,168,-18,354,372,1,right,left,1
images/001421.jpg,0.4479166666666667,0.5,opencv,1777621490.7812126,1,1,locked_only_right_hard,-43,-0.17916666666666667,197,11,383,372,1,right,left,1
images/001422.jpg,0.3229166666666667,0.5,opencv,1777621490.9228537,1,1,locked_both_hard,-31,-0.12916666666666668,209,22,396,371,1,both,none,2
images/001423.jpg,0.28125,0.5,opencv,1777621491.066587,1,1,locked_both_hard,-27,-0.1125,213,26,401,373,1,both,none,2
images/001424.jpg,0.22916666666666666,0.5,opencv,1777621491.207526,1,1,locked_both_hard,-22,-0.09166666666666666,218,28,408,374,1,both,none,2
images/001425.jpg,0.25,0.5,opencv,1777621491.3514037,1,1,locked_both_hard,-24,-0.1,216,24,409,377,1,both,none,2
images/001426.jpg,0.2916666666666667,0.5,opencv,1777621491.4943178,1,1,locked_both_hard,-28,-0.11666666666666667,212,21,403,379,1,both,none,2
images/001427.jpg,0.3854166666666667,0.5,opencv,1777621491.6356003,1,1,locked_both_hard,-37,-0.15416666666666667,203,20,387,374,1,both,none,2
images/001428.jpg,0.3020833333333333,0.5,opencv,1777621491.7788725,1,1,locked_both_hard,-29,-0.12083333333333333,211,17,406,375,1,both,none,2
images/001429.jpg,0.6145833333333333,0.5,opencv,1777621491.9220176,1,1,locked_both_hard,-59,-0.24583333333333332,181,21,342,368,1,both,none,2
images/001430.jpg,0.6145833333333333,0.5,opencv,1777621492.0658014,1,1,locked_both_hard,-59,-0.24583333333333332,181,20,342,352,1,both,none,2
images/001431.jpg,0.5729166666666666,0.5,opencv,1777621492.207605,1,1,locked_both_hard,-55,-0.22916666666666666,185,27,343,339,1,both,none,2
images/001432.jpg,0.3020833333333333,0.5,opencv,1777621492.3486881,1,1,locked_both_hard,-29,-0.12083333333333333,211,42,380,334,1,both,none,2
images/001433.jpg,-0.041666666666666664,0.5,opencv,1777621492.4938018,1,1,locked_both_hard,4,0.016666666666666666,244,65,423,340,1,both,none,2
images/001434.jpg,-0.2916666666666667,0.5,opencv,1777621492.634704,1,1,locked_both_hard,28,0.11666666666666667,268,96,441,344,1,both,none,2
images/001435.jpg,-0.4583333333333333,0.5,opencv,1777621492.778966,1,1,locked_both_hard,44,0.18333333333333332,284,122,446,339,1,both,none,2
images/001436.jpg,-0.4791666666666667,0.5,opencv,1777621492.9252625,1,1,locked_both_hard,46,0.19166666666666668,286,128,444,331,1,both,none,2
images/001437.jpg,-0.3020833333333333,0.5,opencv,1777621493.0664544,1,1,locked_both_hard,29,0.12083333333333333,269,105,433,328,1,both,none,2
images/001438.jpg,-0.0625,0.5,opencv,1777621493.2100763,1,1,locked_both_hard,6,0.025,246,71,421,334,1,both,none,3
images/001439.jpg,0.16666666666666666,0.5,opencv,1777621493.3511205,1,1,locked_both_hard,-16,-0.06666666666666667,224,36,413,348,1,both,none,2
images/001440.jpg,0.34375,0.5,opencv,1777621493.4949245,1,1,locked_both_hard,-33,-0.1375,207,19,395,357,1,both,none,3
images/001441.jpg,0.46875,0.5,opencv,1777621493.6368458,1,1,locked_both_hard,-45,-0.1875,195,9,382,361,1,both,none,3
images/001442.jpg,0.35416666666666663,0.5,opencv,1777621493.7777522,1,1,locked_only_right_hard,-34,-0.14166666666666666,206,25,386,361,1,right,left,1
images/001443.jpg,0.4375,0.5,opencv,1777621493.9210303,1,1,locked_only_right_hard,-42,-0.175,198,17,378,361,1,right,left,1
images/001444.jpg,0.375,0.5,opencv,1777621494.0616167,1,1,locked_only_right_hard,-36,-0.15,204,23,384,361,1,right,left,1
images/001445.jpg,0.6041666666666666,0.5,opencv,1777621494.2049274,1,1,locked_only_right_hard,-58,-0.24166666666666667,182,1,362,361,1,right,left,1
images/001446.jpg,0.6979166666666667,0.5,opencv,1777621494.3469617,1,1,locked_only_right_hard,-67,-0.2791666666666667,173,-8,353,361,1,right,left,1
images/001447.jpg,0.7083333333333333,0.5,opencv,1777621494.488347,1,1,locked_only_right_hard,-68,-0.2833333333333333,172,-9,352,361,1,right,left,1
images/001448.jpg,0.5520833333333333,0.5,opencv,1777621494.6324914,1,1,locked_only_right_hard,-53,-0.22083333333333333,187,6,367,361,1,right,left,2
images/001449.jpg,0.3229166666666667,0.5,opencv,1777621494.7747326,1,1,locked_only_right_hard,-31,-0.12916666666666668,209,28,389,361,1,right,left,1
images/001450.jpg,0.2604166666666667,0.5,opencv,1777621494.916765,1,1,locked_only_right_hard,-25,-0.10416666666666667,215,34,395,361,1,right,left,1
images/001451.jpg,0.3020833333333333,0.5,opencv,1777621495.058243,1,1,locked_only_right_hard,-29,-0.12083333333333333,211,30,391,361,1,right,left,1
images/001452.jpg,0.34375,0.5,opencv,1777621495.1997297,1,1,locked_only_right_hard,-33,-0.1375,207,26,387,361,1,right,left,1
images/001453.jpg,0.6041666666666666,0.5,opencv,1777621495.34516,1,1,locked_only_right_hard,-58,-0.24166666666666667,182,1,362,361,1,right,left,1
images/001454.jpg,0.7604166666666666,0.47,opencv,1777621495.4873817,1,1,locked_only_right_hard,-73,-0.30416666666666664,167,-14,347,361,1,right,left,1
images/001455.jpg,0.6875,0.5,opencv,1777621495.6291096,1,1,locked_only_right_hard,-66,-0.275,174,-7,354,361,1,right,left,1
images/001456.jpg,0.6979166666666667,0.5,opencv,1777621495.7725122,1,1,locked_only_right_hard,-67,-0.2791666666666667,173,-8,353,361,1,right,left,1
images/001457.jpg,0.40625,0.5,opencv,1777621495.9163682,1,1,locked_only_right_hard,-39,-0.1625,201,20,381,361,1,right,left,1
images/001458.jpg,0.25,0.5,opencv,1777621496.0595708,1,1,locked_both_hard,-24,-0.1,216,27,406,366,1,both,none,2
images/001459.jpg,0.17708333333333331,0.5,opencv,1777621496.2015665,1,1,locked_both_hard,-17,-0.07083333333333333,223,39,408,369,1,both,none,2
images/001460.jpg,0.13541666666666669,0.5,opencv,1777621496.3424494,1,1,locked_both_hard,-13,-0.05416666666666667,227,44,410,367,1,both,none,2
images/001461.jpg,0.08333333333333333,0.5,opencv,1777621496.4855766,1,1,locked_both_hard,-8,-0.03333333333333333,232,47,418,367,1,both,none,2
images/001462.jpg,-0.05208333333333333,0.5,opencv,1777621496.6283326,1,1,locked_both_hard,5,0.020833333333333332,245,67,423,364,1,both,none,2
images/001463.jpg,-0.14583333333333334,0.5,opencv,1777621496.7700758,1,1,locked_both_hard,14,0.058333333333333334,254,80,428,358,1,both,none,2
images/001464.jpg,-0.16666666666666666,0.5,opencv,1777621496.9127362,1,1,locked_both_hard,16,0.06666666666666667,256,80,432,355,1,both,none,2
images/001465.jpg,-0.13541666666666669,0.5,opencv,1777621497.05477,1,1,locked_both_hard,13,0.05416666666666667,253,84,423,349,1,both,none,2
images/001466.jpg,-0.125,0.5,opencv,1777621497.1981528,1,1,locked_both_hard,12,0.05,252,75,430,349,1,both,none,3
images/001467.jpg,-0.15625,0.5,opencv,1777621497.340095,1,1,locked_both_hard,15,0.0625,255,75,435,349,1,both,none,2
images/001468.jpg,-0.0,0.5,opencv,1777621497.4838135,1,1,locked_both_hard,0,0.0,240,51,430,356,1,both,none,2
images/001469.jpg,0.22916666666666666,0.5,opencv,1777621497.6257687,1,1,locked_both_hard,-22,-0.09166666666666666,218,24,412,366,1,both,none,2
images/001470.jpg,0.2916666666666667,0.5,opencv,1777621497.7670326,1,1,locked_only_right_hard,-28,-0.11666666666666667,212,26,397,371,1,right,left,1
images/001471.jpg,0.5,0.5,opencv,1777621497.9099877,1,1,locked_only_right_hard,-48,-0.2,192,6,377,371,1,right,left,1
images/001472.jpg,0.5208333333333334,0.5,opencv,1777621498.0528572,1,1,locked_only_right_hard,-50,-0.20833333333333334,190,4,375,371,1,right,left,1
images/001473.jpg,0.5625,0.5,opencv,1777621498.1947613,1,1,locked_only_right_hard,-54,-0.225,186,0,371,371,1,right,left,1
images/001474.jpg,0.5104166666666666,0.5,opencv,1777621498.3375347,1,1,locked_only_right_hard,-49,-0.20416666666666666,191,5,376,371,1,right,left,1
images/001475.jpg,0.17708333333333331,0.5,opencv,1777621498.479206,1,1,locked_only_right_hard,-17,-0.07083333333333333,223,37,408,371,1,right,left,2
images/001476.jpg,0.3229166666666667,0.5,opencv,1777621498.623379,1,1,locked_only_right_hard,-31,-0.12916666666666668,209,23,394,371,1,right,left,2
images/001477.jpg,1.0,0.47,opencv,1777621498.7658386,1,1,locked_only_right_hard,-111,-0.4625,129,-57,314,371,1,right,left,1
images/001478.jpg,1.0,0.45,opencv,1777621498.907886,1,1,locked_only_right_hard,-148,-0.6166666666666667,92,-94,277,371,1,right,left,1
images/001479.jpg,1.0,0.45,opencv,1777621499.0511284,1,1,locked_only_right_hard,-152,-0.6333333333333333,88,-98,273,371,1,right,left,1
images/001480.jpg,1.0,0.45,opencv,1777621499.1929789,1,1,locked_only_right_hard,-138,-0.575,102,-84,287,371,1,right,left,2
images/001481.jpg,1.0,0.47,opencv,1777621499.3369646,1,1,locked_only_right_hard,-112,-0.4666666666666667,128,-58,313,371,1,right,left,1
images/001482.jpg,0.9479166666666666,0.47,opencv,1777621499.481001,1,1,locked_only_right_hard,-91,-0.37916666666666665,149,-37,334,371,1,right,left,1
images/001483.jpg,0.7291666666666667,0.5,opencv,1777621499.6227024,1,1,locked_only_right_hard,-70,-0.2916666666666667,170,-16,355,371,1,right,left,1
images/001484.jpg,0.53125,0.5,opencv,1777621499.7671602,1,1,locked_only_right_hard,-51,-0.2125,189,3,374,371,1,right,left,1
images/001485.jpg,0.375,0.5,opencv,1777621499.9095366,1,1,locked_both_hard,-36,-0.15,204,20,388,370,1,both,none,2
images/001486.jpg,0.25,0.5,opencv,1777621500.053364,1,1,locked_both_hard,-24,-0.1,216,30,403,370,1,both,none,2
images/001487.jpg,0.19791666666666666,0.5,opencv,1777621500.195521,1,1,locked_both_hard,-19,-0.07916666666666666,221,32,411,372,1,both,none,2
images/001488.jpg,0.1875,0.5,opencv,1777621500.3379986,1,1,locked_both_hard,-18,-0.075,222,31,413,376,1,both,none,2
images/001489.jpg,0.25,0.5,opencv,1777621500.4822989,1,1,locked_both_hard,-24,-0.1,216,30,402,374,1,both,none,2
images/001490.jpg,0.22916666666666666,0.5,opencv,1777621500.6239412,1,1,locked_both_hard,-22,-0.09166666666666666,218,27,409,374,1,both,none,2
images/001491.jpg,0.5625,0.5,opencv,1777621500.7705188,1,1,locked_both_hard,-54,-0.225,186,25,347,368,1,both,none,2
images/001492.jpg,0.4791666666666667,0.5,opencv,1777621500.9124165,1,1,locked_both_hard,-46,-0.19166666666666668,194,24,364,354,1,both,none,2
images/001493.jpg,0.41666666666666663,0.5,opencv,1777621501.0537224,1,1,locked_both_hard,-40,-0.16666666666666666,200,31,369,346,1,both,none,2
images/001494.jpg,0.25,0.5,opencv,1777621501.1976528,1,1,locked_both_hard,-24,-0.1,216,45,388,343,1,both,none,2
images/001495.jpg,0.020833333333333332,0.5,opencv,1777621501.3398848,1,1,locked_both_hard,-2,-0.008333333333333333,238,59,418,347,1,both,none,2
images/001496.jpg,-0.14583333333333334,0.5,opencv,1777621501.483061,1,1,locked_both_hard,14,0.058333333333333334,254,76,432,350,1,both,none,2
images/001497.jpg,-0.22916666666666666,0.5,opencv,1777621501.6251228,1,1,locked_both_hard,22,0.09166666666666666,262,89,436,349,1,both,none,2
images/001498.jpg,-0.2604166666666667,0.5,opencv,1777621501.7662926,1,1,locked_both_hard,25,0.10416666666666667,265,96,435,346,1,both,none,2
images/001499.jpg,-0.20833333333333331,0.5,opencv,1777621501.9088578,1,1,locked_both_hard,20,0.08333333333333333,260,90,431,343,1,both,none,2
images/001500.jpg,-0.10416666666666666,0.5,opencv,1777621502.0501673,1,1,locked_both_hard,10,0.041666666666666664,250,75,425,343,1,both,none,2
images/001501.jpg,0.03125,0.5,opencv,1777621502.1936443,1,1,locked_both_hard,-3,-0.0125,237,51,423,350,1,both,none,2
images/001502.jpg,0.25,0.5,opencv,1777621502.335504,1,1,locked_both_hard,-24,-0.1,216,28,405,359,1,both,none,2
images/001503.jpg,0.375,0.5,opencv,1777621502.479992,1,1,locked_both_hard,-36,-0.15,204,14,394,365,1,both,none,2
images/001504.jpg,0.35416666666666663,0.5,opencv,1777621502.624083,1,1,locked_only_right_hard,-34,-0.14166666666666666,206,21,390,369,1,right,left,1
images/001505.jpg,0.36458333333333337,0.5,opencv,1777621502.7670646,1,1,locked_only_right_hard,-35,-0.14583333333333334,205,20,389,369,1,right,left,1
images/001506.jpg,0.34375,0.5,opencv,1777621502.9104378,1,1,locked_only_right_hard,-33,-0.1375,207,22,391,369,1,right,left,1
images/001507.jpg,0.42708333333333337,0.5,opencv,1777621503.0531478,1,1,locked_only_right_hard,-41,-0.17083333333333334,199,14,383,369,1,right,left,1
images/001508.jpg,0.59375,0.5,opencv,1777621503.1950712,1,1,locked_only_right_hard,-57,-0.2375,183,-2,367,369,1,right,left,1
images/001509.jpg,0.6458333333333334,0.5,opencv,1777621503.3384972,1,1,locked_only_right_hard,-62,-0.25833333333333336,178,-7,362,369,1,right,left,1
images/001510.jpg,0.6354166666666666,0.5,opencv,1777621503.4796708,1,1,locked_only_right_hard,-61,-0.25416666666666665,179,-6,363,369,1,right,left,2
images/001511.jpg,0.4791666666666667,0.5,opencv,1777621503.6269433,1,1,locked_only_right_hard,-46,-0.19166666666666668,194,9,378,369,1,right,left,2
images/001512.jpg,0.375,0.5,opencv,1777621503.7689984,1,1,locked_only_right_hard,-36,-0.15,204,19,388,369,1,right,left,1
images/001513.jpg,0.3333333333333333,0.5,opencv,1777621503.911005,1,1,locked_only_right_hard,-32,-0.13333333333333333,208,23,392,369,1,right,left,1
images/001514.jpg,0.3125,0.5,opencv,1777621504.0539763,1,1,locked_only_right_hard,-30,-0.125,210,25,394,369,1,right,left,1
images/001515.jpg,0.42708333333333337,0.5,opencv,1777621504.1949606,1,1,locked_only_right_hard,-41,-0.17083333333333334,199,14,383,369,1,right,left,1
images/001516.jpg,0.5625,0.5,opencv,1777621504.3398938,1,1,locked_only_right_hard,-54,-0.225,186,1,370,369,1,right,left,1
images/001517.jpg,0.65625,0.5,opencv,1777621504.4845648,1,1,locked_only_right_hard,-63,-0.2625,177,-8,361,369,1,right,left,1
images/001518.jpg,0.75,0.5,opencv,1777621504.6274376,1,1,locked_only_right_hard,-72,-0.3,168,-17,352,369,1,right,left,1
images/001519.jpg,0.5104166666666666,0.5,opencv,1777621504.7710571,1,1,locked_only_right_hard,-49,-0.20416666666666666,191,6,375,369,1,right,left,1
images/001520.jpg,0.3229166666666667,0.5,opencv,1777621504.9140413,1,1,locked_both_hard,-31,-0.12916666666666668,209,20,398,370,1,both,none,2
images/001521.jpg,0.14583333333333334,0.5,opencv,1777621505.057367,1,1,locked_both_hard,-14,-0.058333333333333334,226,44,409,370,1,both,none,2
images/001522.jpg,0.020833333333333332,0.5,opencv,1777621505.1992886,1,1,locked_both_hard,-2,-0.008333333333333333,238,59,417,366,1,both,none,2
images/001523.jpg,-0.020833333333333332,0.5,opencv,1777621505.340699,1,1,locked_both_hard,2,0.008333333333333333,242,61,423,363,1,both,none,2
images/001524.jpg,-0.09375,0.5,opencv,1777621505.48513,1,1,locked_both_hard,9,0.0375,249,75,424,361,1,both,none,2
images/001525.jpg,-0.125,0.5,opencv,1777621505.6271927,1,1,locked_both_hard,12,0.05,252,76,429,357,1,both,none,2
images/001526.jpg,-0.05208333333333333,0.5,opencv,1777621505.7690434,1,1,locked_both_hard,5,0.020833333333333332,245,65,425,356,1,both,none,2
images/001527.jpg,-0.041666666666666664,0.5,opencv,1777621505.9125497,1,1,locked_both_hard,4,0.016666666666666666,244,70,419,353,1,both,none,2
images/001528.jpg,-0.15625,0.5,opencv,1777621506.0543363,1,1,locked_both_hard,15,0.0625,255,81,429,352,1,both,none,2
images/001529.jpg,-0.11458333333333333,0.5,opencv,1777621506.198156,1,1,locked_both_hard,11,0.04583333333333333,251,73,429,352,1,both,none,2
images/001530.jpg,0.020833333333333332,0.5,opencv,1777621506.3400187,1,1,locked_both_hard,-2,-0.008333333333333333,238,49,428,359,1,both,none,2
images/001531.jpg,0.25,0.5,opencv,1777621506.4815168,1,1,locked_both_hard,-24,-0.1,216,21,411,368,1,both,none,2
images/001532.jpg,0.34375,0.5,opencv,1777621506.6239307,1,1,locked_only_right_hard,-33,-0.1375,207,20,393,373,1,right,left,1
images/001533.jpg,0.40625,0.5,opencv,1777621506.765905,1,1,locked_only_right_hard,-39,-0.1625,201,14,387,373,1,right,left,1
images/001534.jpg,0.4583333333333333,0.5,opencv,1777621506.9088202,1,1,locked_only_right_hard,-44,-0.18333333333333332,196,9,382,373,1,right,left,1
images/001535.jpg,0.5833333333333334,0.5,opencv,1777621507.0520864,1,1,locked_only_right_hard,-56,-0.23333333333333334,184,-3,370,373,1,right,left,1
images/001536.jpg,0.4583333333333333,0.5,opencv,1777621507.1934037,1,1,locked_only_right_hard,-44,-0.18333333333333332,196,9,382,373,1,right,left,1
images/001537.jpg,0.5729166666666666,0.5,opencv,1777621507.3379483,1,1,locked_only_right_hard,-55,-0.22916666666666666,185,-2,371,373,1,right,left,3
images/001538.jpg,1.0,0.47,opencv,1777621507.4796286,1,1,locked_only_right_hard,-121,-0.5041666666666667,119,-68,305,373,1,right,left,1
images/001539.jpg,1.0,0.47,opencv,1777621507.6232398,1,1,locked_only_right_hard,-119,-0.49583333333333335,121,-66,307,373,1,right,left,2
images/001540.jpg,1.0,0.47,opencv,1777621507.7660928,1,1,locked_only_right_hard,-97,-0.4041666666666667,143,-44,329,373,1,right,left,2
images/001541.jpg,0.65625,0.5,opencv,1777621507.9069655,1,1,locked_only_right_hard,-63,-0.2625,177,-10,363,373,1,right,left,1
images/001542.jpg,0.42708333333333337,0.5,opencv,1777621508.051038,1,1,locked_only_right_hard,-41,-0.17083333333333334,199,12,385,373,1,right,left,1
images/001543.jpg,0.375,0.5,opencv,1777621508.1946616,1,1,locked_only_right_hard,-36,-0.15,204,17,390,373,1,right,left,1
images/001544.jpg,0.3333333333333333,0.5,opencv,1777621508.3393664,1,1,locked_both_hard,-32,-0.13333333333333333,208,16,401,376,1,both,none,2
images/001545.jpg,0.3125,0.5,opencv,1777621508.482027,1,1,locked_both_hard,-30,-0.125,210,18,403,377,1,both,none,2
images/001546.jpg,0.3333333333333333,0.5,opencv,1777621508.625937,1,1,locked_both_hard,-32,-0.13333333333333333,208,21,396,375,1,both,none,2
images/001547.jpg,0.35416666666666663,0.5,opencv,1777621508.7691023,1,1,locked_both_hard,-34,-0.14166666666666666,206,17,396,376,1,both,none,2
images/001548.jpg,0.3333333333333333,0.5,opencv,1777621508.914035,1,1,locked_both_hard,-32,-0.13333333333333333,208,15,401,378,1,both,none,2
images/001549.jpg,0.5625,0.5,opencv,1777621509.0577035,1,1,locked_only_right_hard,-54,-0.225,186,-3,374,377,1,right,left,1
images/001550.jpg,0.53125,0.5,opencv,1777621509.1998377,1,1,locked_both_hard,-51,-0.2125,189,11,367,368,1,both,none,2
images/001551.jpg,0.375,0.5,opencv,1777621509.3422143,1,1,locked_both_hard,-36,-0.15,204,13,396,371,1,both,none,3
images/001552.jpg,0.59375,0.5,opencv,1777621509.4859462,1,1,locked_both_hard,-57,-0.2375,183,21,345,353,1,both,none,2
images/001553.jpg,0.59375,0.5,opencv,1777621509.6272237,1,1,locked_both_hard,-57,-0.2375,183,24,343,340,1,both,none,2
images/001554.jpg,0.36458333333333337,0.5,opencv,1777621509.770238,1,1,locked_both_hard,-35,-0.14583333333333334,205,42,369,333,1,both,none,2
images/001555.jpg,0.010416666666666666,0.5,opencv,1777621509.9146242,1,1,locked_both_hard,-1,-0.004166666666666667,239,59,420,339,1,both,none,2
images/001556.jpg,-0.25,0.5,opencv,1777621510.0561137,1,1,locked_both_hard,24,0.1,264,90,439,344,1,both,none,2
images/001557.jpg,-0.42708333333333337,0.5,opencv,1777621510.2003798,1,1,locked_both_hard,41,0.17083333333333334,281,114,448,342,1,both,none,2
images/001558.jpg,-0.42708333333333337,0.5,opencv,1777621510.343069,1,1,locked_both_hard,41,0.17083333333333334,281,119,443,336,1,both,none,2
images/001559.jpg,-0.3125,0.5,opencv,1777621510.4844017,1,1,locked_both_hard,30,0.125,270,103,437,334,1,both,none,2
images/001560.jpg,-0.0625,0.5,opencv,1777621510.6297383,1,1,locked_both_hard,6,0.025,246,74,418,336,1,both,none,3
images/001561.jpg,0.08333333333333333,0.5,opencv,1777621510.7708972,1,1,locked_both_hard,-8,-0.03333333333333333,232,48,416,344,1,both,none,3
images/001562.jpg,0.23958333333333334,0.5,opencv,1777621510.915381,1,1,locked_both_hard,-23,-0.09583333333333334,217,28,406,354,1,both,none,2
images/001563.jpg,0.36458333333333337,0.5,opencv,1777621511.056302,1,1,locked_both_hard,-35,-0.14583333333333334,205,17,394,361,1,both,none,3
images/001564.jpg,0.41666666666666663,0.5,opencv,1777621511.197008,1,1,locked_both_hard,-40,-0.16666666666666666,200,8,392,367,1,both,none,2
images/001565.jpg,0.3333333333333333,0.5,opencv,1777621511.3380282,1,1,locked_only_right_hard,-32,-0.13333333333333333,208,24,391,367,1,right,left,1
images/001566.jpg,0.375,0.5,opencv,1777621511.4797206,1,1,locked_only_right_hard,-36,-0.15,204,20,387,367,1,right,left,1
images/001567.jpg,0.4375,0.5,opencv,1777621511.623547,1,1,locked_only_right_hard,-42,-0.175,198,14,381,367,1,right,left,1
images/001568.jpg,0.6145833333333333,0.5,opencv,1777621511.7665675,1,1,locked_only_right_hard,-59,-0.24583333333333332,181,-3,364,367,1,right,left,1
images/001569.jpg,0.7604166666666666,0.47,opencv,1777621511.9080672,1,1,locked_only_right_hard,-73,-0.30416666666666664,167,-17,350,367,1,right,left,1
images/001570.jpg,0.7708333333333334,0.47,opencv,1777621512.0494778,1,1,locked_only_right_hard,-74,-0.30833333333333335,166,-18,349,367,1,right,left,2
images/001571.jpg,0.5208333333333334,0.5,opencv,1777621512.19095,1,1,locked_only_right_hard,-50,-0.20833333333333334,190,6,373,367,1,right,left,2
images/001572.jpg,0.34375,0.5,opencv,1777621512.3382485,1,1,locked_only_right_hard,-33,-0.1375,207,23,390,367,1,right,left,1
images/001573.jpg,0.28125,0.5,opencv,1777621512.4799616,1,1,locked_only_right_hard,-27,-0.1125,213,29,396,367,1,right,left,1
images/001574.jpg,0.2916666666666667,0.5,opencv,1777621512.620784,1,1,locked_only_right_hard,-28,-0.11666666666666667,212,28,395,367,1,right,left,1
images/001575.jpg,0.35416666666666663,0.5,opencv,1777621512.7630064,1,1,locked_only_right_hard,-34,-0.14166666666666666,206,22,389,367,1,right,left,1
images/001576.jpg,0.5208333333333334,0.5,opencv,1777621512.9052222,1,1,locked_only_right_hard,-50,-0.20833333333333334,190,6,373,367,1,right,left,1
images/001577.jpg,0.7083333333333333,0.5,opencv,1777621513.0492725,1,1,locked_only_right_hard,-68,-0.2833333333333333,172,-12,355,367,1,right,left,1
images/001578.jpg,0.6770833333333333,0.5,opencv,1777621513.1910079,1,1,locked_only_right_hard,-65,-0.2708333333333333,175,-9,358,367,1,right,left,1
images/001579.jpg,0.6979166666666667,0.5,opencv,1777621513.3337767,1,1,locked_only_right_hard,-67,-0.2791666666666667,173,-11,356,367,1,right,left,1
images/001580.jpg,0.40625,0.5,opencv,1777621513.477369,1,1,locked_only_right_hard,-39,-0.1625,201,17,384,367,1,right,left,1
images/001581.jpg,0.2604166666666667,0.5,opencv,1777621513.6201131,1,1,locked_both_hard,-25,-0.10416666666666667,215,27,404,369,1,both,none,2
images/001582.jpg,0.21875,0.5,opencv,1777621513.761463,1,1,locked_both_hard,-21,-0.0875,219,29,410,373,1,both,none,2
images/001583.jpg,0.07291666666666667,0.5,opencv,1777621513.905531,1,1,locked_both_hard,-7,-0.029166666666666667,233,50,417,370,1,both,none,2
images/001584.jpg,-0.0,0.5,opencv,1777621514.0477197,1,1,locked_both_hard,0,0.0,240,60,421,365,1,both,none,2
images/001585.jpg,-0.041666666666666664,0.5,opencv,1777621514.1946993,1,1,locked_both_hard,4,0.016666666666666666,244,66,423,363,1,both,none,2
images/001586.jpg,-0.09375,0.5,opencv,1777621514.3359165,1,1,locked_both_hard,9,0.0375,249,72,426,359,1,both,none,2
images/001587.jpg,-0.10416666666666666,0.5,opencv,1777621514.479909,1,1,locked_both_hard,10,0.041666666666666664,250,72,429,357,1,both,none,2
images/001588.jpg,-0.09375,0.5,opencv,1777621514.6230233,1,1,locked_both_hard,9,0.0375,249,77,421,352,1,both,none,2
images/001589.jpg,-0.0625,0.5,opencv,1777621514.7651463,1,1,locked_both_hard,6,0.025,246,69,424,351,1,both,none,2
images/001590.jpg,-0.15625,0.5,opencv,1777621514.9085891,1,1,locked_both_hard,15,0.0625,255,76,435,351,1,both,none,2
images/001591.jpg,-0.020833333333333332,0.5,opencv,1777621515.0506637,1,1,locked_both_hard,2,0.008333333333333333,242,54,431,357,1,both,none,2
images/001592.jpg,0.19791666666666666,0.5,opencv,1777621515.1924698,1,1,locked_both_hard,-19,-0.07916666666666666,221,27,416,366,1,both,none,2
images/001593.jpg,0.27083333333333337,0.5,opencv,1777621515.3354158,1,1,locked_only_right_hard,-26,-0.10833333333333334,214,29,399,370,1,right,left,1
images/001594.jpg,0.41666666666666663,0.5,opencv,1777621515.476731,1,1,locked_only_right_hard,-40,-0.16666666666666666,200,15,385,370,1,right,left,1
images/001595.jpg,0.46875,0.5,opencv,1777621515.620404,1,1,locked_only_right_hard,-45,-0.1875,195,10,380,370,1,right,left,1
images/001596.jpg,0.5520833333333333,0.5,opencv,1777621515.7623465,1,1,locked_only_right_hard,-53,-0.22083333333333333,187,2,372,370,1,right,left,1
images/001597.jpg,0.53125,0.5,opencv,1777621515.9041088,1,1,locked_only_right_hard,-51,-0.2125,189,4,374,370,1,right,left,1
images/001598.jpg,0.875,0.47,opencv,1777621516.048438,1,1,locked_only_right_hard,-84,-0.35,156,-29,341,370,1,right,left,2
images/001599.jpg,1.0,0.47,opencv,1777621516.1901348,1,1,locked_only_right_hard,-97,-0.4041666666666667,143,-42,328,370,1,right,left,1
images/001600.jpg,0.90625,0.47,opencv,1777621516.3337297,1,1,locked_only_right_hard,-87,-0.3625,153,-32,338,370,1,right,left,1
images/001601.jpg,0.9583333333333334,0.47,opencv,1777621516.4750617,1,1,locked_only_right_hard,-92,-0.38333333333333336,148,-37,333,370,1,right,left,2
images/001602.jpg,0.65625,0.5,opencv,1777621516.6163976,1,1,locked_only_right_hard,-63,-0.2625,177,-8,362,370,1,right,left,2
images/001603.jpg,0.3125,0.5,opencv,1777621516.759278,1,1,locked_only_right_hard,-30,-0.125,210,25,395,370,1,right,left,1
images/001604.jpg,0.35416666666666663,0.5,opencv,1777621516.9021711,1,1,locked_only_right_hard,-34,-0.14166666666666666,206,21,391,370,1,right,left,1
images/001605.jpg,0.3333333333333333,0.5,opencv,1777621517.0468688,1,1,locked_both_hard,-32,-0.13333333333333333,208,16,401,373,1,both,none,2
images/001606.jpg,0.2916666666666667,0.5,opencv,1777621517.1894531,1,1,locked_both_hard,-28,-0.11666666666666667,212,18,406,379,1,both,none,2
images/001607.jpg,0.2916666666666667,0.5,opencv,1777621517.3314269,1,1,locked_both_hard,-28,-0.11666666666666667,212,19,406,380,1,both,none,2
images/001608.jpg,0.3333333333333333,0.5,opencv,1777621517.4772813,1,1,locked_both_hard,-32,-0.13333333333333333,208,20,397,378,1,both,none,2
images/001609.jpg,0.375,0.5,opencv,1777621517.617313,1,1,locked_both_hard,-36,-0.15,204,15,394,378,1,both,none,2
images/001610.jpg,0.40625,0.5,opencv,1777621517.7605696,1,1,locked_both_hard,-39,-0.1625,201,12,391,378,1,both,none,2
images/001611.jpg,0.4791666666666667,0.5,opencv,1777621517.9052482,1,1,locked_both_hard,-46,-0.19166666666666668,194,13,376,375,1,both,none,2
images/001612.jpg,0.46875,0.5,opencv,1777621518.0475075,1,1,locked_both_hard,-45,-0.1875,195,14,376,369,1,both,none,2
images/001613.jpg,0.2916666666666667,0.5,opencv,1777621518.19205,1,1,locked_both_hard,-28,-0.11666666666666667,212,15,410,375,1,both,none,3
images/001614.jpg,0.59375,0.5,opencv,1777621518.333898,1,1,locked_both_hard,-57,-0.2375,183,21,345,354,1,both,none,2
images/001615.jpg,0.6145833333333333,0.5,opencv,1777621518.4778397,1,1,locked_both_hard,-59,-0.24583333333333332,181,22,341,342,1,both,none,2
images/001616.jpg,0.46875,0.5,opencv,1777621518.6199415,1,1,locked_both_hard,-45,-0.1875,195,34,357,335,1,both,none,2
images/001617.jpg,0.16666666666666666,0.5,opencv,1777621518.7615871,1,1,locked_both_hard,-16,-0.06666666666666667,224,50,399,337,1,both,none,2
images/001618.jpg,-0.125,0.5,opencv,1777621518.9026432,1,1,locked_both_hard,12,0.05,252,74,430,344,1,both,none,2
images/001619.jpg,-0.35416666666666663,0.5,opencv,1777621519.043845,1,1,locked_both_hard,34,0.14166666666666666,274,105,443,343,1,both,none,2
images/001620.jpg,-0.4375,0.5,opencv,1777621519.1877797,1,1,locked_both_hard,42,0.175,282,121,443,336,1,both,none,2
images/001621.jpg,-0.41666666666666663,0.5,opencv,1777621519.3303015,1,1,locked_both_hard,40,0.16666666666666666,280,118,442,331,1,both,none,2
images/001622.jpg,-0.22916666666666666,0.5,opencv,1777621519.4717221,1,1,locked_both_hard,22,0.09166666666666666,262,93,431,332,1,both,none,2
images/001623.jpg,0.07291666666666667,0.5,opencv,1777621519.6152077,1,1,locked_both_hard,-7,-0.029166666666666667,233,50,416,340,1,both,none,3
images/001624.jpg,0.22916666666666666,0.5,opencv,1777621519.757712,1,1,locked_both_hard,-22,-0.09166666666666666,218,30,407,352,1,both,none,2
images/001625.jpg,0.42708333333333337,0.5,opencv,1777621519.8995886,1,1,locked_both_hard,-41,-0.17083333333333334,199,14,385,359,1,both,none,3
images/001626.jpg,0.3229166666666667,0.5,opencv,1777621520.042373,1,1,locked_only_right_hard,-31,-0.12916666666666668,209,28,389,361,1,right,left,1
images/001627.jpg,0.36458333333333337,0.5,opencv,1777621520.1836555,1,1,locked_only_right_hard,-35,-0.14583333333333334,205,24,385,361,1,right,left,1
images/001628.jpg,0.375,0.5,opencv,1777621520.3265533,1,1,locked_only_right_hard,-36,-0.15,204,23,384,361,1,right,left,1
images/001629.jpg,0.4895833333333333,0.5,opencv,1777621520.4690514,1,1,locked_only_right_hard,-47,-0.19583333333333333,193,12,373,361,1,right,left,1
images/001630.jpg,0.59375,0.5,opencv,1777621520.6095781,1,1,locked_only_right_hard,-57,-0.2375,183,2,363,361,1,right,left,1
images/001631.jpg,0.6979166666666667,0.5,opencv,1777621520.7524033,1,1,locked_only_right_hard,-67,-0.2791666666666667,173,-8,353,361,1,right,left,1
images/001632.jpg,0.6458333333333334,0.5,opencv,1777621520.8933709,1,1,locked_only_right_hard,-62,-0.25833333333333336,178,-3,358,361,1,right,left,2
images/001633.jpg,0.42708333333333337,0.5,opencv,1777621521.0368445,1,1,locked_only_right_hard,-41,-0.17083333333333334,199,18,379,361,1,right,left,2
images/001634.jpg,0.3125,0.5,opencv,1777621521.1787195,1,1,locked_only_right_hard,-30,-0.125,210,29,390,361,1,right,left,1
images/001635.jpg,0.2916666666666667,0.5,opencv,1777621521.3200226,1,1,locked_only_right_hard,-28,-0.11666666666666667,212,31,392,361,1,right,left,1
images/001636.jpg,0.3125,0.5,opencv,1777621521.463273,1,1,locked_only_right_hard,-30,-0.125,210,29,390,361,1,right,left,1
images/001637.jpg,0.5104166666666666,0.5,opencv,1777621521.6053555,1,1,locked_only_right_hard,-49,-0.20416666666666666,191,10,371,361,1,right,left,1
images/001638.jpg,0.6666666666666666,0.5,opencv,1777621521.748714,1,1,locked_only_right_hard,-64,-0.26666666666666666,176,-5,356,361,1,right,left,1
images/001639.jpg,0.7395833333333334,0.5,opencv,1777621521.8928416,1,1,locked_only_right_hard,-71,-0.29583333333333334,169,-12,349,361,1,right,left,1
images/001640.jpg,0.6666666666666666,0.5,opencv,1777621522.0342689,1,1,locked_only_right_hard,-64,-0.26666666666666666,176,-5,356,361,1,right,left,1
images/001641.jpg,0.5,0.5,opencv,1777621522.1775613,1,1,locked_only_right_hard,-48,-0.2,192,11,372,361,1,right,left,1
images/001642.jpg,0.3958333333333333,0.5,opencv,1777621522.3194656,1,1,locked_both_hard,-38,-0.15833333333333333,202,15,390,363,1,both,none,2
images/001643.jpg,0.23958333333333334,0.5,opencv,1777621522.4636433,1,1,locked_both_hard,-23,-0.09583333333333334,217,27,407,368,1,both,none,2
images/001644.jpg,0.15625,0.5,opencv,1777621522.6087987,1,1,locked_both_hard,-15,-0.0625,225,40,411,370,1,both,none,2
images/001645.jpg,0.10416666666666666,0.5,opencv,1777621522.7522597,1,1,locked_both_hard,-10,-0.041666666666666664,230,49,412,367,1,both,none,2
images/001646.jpg,0.05208333333333333,0.5,opencv,1777621522.8947463,1,1,locked_both_hard,-5,-0.020833333333333332,235,52,419,366,1,both,none,2
images/001647.jpg,-0.05208333333333333,0.5,opencv,1777621523.0381882,1,1,locked_both_hard,5,0.020833333333333332,245,67,424,363,1,both,none,2
images/001648.jpg,-0.10416666666666666,0.5,opencv,1777621523.182009,1,1,locked_both_hard,10,0.041666666666666664,250,74,426,359,1,both,none,2
images/001649.jpg,-0.10416666666666666,0.5,opencv,1777621523.3240328,1,1,locked_both_hard,10,0.041666666666666664,250,72,429,357,1,both,none,2
images/001650.jpg,-0.11458333333333333,0.5,opencv,1777621523.468429,1,1,locked_both_hard,11,0.04583333333333333,251,81,421,352,1,both,none,2
images/001651.jpg,-0.125,0.5,opencv,1777621523.6115494,1,1,locked_both_hard,12,0.05,252,75,429,352,1,both,none,2
images/001652.jpg,-0.1875,0.5,opencv,1777621523.754421,1,1,locked_both_hard,18,0.075,258,81,436,351,1,both,none,2
images/001653.jpg,-0.041666666666666664,0.5,opencv,1777621523.8976276,1,1,locked_both_hard,4,0.016666666666666666,244,58,431,357,1,both,none,2
images/001654.jpg,0.17708333333333331,0.5,opencv,1777621524.0390036,1,1,locked_both_hard,-17,-0.07083333333333333,223,32,415,365,1,both,none,2
images/001655.jpg,0.36458333333333337,0.5,opencv,1777621524.182318,1,1,locked_both_hard,-35,-0.14583333333333334,205,8,402,374,1,both,none,2
images/001656.jpg,0.4479166666666667,0.5,opencv,1777621524.323687,1,1,locked_only_right_hard,-43,-0.17916666666666667,197,10,384,374,1,right,left,1
images/001657.jpg,0.5104166666666666,0.5,opencv,1777621524.4647853,1,1,locked_only_right_hard,-49,-0.20416666666666666,191,4,378,374,1,right,left,1
images/001658.jpg,0.53125,0.5,opencv,1777621524.6081696,1,1,locked_only_right_hard,-51,-0.2125,189,2,376,374,1,right,left,1
images/001659.jpg,0.6041666666666666,0.5,opencv,1777621524.7488658,1,1,locked_only_right_hard,-58,-0.24166666666666667,182,-5,369,374,1,right,left,1
images/001660.jpg,0.05208333333333333,0.5,opencv,1777621524.894238,1,1,locked_only_right_hard,-5,-0.020833333333333332,235,48,422,374,1,right,left,2
images/001661.jpg,0.3020833333333333,0.5,opencv,1777621525.0369925,1,1,locked_only_right_hard,-29,-0.12083333333333333,211,24,398,374,1,right,left,2
images/001662.jpg,1.0,0.47,opencv,1777621525.1791987,1,1,locked_only_right_hard,-108,-0.45,132,-55,319,374,1,right,left,1
images/001663.jpg,1.0,0.45,opencv,1777621525.3249621,1,1,locked_only_right_hard,-147,-0.6125,93,-94,280,374,1,right,left,1
images/001664.jpg,1.0,0.45,opencv,1777621525.4667366,1,1,locked_only_right_hard,-139,-0.5791666666666667,101,-86,288,374,1,right,left,1
images/001665.jpg,1.0,0.47,opencv,1777621525.6105032,1,1,locked_only_right_hard,-127,-0.5291666666666667,113,-74,300,374,1,right,left,2
images/001666.jpg,0.9791666666666666,0.47,opencv,1777621525.753547,1,1,locked_only_right_hard,-94,-0.39166666666666666,146,-41,333,374,1,right,left,1
images/001667.jpg,0.8229166666666666,0.47,opencv,1777621525.8948486,1,1,locked_only_right_hard,-79,-0.32916666666666666,161,-26,348,374,1,right,left,1
images/001668.jpg,0.6770833333333333,0.5,opencv,1777621526.0392647,1,1,locked_only_right_hard,-65,-0.2708333333333333,175,-12,362,374,1,right,left,1
images/001669.jpg,0.3854166666666667,0.5,opencv,1777621526.180056,1,1,locked_both_hard,-37,-0.15416666666666667,203,17,389,373,1,both,none,2
images/001670.jpg,0.3229166666666667,0.5,opencv,1777621526.3240402,1,1,locked_both_hard,-31,-0.12916666666666668,209,24,394,372,1,both,none,2
images/001671.jpg,0.22916666666666666,0.5,opencv,1777621526.4660795,1,1,locked_both_hard,-22,-0.09166666666666666,218,32,405,372,1,both,none,2
images/001672.jpg,0.17708333333333331,0.5,opencv,1777621526.6076355,1,1,locked_both_hard,-17,-0.07083333333333333,223,31,415,375,1,both,none,2
images/001673.jpg,0.1875,0.5,opencv,1777621526.7512496,1,1,locked_both_hard,-18,-0.075,222,31,413,378,1,both,none,2
images/001674.jpg,0.2604166666666667,0.5,opencv,1777621526.8934298,1,1,locked_both_hard,-25,-0.10416666666666667,215,30,401,375,1,both,none,2
images/001675.jpg,0.16666666666666666,0.5,opencv,1777621527.0376256,1,1,locked_both_hard,-16,-0.06666666666666667,224,24,424,380,1,both,none,2
images/001676.jpg,0.5729166666666666,0.5,opencv,1777621527.1803367,1,1,locked_both_hard,-55,-0.22916666666666666,185,25,346,375,1,both,none,2
images/001677.jpg,0.5625,0.5,opencv,1777621527.3212252,1,1,locked_both_hard,-54,-0.225,186,20,353,359,1,both,none,2
images/001678.jpg,0.6041666666666666,0.5,opencv,1777621527.46487,1,1,locked_both_hard,-58,-0.24166666666666667,182,23,342,344,1,both,none,2
images/001679.jpg,0.3854166666666667,0.5,opencv,1777621527.6069155,1,1,locked_both_hard,-37,-0.15416666666666667,203,38,368,337,1,both,none,2
images/001680.jpg,0.0625,0.5,opencv,1777621527.748811,1,1,locked_both_hard,-6,-0.025,234,56,413,343,1,both,none,2
images/001681.jpg,-0.19791666666666666,0.5,opencv,1777621527.8960397,1,1,locked_both_hard,19,0.07916666666666666,259,83,435,347,1,both,none,2
images/001682.jpg,-0.375,0.5,opencv,1777621528.040085,1,1,locked_both_hard,36,0.15,276,108,445,344,1,both,none,2
images/001683.jpg,-0.42708333333333337,0.5,opencv,1777621528.1823678,1,1,locked_both_hard,41,0.17083333333333334,281,121,442,335,1,both,none,2
images/001684.jpg,-0.3333333333333333,0.5,opencv,1777621528.3258927,1,1,locked_both_hard,32,0.13333333333333333,272,108,437,331,1,both,none,2
images/001685.jpg,-0.14583333333333334,0.5,opencv,1777621528.4697328,1,1,locked_both_hard,14,0.058333333333333334,254,83,425,333,1,both,none,2
images/001686.jpg,0.07291666666666667,0.5,opencv,1777621528.6137366,1,1,locked_both_hard,-7,-0.029166666666666667,233,49,418,344,1,both,none,2
images/001687.jpg,0.2916666666666667,0.5,opencv,1777621528.756712,1,1,locked_both_hard,-28,-0.11666666666666667,212,23,402,356,1,both,none,2
images/001688.jpg,0.35416666666666663,0.5,opencv,1777621528.8976457,1,1,locked_only_right_hard,-34,-0.14166666666666666,206,26,386,360,1,right,left,2
images/001689.jpg,0.3958333333333333,0.5,opencv,1777621529.0408645,1,1,locked_only_right_hard,-38,-0.15833333333333333,202,22,382,360,1,right,left,1
images/001690.jpg,0.5520833333333333,0.5,opencv,1777621529.1821754,1,1,locked_only_right_hard,-53,-0.22083333333333333,187,7,367,360,1,right,left,1
images/001691.jpg,0.59375,0.5,opencv,1777621529.3305135,1,1,locked_only_right_hard,-57,-0.2375,183,3,363,360,1,right,left,1
images/001692.jpg,0.625,0.5,opencv,1777621529.473441,1,1,locked_only_right_hard,-60,-0.25,180,0,360,360,1,right,left,1
images/001693.jpg,0.5625,0.5,opencv,1777621529.6180034,1,1,locked_only_right_hard,-54,-0.225,186,6,366,360,1,right,left,1
images/001694.jpg,0.4583333333333333,0.5,opencv,1777621529.7619941,1,1,locked_only_right_hard,-44,-0.18333333333333332,196,16,376,360,1,right,left,1
images/001695.jpg,0.35416666666666663,0.5,opencv,1777621529.9037118,1,1,locked_only_right_hard,-34,-0.14166666666666666,206,26,386,360,1,right,left,1
images/001696.jpg,0.3125,0.5,opencv,1777621530.04798,1,1,locked_only_right_hard,-30,-0.125,210,30,390,360,1,right,left,1
images/001697.jpg,0.3854166666666667,0.5,opencv,1777621530.1913018,1,1,locked_only_right_hard,-37,-0.15416666666666667,203,23,383,360,1,right,left,1
images/001698.jpg,0.5520833333333333,0.5,opencv,1777621530.3339193,1,1,locked_only_right_hard,-53,-0.22083333333333333,187,7,367,360,1,right,left,1
images/001699.jpg,0.6041666666666666,0.5,opencv,1777621530.4786165,1,1,locked_only_right_hard,-58,-0.24166666666666667,182,2,362,360,1,right,left,1
images/001700.jpg,0.5833333333333334,0.5,opencv,1777621530.6213877,1,1,locked_only_right_hard,-56,-0.23333333333333334,184,4,364,360,1,right,left,1
images/001701.jpg,0.5,0.5,opencv,1777621530.7648313,1,1,locked_only_right_hard,-48,-0.2,192,12,372,360,1,right,left,1
images/001702.jpg,0.3229166666666667,0.5,opencv,1777621530.9071815,1,1,locked_only_right_hard,-31,-0.12916666666666668,209,29,389,360,1,right,left,1
images/001703.jpg,0.42708333333333337,0.5,opencv,1777621531.0485709,1,1,locked_only_right_hard,-41,-0.17083333333333334,199,19,379,360,1,right,left,1
images/001704.jpg,0.35416666666666663,0.5,opencv,1777621531.1914613,1,1,locked_only_right_hard,-34,-0.14166666666666666,206,26,386,360,1,right,left,1
images/001705.jpg,0.34375,0.5,opencv,1777621531.3323567,1,1,locked_only_right_hard,-33,-0.1375,207,27,387,360,1,right,left,1
images/001706.jpg,0.375,0.5,opencv,1777621531.476224,1,1,locked_both_hard,-36,-0.15,204,21,387,363,1,both,none,2
images/001707.jpg,0.34375,0.5,opencv,1777621531.6185553,1,1,locked_both_hard,-33,-0.1375,207,27,388,361,1,both,none,2
images/001708.jpg,0.15625,0.5,opencv,1777621531.760164,1,1,locked_both_hard,-15,-0.0625,225,39,411,362,1,both,none,2
images/001709.jpg,-0.0625,0.5,opencv,1777621531.9033103,1,1,locked_both_hard,6,0.025,246,67,426,363,1,both,none,2
images/001710.jpg,-0.27083333333333337,0.5,opencv,1777621532.0452,1,1,locked_both_hard,26,0.10833333333333334,266,95,438,355,1,both,none,2
images/001711.jpg,-0.36458333333333337,0.5,opencv,1777621532.1912768,1,1,locked_both_hard,35,0.14583333333333334,275,109,442,347,1,both,none,2
images/001712.jpg,-0.27083333333333337,0.5,opencv,1777621532.336421,1,1,locked_both_hard,26,0.10833333333333334,266,100,433,341,1,both,none,2
images/001713.jpg,-0.17708333333333331,0.5,opencv,1777621532.4801884,1,1,locked_both_hard,17,0.07083333333333333,257,82,432,341,1,both,none,3
images/001714.jpg,-0.10416666666666666,0.5,opencv,1777621532.6221826,1,1,locked_both_hard,10,0.041666666666666664,250,68,432,345,1,both,none,2
images/001715.jpg,0.13541666666666669,0.5,opencv,1777621532.7634678,1,1,locked_both_hard,-13,-0.05416666666666667,227,33,422,357,1,both,none,2
images/001716.jpg,0.27083333333333337,0.5,opencv,1777621532.9065604,1,1,locked_both_hard,-26,-0.10833333333333334,214,21,407,366,1,both,none,2
images/001717.jpg,0.2916666666666667,0.5,opencv,1777621533.049408,1,1,locked_only_right_hard,-28,-0.11666666666666667,212,27,397,370,1,right,left,1
images/001718.jpg,0.3958333333333333,0.5,opencv,1777621533.1898892,1,1,locked_only_right_hard,-38,-0.15833333333333333,202,17,387,370,1,right,left,1
images/001719.jpg,0.4375,0.5,opencv,1777621533.332321,1,1,locked_only_right_hard,-42,-0.175,198,13,383,370,1,right,left,1
images/001720.jpg,0.53125,0.5,opencv,1777621533.4730098,1,1,locked_only_right_hard,-51,-0.2125,189,4,374,370,1,right,left,1
images/001721.jpg,0.5729166666666666,0.5,opencv,1777621533.616,1,1,locked_only_right_hard,-55,-0.22916666666666666,185,0,370,370,1,right,left,1
images/001722.jpg,0.25,0.5,opencv,1777621533.7579992,1,1,locked_only_right_hard,-24,-0.1,216,31,401,370,1,right,left,2
images/001723.jpg,0.23958333333333334,0.5,opencv,1777621533.9004078,1,1,locked_only_right_hard,-23,-0.09583333333333334,217,32,402,370,1,right,left,2
images/001724.jpg,1.0,0.47,opencv,1777621534.043294,1,1,locked_only_right_hard,-113,-0.4708333333333333,127,-58,312,370,1,right,left,1
images/001725.jpg,1.0,0.45,opencv,1777621534.184616,1,1,locked_only_right_hard,-138,-0.575,102,-83,287,370,1,right,left,1
images/001726.jpg,1.0,0.45,opencv,1777621534.3284702,1,1,locked_only_right_hard,-134,-0.5583333333333333,106,-79,291,370,1,right,left,1
images/001727.jpg,1.0,0.47,opencv,1777621534.4705887,1,1,locked_only_right_hard,-114,-0.475,126,-59,311,370,1,right,left,1
images/001728.jpg,0.9583333333333334,0.47,opencv,1777621534.6112401,1,1,locked_only_right_hard,-92,-0.38333333333333336,148,-37,333,370,1,right,left,1
images/001729.jpg,0.6979166666666667,0.5,opencv,1777621534.7540972,1,1,locked_only_right_hard,-67,-0.2791666666666667,173,-12,358,370,1,right,left,1
images/001730.jpg,0.4895833333333333,0.5,opencv,1777621534.8954978,1,1,locked_only_right_hard,-47,-0.19583333333333333,193,8,378,370,1,right,left,1
images/001731.jpg,0.2916666666666667,0.5,opencv,1777621535.0389292,1,1,locked_both_hard,-28,-0.11666666666666667,212,22,403,372,1,both,none,2
images/001732.jpg,0.28125,0.5,opencv,1777621535.1799827,1,1,locked_both_hard,-27,-0.1125,213,26,400,374,1,both,none,2
images/001733.jpg,0.2604166666666667,0.5,opencv,1777621535.3241088,1,1,locked_both_hard,-25,-0.10416666666666667,215,28,403,374,1,both,none,2
images/001734.jpg,0.22916666666666666,0.5,opencv,1777621535.467318,1,1,locked_both_hard,-22,-0.09166666666666666,218,25,411,377,1,both,none,2
images/001735.jpg,0.3125,0.5,opencv,1777621535.6094625,1,1,locked_both_hard,-30,-0.125,210,21,399,377,1,both,none,2
images/001736.jpg,0.35416666666666663,0.5,opencv,1777621535.7532663,1,1,locked_both_hard,-34,-0.14166666666666666,206,23,390,373,1,both,none,2
images/001737.jpg,0.2604166666666667,0.5,opencv,1777621535.8939993,1,1,locked_both_hard,-25,-0.10416666666666667,215,19,412,380,1,both,none,2
images/001738.jpg,0.5833333333333334,0.5,opencv,1777621536.0376256,1,1,locked_both_hard,-56,-0.23333333333333334,184,22,346,356,1,both,none,2
images/001739.jpg,0.625,0.5,opencv,1777621536.1798275,1,1,locked_both_hard,-60,-0.25,180,20,340,344,1,both,none,2
images/001740.jpg,0.4895833333333333,0.5,opencv,1777621536.322791,1,1,locked_both_hard,-47,-0.19583333333333333,193,31,356,337,1,both,none,2
images/001741.jpg,0.21875,0.5,opencv,1777621536.465576,1,1,locked_both_hard,-21,-0.0875,219,48,391,337,1,both,none,2
images/001742.jpg,-0.03125,0.5,opencv,1777621536.6077642,1,1,locked_both_hard,3,0.0125,243,65,422,344,1,both,none,2
images/001743.jpg,-0.23958333333333334,0.5,opencv,1777621536.7513711,1,1,locked_both_hard,23,0.09583333333333334,263,89,438,347,1,both,none,2
images/001744.jpg,-0.3125,0.5,opencv,1777621536.8939612,1,1,locked_both_hard,30,0.125,270,102,439,344,1,both,none,2
images/001745.jpg,-0.3229166666666667,0.5,opencv,1777621537.035635,1,1,locked_both_hard,31,0.12916666666666668,271,106,437,339,1,both,none,2
images/001746.jpg,-0.21875,0.5,opencv,1777621537.1787655,1,1,locked_both_hard,21,0.0875,261,92,430,338,1,both,none,2
images/001747.jpg,-0.07291666666666667,0.5,opencv,1777621537.320002,1,1,locked_both_hard,7,0.029166666666666667,247,71,423,341,1,both,none,2
images/001748.jpg,0.08333333333333333,0.5,opencv,1777621537.464028,1,1,locked_both_hard,-8,-0.03333333333333333,232,44,420,351,1,both,none,2
images/001749.jpg,0.27083333333333337,0.5,opencv,1777621537.606239,1,1,locked_both_hard,-26,-0.10833333333333334,214,25,403,360,1,both,none,3
images/001750.jpg,0.41666666666666663,0.5,opencv,1777621537.7492783,1,1,locked_both_hard,-40,-0.16666666666666666,200,10,391,365,1,both,none,2
images/001751.jpg,0.35416666666666663,0.5,opencv,1777621537.8931317,1,1,locked_only_right_hard,-34,-0.14166666666666666,206,23,388,365,1,right,left,1
images/001752.jpg,0.4375,0.5,opencv,1777621538.034063,1,1,locked_only_right_hard,-42,-0.175,198,15,380,365,1,right,left,1
images/001753.jpg,0.36458333333333337,0.5,opencv,1777621538.1776335,1,1,locked_only_right_hard,-35,-0.14583333333333334,205,22,387,365,1,right,left,1
images/001754.jpg,0.6041666666666666,0.5,opencv,1777621538.319617,1,1,locked_only_right_hard,-58,-0.24166666666666667,182,-1,364,365,1,right,left,1
images/001755.jpg,0.75,0.5,opencv,1777621538.4624376,1,1,locked_only_right_hard,-72,-0.3,168,-15,350,365,1,right,left,1
images/001756.jpg,0.7708333333333334,0.47,opencv,1777621538.605396,1,1,locked_only_right_hard,-74,-0.30833333333333335,166,-17,348,365,1,right,left,2
images/001757.jpg,0.5104166666666666,0.5,opencv,1777621538.7465038,1,1,locked_only_right_hard,-49,-0.20416666666666666,191,8,373,365,1,right,left,2
images/001758.jpg,0.375,0.5,opencv,1777621538.8898022,1,1,locked_only_right_hard,-36,-0.15,204,21,386,365,1,right,left,2
images/001759.jpg,0.2916666666666667,0.5,opencv,1777621539.0337758,1,1,locked_only_right_hard,-28,-0.11666666666666667,212,29,394,365,1,right,left,1
images/001760.jpg,0.3020833333333333,0.5,opencv,1777621539.175181,1,1,locked_only_right_hard,-29,-0.12083333333333333,211,28,393,365,1,right,left,1
images/001761.jpg,0.34375,0.5,opencv,1777621539.3189137,1,1,locked_only_right_hard,-33,-0.1375,207,24,389,365,1,right,left,1
images/001762.jpg,0.5208333333333334,0.5,opencv,1777621539.4610624,1,1,locked_only_right_hard,-50,-0.20833333333333334,190,7,372,365,1,right,left,1
images/001763.jpg,0.7291666666666667,0.5,opencv,1777621539.6025736,1,1,locked_only_right_hard,-70,-0.2916666666666667,170,-13,352,365,1,right,left,1
images/001764.jpg,0.7604166666666666,0.47,opencv,1777621539.7471623,1,1,locked_only_right_hard,-73,-0.30416666666666664,167,-16,349,365,1,right,left,1
images/001765.jpg,0.7708333333333334,0.47,opencv,1777621539.889619,1,1,locked_only_right_hard,-74,-0.30833333333333335,166,-17,348,365,1,right,left,1
images/001766.jpg,0.46875,0.5,opencv,1777621540.0328703,1,1,locked_only_right_hard,-45,-0.1875,195,12,377,365,1,right,left,1
images/001767.jpg,0.3333333333333333,0.5,opencv,1777621540.1750352,1,1,locked_both_hard,-32,-0.13333333333333333,208,21,396,367,1,both,none,2
images/001768.jpg,0.27083333333333337,0.5,opencv,1777621540.3167865,1,1,locked_both_hard,-26,-0.10833333333333334,214,23,406,371,1,both,none,2
images/001769.jpg,0.125,0.5,opencv,1777621540.4613218,1,1,locked_both_hard,-12,-0.05,228,44,413,369,1,both,none,2
images/001770.jpg,0.010416666666666666,0.5,opencv,1777621540.6024175,1,1,locked_both_hard,-1,-0.004166666666666667,239,60,419,366,1,both,none,2
images/001771.jpg,0.010416666666666666,0.5,opencv,1777621540.7462957,1,1,locked_both_hard,-1,-0.004166666666666667,239,54,424,366,1,both,none,2
images/001772.jpg,-0.11458333333333333,0.5,opencv,1777621540.888378,1,1,locked_both_hard,11,0.04583333333333333,251,74,428,362,1,both,none,2
images/001773.jpg,-0.19791666666666666,0.5,opencv,1777621541.0295682,1,1,locked_both_hard,19,0.07916666666666666,259,84,434,356,1,both,none,2
images/001774.jpg,-0.09375,0.5,opencv,1777621541.1730473,1,1,locked_both_hard,9,0.0375,249,74,424,354,1,both,none,2
images/001775.jpg,-0.0625,0.5,opencv,1777621541.315729,1,1,locked_both_hard,6,0.025,246,72,421,350,1,both,none,2
images/001776.jpg,-0.14583333333333334,0.5,opencv,1777621541.4571183,1,1,locked_both_hard,14,0.058333333333333334,254,79,429,349,1,both,none,2
images/001777.jpg,-0.07291666666666667,0.5,opencv,1777621541.59992,1,1,locked_both_hard,7,0.029166666666666667,247,64,430,354,1,both,none,2
images/001778.jpg,0.125,0.5,opencv,1777621541.740765,1,1,locked_both_hard,-12,-0.05,228,36,421,364,1,both,none,2
images/001779.jpg,0.3333333333333333,0.5,opencv,1777621541.8842173,1,1,locked_both_hard,-32,-0.13333333333333333,208,13,404,372,1,both,none,2
images/001780.jpg,0.40625,0.5,opencv,1777621542.0266192,1,1,locked_only_right_hard,-39,-0.1625,201,15,387,372,1,right,left,1
images/001781.jpg,0.41666666666666663,0.5,opencv,1777621542.1677992,1,1,locked_only_right_hard,-40,-0.16666666666666666,200,14,386,372,1,right,left,1
images/001782.jpg,0.46875,0.5,opencv,1777621542.3102918,1,1,locked_only_right_hard,-45,-0.1875,195,9,381,372,1,right,left,1
images/001783.jpg,0.7291666666666667,0.5,opencv,1777621542.4525754,1,1,locked_only_right_hard,-70,-0.2916666666666667,170,-16,356,372,1,right,left,1
images/001784.jpg,0.4791666666666667,0.5,opencv,1777621542.5965536,1,1,locked_only_right_hard,-46,-0.19166666666666668,194,8,380,372,1,right,left,1
images/001785.jpg,0.27083333333333337,0.5,opencv,1777621542.738622,1,1,locked_only_right_hard,-26,-0.10833333333333334,214,28,400,372,1,right,left,2
images/001786.jpg,1.0,0.47,opencv,1777621542.8807662,1,1,locked_only_right_hard,-112,-0.4666666666666667,128,-58,314,372,1,right,left,1
images/001787.jpg,1.0,0.47,opencv,1777621543.0244768,1,1,locked_only_right_hard,-111,-0.4625,129,-57,315,372,1,right,left,2
images/001788.jpg,0.7291666666666667,0.5,opencv,1777621543.165882,1,1,locked_only_right_hard,-70,-0.2916666666666667,170,-16,356,372,1,right,left,1
images/001789.jpg,0.4375,0.5,opencv,1777621543.3107052,1,1,locked_only_right_hard,-42,-0.175,198,12,384,372,1,right,left,1
images/001790.jpg,0.3958333333333333,0.5,opencv,1777621543.4534729,1,1,locked_only_right_hard,-38,-0.15833333333333333,202,16,388,372,1,right,left,1
images/001791.jpg,0.3333333333333333,0.5,opencv,1777621543.5966685,1,1,locked_both_hard,-32,-0.13333333333333333,208,16,401,375,1,both,none,2
images/001792.jpg,0.35416666666666663,0.5,opencv,1777621543.7403548,1,1,locked_both_hard,-34,-0.14166666666666666,206,19,394,375,1,both,none,2
images/001793.jpg,0.25,0.5,opencv,1777621543.8832738,1,1,locked_both_hard,-24,-0.1,216,20,412,379,1,both,none,2
images/001794.jpg,0.3125,0.5,opencv,1777621544.024526,1,1,locked_both_hard,-30,-0.125,210,23,398,377,1,both,none,2
images/001795.jpg,0.3125,0.5,opencv,1777621544.16697,1,1,locked_both_hard,-30,-0.125,210,18,402,379,1,both,none,2
images/001796.jpg,0.36458333333333337,0.5,opencv,1777621544.3078258,1,1,locked_both_hard,-35,-0.14583333333333334,205,15,395,380,1,both,none,2
images/001797.jpg,0.4895833333333333,0.5,opencv,1777621544.4510875,1,1,locked_both_hard,-47,-0.19583333333333333,193,13,373,376,1,both,none,2
images/001798.jpg,0.3854166666666667,0.5,opencv,1777621544.5941803,1,1,locked_both_hard,-37,-0.15416666666666667,203,12,395,374,1,both,none,2
images/001799.jpg,0.8020833333333334,0.47,opencv,1777621544.736207,1,1,locked_both_hard,-77,-0.32083333333333336,163,16,310,358,1,both,none,2
images/001800.jpg,0.6458333333333334,0.5,opencv,1777621544.8803442,1,1,locked_both_hard,-62,-0.25833333333333336,178,18,338,342,1,both,none,2
images/001801.jpg,0.5,0.5,opencv,1777621545.0216997,1,1,locked_both_hard,-48,-0.2,192,28,356,335,1,both,none,2
images/001802.jpg,0.28125,0.5,opencv,1777621545.1668763,1,1,locked_both_hard,-27,-0.1125,213,46,380,333,1,both,none,2
images/001803.jpg,-0.0,0.5,opencv,1777621545.3096387,1,1,locked_both_hard,0,0.0,240,60,420,340,1,both,none,2
images/001804.jpg,-0.1875,0.5,opencv,1777621545.4514506,1,1,locked_both_hard,18,0.075,258,81,436,345,1,both,none,2
images/001805.jpg,-0.3125,0.5,opencv,1777621545.594753,1,1,locked_both_hard,30,0.125,270,97,443,345,1,both,none,2
images/001806.jpg,-0.3125,0.5,opencv,1777621545.7366424,1,1,locked_both_hard,30,0.125,270,102,439,342,1,both,none,2
images/001807.jpg,-0.28125,0.5,opencv,1777621545.8804698,1,1,locked_both_hard,27,0.1125,267,99,436,339,1,both,none,2
images/001808.jpg,-0.09375,0.5,opencv,1777621546.0231156,1,1,locked_both_hard,9,0.0375,249,77,422,340,1,both,none,3
images/001809.jpg,0.041666666666666664,0.5,opencv,1777621546.1643484,1,1,locked_both_hard,-4,-0.016666666666666666,236,54,419,347,1,both,none,3
images/001810.jpg,0.20833333333333331,0.5,opencv,1777621546.3069522,1,1,locked_both_hard,-20,-0.08333333333333333,220,32,408,357,1,both,none,2
images/001811.jpg,0.34375,0.5,opencv,1777621546.4484074,1,1,locked_both_hard,-33,-0.1375,207,19,395,363,1,both,none,3
images/001812.jpg,0.375,0.5,opencv,1777621546.5916657,1,1,locked_both_hard,-36,-0.15,204,11,397,370,1,both,none,2
images/001813.jpg,0.34375,0.5,opencv,1777621546.7347708,1,1,locked_only_right_hard,-33,-0.1375,207,22,392,370,1,right,left,1
images/001814.jpg,0.36458333333333337,0.5,opencv,1777621546.876281,1,1,locked_only_right_hard,-35,-0.14583333333333334,205,20,390,370,1,right,left,1
images/001815.jpg,0.41666666666666663,0.5,opencv,1777621547.019327,1,1,locked_only_right_hard,-40,-0.16666666666666666,200,15,385,370,1,right,left,1
images/001816.jpg,0.5520833333333333,0.5,opencv,1777621547.1610975,1,1,locked_only_right_hard,-53,-0.22083333333333333,187,2,372,370,1,right,left,1
images/001817.jpg,0.8020833333333334,0.47,opencv,1777621547.3024518,1,1,locked_only_right_hard,-77,-0.32083333333333336,163,-22,348,370,1,right,left,1
images/001818.jpg,0.8229166666666666,0.47,opencv,1777621547.446645,1,1,locked_only_right_hard,-79,-0.32916666666666666,161,-24,346,370,1,right,left,2
images/001819.jpg,0.59375,0.5,opencv,1777621547.5875435,1,1,locked_only_right_hard,-57,-0.2375,183,-2,368,370,1,right,left,2
images/001820.jpg,0.41666666666666663,0.5,opencv,1777621547.7289443,1,1,locked_only_right_hard,-40,-0.16666666666666666,200,15,385,370,1,right,left,2
images/001821.jpg,0.35416666666666663,0.5,opencv,1777621547.872562,1,1,locked_only_right_hard,-34,-0.14166666666666666,206,21,391,370,1,right,left,1
images/001822.jpg,0.3229166666666667,0.5,opencv,1777621548.0144072,1,1,locked_only_right_hard,-31,-0.12916666666666668,209,24,394,370,1,right,left,1
images/001823.jpg,0.34375,0.5,opencv,1777621548.160409,1,1,locked_only_right_hard,-33,-0.1375,207,22,392,370,1,right,left,1
images/001824.jpg,0.4583333333333333,0.5,opencv,1777621548.3021717,1,1,locked_only_right_hard,-44,-0.18333333333333332,196,11,381,370,1,right,left,1
images/001825.jpg,0.6354166666666666,0.5,opencv,1777621548.4463773,1,1,locked_only_right_hard,-61,-0.25416666666666665,179,-6,364,370,1,right,left,1
images/001826.jpg,0.7083333333333333,0.5,opencv,1777621548.58918,1,1,locked_only_right_hard,-68,-0.2833333333333333,172,-13,357,370,1,right,left,1
images/001827.jpg,0.7708333333333334,0.47,opencv,1777621548.7305098,1,1,locked_only_right_hard,-74,-0.30833333333333335,166,-19,351,370,1,right,left,1
images/001828.jpg,0.4375,0.5,opencv,1777621548.8771253,1,1,locked_only_right_hard,-42,-0.175,198,13,383,370,1,right,left,1
images/001829.jpg,0.23958333333333334,0.5,opencv,1777621549.019377,1,1,locked_both_hard,-23,-0.09583333333333334,217,27,407,372,1,both,none,2
images/001830.jpg,0.125,0.5,opencv,1777621549.1612518,1,1,locked_both_hard,-12,-0.05,228,45,412,371,1,both,none,2
images/001831.jpg,0.0625,0.5,opencv,1777621549.3043015,1,1,locked_both_hard,-6,-0.025,234,55,414,367,1,both,none,2
images/001832.jpg,0.010416666666666666,0.5,opencv,1777621549.4468024,1,1,locked_both_hard,-1,-0.004166666666666667,239,56,422,364,1,both,none,2
images/001833.jpg,-0.05208333333333333,0.5,opencv,1777621549.5930173,1,1,locked_both_hard,5,0.020833333333333332,245,67,424,362,1,both,none,2
images/001834.jpg,-0.08333333333333333,0.5,opencv,1777621549.7365856,1,1,locked_both_hard,8,0.03333333333333333,248,72,425,357,1,both,none,2
images/001835.jpg,-0.10416666666666666,0.5,opencv,1777621549.8782356,1,1,locked_both_hard,10,0.041666666666666664,250,73,428,355,1,both,none,2
images/001836.jpg,-0.07291666666666667,0.5,opencv,1777621550.0216923,1,1,locked_both_hard,7,0.029166666666666667,247,75,419,352,1,both,none,2
images/001837.jpg,-0.09375,0.5,opencv,1777621550.1632752,1,1,locked_both_hard,9,0.0375,249,73,426,351,1,both,none,2
images/001838.jpg,-0.20833333333333331,0.5,opencv,1777621550.3076046,1,1,locked_both_hard,20,0.08333333333333333,260,84,437,349,1,both,none,2
images/001839.jpg,-0.09375,0.5,opencv,1777621550.4493024,1,1,locked_both_hard,9,0.0375,249,67,432,353,1,both,none,2
images/001840.jpg,0.13541666666666669,0.5,opencv,1777621550.5930278,1,1,locked_both_hard,-13,-0.05416666666666667,227,37,417,361,1,both,none,2
images/001841.jpg,0.35416666666666663,0.5,opencv,1777621550.7360423,1,1,locked_both_hard,-34,-0.14166666666666666,206,9,404,371,1,both,none,2
images/001842.jpg,0.4375,0.5,opencv,1777621550.877341,1,1,locked_only_right_hard,-42,-0.175,198,12,383,371,1,right,left,1
images/001843.jpg,0.4895833333333333,0.5,opencv,1777621551.0231879,1,1,locked_only_right_hard,-47,-0.19583333333333333,193,7,378,371,1,right,left,1
images/001844.jpg,0.5625,0.5,opencv,1777621551.163254,1,1,locked_only_right_hard,-54,-0.225,186,0,371,371,1,right,left,1
images/001845.jpg,0.7708333333333334,0.47,opencv,1777621551.3063629,1,1,locked_only_right_hard,-74,-0.30833333333333335,166,-20,351,371,1,right,left,1
images/001846.jpg,0.4375,0.5,opencv,1777621551.4491603,1,1,locked_only_right_hard,-42,-0.175,198,12,383,371,1,right,left,1
images/001847.jpg,0.17708333333333331,0.5,opencv,1777621551.5906615,1,1,locked_only_right_hard,-17,-0.07083333333333333,223,37,408,371,1,right,left,2
images/001848.jpg,1.0,0.47,opencv,1777621551.7349133,1,1,locked_only_right_hard,-103,-0.42916666666666664,137,-49,322,371,1,right,left,1
images/001849.jpg,1.0,0.47,opencv,1777621551.8790016,1,1,locked_only_right_hard,-116,-0.48333333333333334,124,-62,309,371,1,right,left,2
images/001850.jpg,0.78125,0.47,opencv,1777621552.0232043,1,1,locked_only_right_hard,-75,-0.3125,165,-21,350,371,1,right,left,1
images/001851.jpg,0.4583333333333333,0.5,opencv,1777621552.1656346,1,1,locked_only_right_hard,-44,-0.18333333333333332,196,10,381,371,1,right,left,1
images/001852.jpg,0.4895833333333333,0.5,opencv,1777621552.3077195,1,1,locked_only_right_hard,-47,-0.19583333333333333,193,7,378,371,1,right,left,2
images/001853.jpg,0.41666666666666663,0.5,opencv,1777621552.4524336,1,1,locked_both_hard,-40,-0.16666666666666666,200,12,389,372,1,both,none,2
images/001854.jpg,0.3125,0.5,opencv,1777621552.5947115,1,1,locked_both_hard,-30,-0.125,210,17,403,376,1,both,none,2
images/001855.jpg,0.27083333333333337,0.5,opencv,1777621552.741652,1,1,locked_both_hard,-26,-0.10833333333333334,214,20,409,378,1,both,none,2
images/001856.jpg,0.3229166666666667,0.5,opencv,1777621552.8835802,1,1,locked_both_hard,-31,-0.12916666666666668,209,21,397,379,1,both,none,2
images/001857.jpg,0.34375,0.5,opencv,1777621553.0282135,1,1,locked_both_hard,-33,-0.1375,207,16,398,379,1,both,none,2
images/001858.jpg,0.3958333333333333,0.5,opencv,1777621553.1749673,1,1,locked_both_hard,-38,-0.15833333333333333,202,13,391,378,1,both,none,2
images/001859.jpg,0.46875,0.5,opencv,1777621553.3174515,1,1,locked_both_hard,-45,-0.1875,195,13,377,375,1,both,none,2
images/001860.jpg,0.41666666666666663,0.5,opencv,1777621553.4653037,1,1,locked_both_hard,-40,-0.16666666666666666,200,11,390,372,1,both,none,2
images/001861.jpg,0.23958333333333334,0.5,opencv,1777621553.6072567,1,1,locked_both_hard,-23,-0.09583333333333334,217,15,420,378,1,both,none,3
images/001862.jpg,0.625,0.5,opencv,1777621553.7486353,1,1,locked_both_hard,-60,-0.25,180,20,340,354,1,both,none,2
images/001863.jpg,0.6354166666666666,0.5,opencv,1777621553.891506,1,1,locked_both_hard,-61,-0.25416666666666665,179,21,337,340,1,both,none,2
images/001864.jpg,0.4583333333333333,0.5,opencv,1777621554.033462,1,1,locked_both_hard,-44,-0.18333333333333332,196,36,357,332,1,both,none,2
images/001865.jpg,0.125,0.5,opencv,1777621554.177868,1,1,locked_both_hard,-12,-0.05,228,53,404,336,1,both,none,2
images/001866.jpg,-0.14583333333333334,0.5,opencv,1777621554.3206198,1,1,locked_both_hard,14,0.058333333333333334,254,75,433,343,1,both,none,2
images/001867.jpg,-0.3229166666666667,0.5,opencv,1777621554.4644752,1,1,locked_both_hard,31,0.12916666666666668,271,101,442,342,1,both,none,2
images/001868.jpg,-0.35416666666666663,0.5,opencv,1777621554.6080503,1,1,locked_both_hard,34,0.14166666666666666,274,109,440,339,1,both,none,2
images/001869.jpg,-0.3333333333333333,0.5,opencv,1777621554.7498314,1,1,locked_both_hard,32,0.13333333333333333,272,106,438,336,1,both,none,2
images/001870.jpg,-0.16666666666666666,0.5,opencv,1777621554.8984985,1,1,locked_both_hard,16,0.06666666666666667,256,86,427,337,1,both,none,2
images/001871.jpg,-0.020833333333333332,0.5,opencv,1777621555.0433693,1,1,locked_both_hard,2,0.008333333333333333,242,63,421,342,1,both,none,2
images/001872.jpg,0.15625,0.5,opencv,1777621555.1871111,1,1,locked_both_hard,-15,-0.0625,225,36,414,354,1,both,none,2
images/001873.jpg,0.3229166666666667,0.5,opencv,1777621555.3296437,1,1,locked_both_hard,-31,-0.12916666666666668,209,20,398,362,1,both,none,3
images/001874.jpg,0.41666666666666663,0.5,opencv,1777621555.4709432,1,1,locked_both_hard,-40,-0.16666666666666666,200,9,391,367,1,both,none,2
images/001875.jpg,0.41666666666666663,0.5,opencv,1777621555.6137004,1,1,locked_only_right_hard,-40,-0.16666666666666666,200,16,383,367,1,right,left,1
images/001876.jpg,0.375,0.5,opencv,1777621555.7540433,1,1,locked_only_right_hard,-36,-0.15,204,20,387,367,1,right,left,1
images/001877.jpg,0.4375,0.5,opencv,1777621555.8973417,1,1,locked_only_right_hard,-42,-0.175,198,14,381,367,1,right,left,1
images/001878.jpg,0.5625,0.5,opencv,1777621556.0407913,1,1,locked_only_right_hard,-54,-0.225,186,2,369,367,1,right,left,1
images/001879.jpg,0.7916666666666666,0.47,opencv,1777621556.1819646,1,1,locked_only_right_hard,-76,-0.31666666666666665,164,-20,347,367,1,right,left,1
images/001880.jpg,0.8020833333333334,0.47,opencv,1777621556.3296432,1,1,locked_only_right_hard,-77,-0.32083333333333336,163,-21,346,367,1,right,left,2
images/001881.jpg,0.5625,0.5,opencv,1777621556.4716384,1,1,locked_only_right_hard,-54,-0.225,186,2,369,367,1,right,left,2
images/001882.jpg,0.36458333333333337,0.5,opencv,1777621556.6151757,1,1,locked_only_right_hard,-35,-0.14583333333333334,205,21,388,367,1,right,left,2
images/001883.jpg,0.3125,0.5,opencv,1777621556.7585368,1,1,locked_only_right_hard,-30,-0.125,210,26,393,367,1,right,left,1
images/001884.jpg,0.2916666666666667,0.5,opencv,1777621556.9003465,1,1,locked_only_right_hard,-28,-0.11666666666666667,212,28,395,367,1,right,left,1
images/001885.jpg,0.3333333333333333,0.5,opencv,1777621557.0480452,1,1,locked_only_right_hard,-32,-0.13333333333333333,208,24,391,367,1,right,left,1
images/001886.jpg,0.4791666666666667,0.5,opencv,1777621557.189938,1,1,locked_only_right_hard,-46,-0.19166666666666668,194,10,377,367,1,right,left,1
images/001887.jpg,0.6666666666666666,0.5,opencv,1777621557.3312182,1,1,locked_only_right_hard,-64,-0.26666666666666666,176,-8,359,367,1,right,left,1
images/001888.jpg,0.7395833333333334,0.5,opencv,1777621557.4739149,1,1,locked_only_right_hard,-71,-0.29583333333333334,169,-15,352,367,1,right,left,1
images/001889.jpg,0.6666666666666666,0.5,opencv,1777621557.614464,1,1,locked_only_right_hard,-64,-0.26666666666666666,176,-8,359,367,1,right,left,1
images/001890.jpg,0.42708333333333337,0.5,opencv,1777621557.7611763,1,1,locked_only_right_hard,-41,-0.17083333333333334,199,15,382,367,1,right,left,1
images/001891.jpg,0.3020833333333333,0.5,opencv,1777621557.9043348,1,1,locked_both_hard,-29,-0.12083333333333333,211,23,400,370,1,both,none,2
images/001892.jpg,0.1875,0.5,opencv,1777621558.0456283,1,1,locked_both_hard,-18,-0.075,222,37,407,371,1,both,none,2
images/001893.jpg,0.14583333333333334,0.5,opencv,1777621558.188017,1,1,locked_both_hard,-14,-0.058333333333333334,226,41,412,370,1,both,none,2
images/001894.jpg,0.05208333333333333,0.5,opencv,1777621558.3299196,1,1,locked_both_hard,-5,-0.020833333333333332,235,51,419,368,1,both,none,2
images/001895.jpg,-0.020833333333333332,0.5,opencv,1777621558.4771438,1,1,locked_both_hard,2,0.008333333333333333,242,63,422,367,1,both,none,2
images/001896.jpg,-0.10416666666666666,0.5,opencv,1777621558.6200821,1,1,locked_both_hard,10,0.041666666666666664,250,73,428,363,1,both,none,2
images/001897.jpg,-0.15625,0.5,opencv,1777621558.7646039,1,1,locked_both_hard,15,0.0625,255,79,432,358,1,both,none,2
images/001898.jpg,-0.125,0.5,opencv,1777621558.9076903,1,1,locked_both_hard,12,0.05,252,82,423,352,1,both,none,2
images/001899.jpg,-0.13541666666666669,0.5,opencv,1777621559.0492651,1,1,locked_both_hard,13,0.05416666666666667,253,77,429,351,1,both,none,2
images/001900.jpg,-0.15625,0.5,opencv,1777621559.1926625,1,1,locked_both_hard,15,0.0625,255,77,434,350,1,both,none,2
images/001901.jpg,-0.07291666666666667,0.5,opencv,1777621559.336295,1,1,locked_both_hard,7,0.029166666666666667,247,66,429,355,1,both,none,3
images/001902.jpg,0.23958333333333334,0.5,opencv,1777621559.4798932,1,1,locked_both_hard,-23,-0.09583333333333334,217,23,411,365,1,both,none,2
images/001903.jpg,0.34375,0.5,opencv,1777621559.6228135,1,1,locked_only_right_hard,-33,-0.1375,207,22,392,370,1,right,left,1
images/001904.jpg,0.4583333333333333,0.5,opencv,1777621559.7636867,1,1,locked_only_right_hard,-44,-0.18333333333333332,196,11,381,370,1,right,left,1
images/001905.jpg,0.4791666666666667,0.5,opencv,1777621559.9073858,1,1,locked_only_right_hard,-46,-0.19166666666666668,194,9,379,370,1,right,left,1
images/001906.jpg,0.5520833333333333,0.5,opencv,1777621560.0490215,1,1,locked_only_right_hard,-53,-0.22083333333333333,187,2,372,370,1,right,left,1
images/001907.jpg,0.4895833333333333,0.5,opencv,1777621560.18978,1,1,locked_only_right_hard,-47,-0.19583333333333333,193,8,378,370,1,right,left,1
images/001908.jpg,0.875,0.47,opencv,1777621560.3325267,1,1,locked_only_right_hard,-84,-0.35,156,-29,341,370,1,right,left,2
images/001909.jpg,0.7916666666666666,0.47,opencv,1777621560.4739988,1,1,locked_only_right_hard,-76,-0.31666666666666665,164,-21,349,370,1,right,left,1
images/001910.jpg,0.9270833333333334,0.47,opencv,1777621560.617833,1,1,locked_only_right_hard,-89,-0.37083333333333335,151,-34,336,370,1,right,left,1
images/001911.jpg,0.9479166666666666,0.47,opencv,1777621560.7601886,1,1,locked_only_right_hard,-91,-0.37916666666666665,149,-36,334,370,1,right,left,2
images/001912.jpg,0.59375,0.5,opencv,1777621560.904018,1,1,locked_only_right_hard,-57,-0.2375,183,-2,368,370,1,right,left,1
images/001913.jpg,0.28125,0.5,opencv,1777621561.0471988,1,1,locked_only_right_hard,-27,-0.1125,213,28,398,370,1,right,left,1
images/001914.jpg,0.375,0.5,opencv,1777621561.1890564,1,1,locked_both_hard,-36,-0.15,204,15,393,371,1,both,none,2
images/001915.jpg,0.3020833333333333,0.5,opencv,1777621561.3319364,1,1,locked_both_hard,-29,-0.12083333333333333,211,19,403,376,1,both,none,2
images/001916.jpg,0.3020833333333333,0.5,opencv,1777621561.4733531,1,1,locked_both_hard,-29,-0.12083333333333333,211,20,403,379,1,both,none,2
images/001917.jpg,0.3020833333333333,0.5,opencv,1777621561.6172423,1,1,locked_both_hard,-29,-0.12083333333333333,211,23,399,379,1,both,none,2
images/001918.jpg,0.3229166666666667,0.5,opencv,1777621561.764399,1,1,locked_both_hard,-31,-0.12916666666666668,209,18,400,378,1,both,none,2
images/001919.jpg,0.35416666666666663,0.5,opencv,1777621561.9057324,1,1,locked_both_hard,-34,-0.14166666666666666,206,14,399,379,1,both,none,2
images/001920.jpg,0.4479166666666667,0.5,opencv,1777621562.0483038,1,1,locked_only_right_hard,-43,-0.17916666666666667,197,8,386,378,1,right,left,1
images/001921.jpg,0.53125,0.5,opencv,1777621562.189275,1,1,locked_both_hard,-51,-0.2125,189,12,367,369,1,both,none,2
images/001922.jpg,0.3958333333333333,0.5,opencv,1777621562.3343406,1,1,locked_both_hard,-38,-0.15833333333333333,202,12,392,372,1,both,none,2
images/001923.jpg,0.6666666666666666,0.5,opencv,1777621562.4761474,1,1,locked_both_hard,-64,-0.26666666666666666,176,19,333,347,1,both,none,2
images/001924.jpg,0.5833333333333334,0.5,opencv,1777621562.6181402,1,1,locked_both_hard,-56,-0.23333333333333334,184,22,346,338,1,both,none,2
images/001925.jpg,0.41666666666666663,0.5,opencv,1777621562.762356,1,1,locked_both_hard,-40,-0.16666666666666666,200,34,367,336,1,both,none,2
images/001926.jpg,0.17708333333333331,0.5,opencv,1777621562.905015,1,1,locked_both_hard,-17,-0.07083333333333333,223,51,396,337,1,both,none,2
images/001927.jpg,-0.0625,0.5,opencv,1777621563.049503,1,1,locked_both_hard,6,0.025,246,67,425,344,1,both,none,2
images/001928.jpg,-0.22916666666666666,0.5,opencv,1777621563.1915467,1,1,locked_both_hard,22,0.09166666666666666,262,86,438,347,1,both,none,2
images/001929.jpg,-0.3229166666666667,0.5,opencv,1777621563.3338895,1,1,locked_both_hard,31,0.12916666666666668,271,101,442,345,1,both,none,2
images/001930.jpg,-0.3125,0.5,opencv,1777621563.4766877,1,1,locked_both_hard,30,0.125,270,102,439,341,1,both,none,2
images/001931.jpg,-0.22916666666666666,0.5,opencv,1777621563.6180265,1,1,locked_both_hard,22,0.09166666666666666,262,92,432,340,1,both,none,2
images/001932.jpg,-0.05208333333333333,0.5,opencv,1777621563.7617369,1,1,locked_both_hard,5,0.020833333333333332,245,70,421,342,1,both,none,2
images/001933.jpg,0.125,0.5,opencv,1777621563.9043777,1,1,locked_both_hard,-12,-0.05,228,43,414,351,1,both,none,3
images/001934.jpg,0.3229166666666667,0.5,opencv,1777621564.046363,1,1,locked_both_hard,-31,-0.12916666666666668,209,21,397,360,1,both,none,3
images/001935.jpg,0.41666666666666663,0.5,opencv,1777621564.1898177,1,1,locked_both_hard,-40,-0.16666666666666666,200,10,390,366,1,both,none,2
images/001936.jpg,0.375,0.5,opencv,1777621564.3303754,1,1,locked_only_right_hard,-36,-0.15,204,19,388,369,1,right,left,1
images/001937.jpg,0.46875,0.5,opencv,1777621564.473565,1,1,locked_only_right_hard,-45,-0.1875,195,10,379,369,1,right,left,1
images/001938.jpg,0.35416666666666663,0.5,opencv,1777621564.614976,1,1,locked_only_right_hard,-34,-0.14166666666666666,206,21,390,369,1,right,left,1
images/001939.jpg,0.5520833333333333,0.5,opencv,1777621564.755605,1,1,locked_only_right_hard,-53,-0.22083333333333333,187,2,371,369,1,right,left,1
images/001940.jpg,0.7395833333333334,0.5,opencv,1777621564.8984196,1,1,locked_only_right_hard,-71,-0.29583333333333334,169,-16,353,369,1,right,left,1
images/001941.jpg,0.8020833333333334,0.47,opencv,1777621565.0400584,1,1,locked_only_right_hard,-77,-0.32083333333333336,163,-22,347,369,1,right,left,2
images/001942.jpg,0.625,0.5,opencv,1777621565.1811776,1,1,locked_only_right_hard,-60,-0.25,180,-5,364,369,1,right,left,2
images/001943.jpg,0.41666666666666663,0.5,opencv,1777621565.3233027,1,1,locked_only_right_hard,-40,-0.16666666666666666,200,15,384,369,1,right,left,1
images/001944.jpg,0.34375,0.5,opencv,1777621565.4657626,1,1,locked_only_right_hard,-33,-0.1375,207,22,391,369,1,right,left,1
images/001945.jpg,0.3333333333333333,0.5,opencv,1777621565.6090605,1,1,locked_only_right_hard,-32,-0.13333333333333333,208,23,392,369,1,right,left,1
images/001946.jpg,0.3229166666666667,0.5,opencv,1777621565.7510695,1,1,locked_only_right_hard,-31,-0.12916666666666668,209,24,393,369,1,right,left,1
images/001947.jpg,0.4375,0.5,opencv,1777621565.892335,1,1,locked_only_right_hard,-42,-0.175,198,13,382,369,1,right,left,1
images/001948.jpg,0.625,0.5,opencv,1777621566.0360053,1,1,locked_only_right_hard,-60,-0.25,180,-5,364,369,1,right,left,1
images/001949.jpg,0.6979166666666667,0.5,opencv,1777621566.178182,1,1,locked_only_right_hard,-67,-0.2791666666666667,173,-12,357,369,1,right,left,1
images/001950.jpg,0.75,0.5,opencv,1777621566.3214662,1,1,locked_only_right_hard,-72,-0.3,168,-17,352,369,1,right,left,1
images/001951.jpg,0.5208333333333334,0.5,opencv,1777621566.4632196,1,1,locked_only_right_hard,-50,-0.20833333333333334,190,5,374,369,1,right,left,1
images/001952.jpg,0.36458333333333337,0.5,opencv,1777621566.604564,1,1,locked_both_hard,-35,-0.14583333333333334,205,18,392,370,1,both,none,2
images/001953.jpg,0.20833333333333331,0.5,opencv,1777621566.7483172,1,1,locked_both_hard,-20,-0.08333333333333333,220,31,409,372,1,both,none,2
images/001954.jpg,0.05208333333333333,0.5,opencv,1777621566.8914344,1,1,locked_both_hard,-5,-0.020833333333333332,235,53,417,372,1,both,none,2
images/001955.jpg,-0.010416666666666666,0.5,opencv,1777621567.0336213,1,1,locked_both_hard,1,0.004166666666666667,241,63,419,367,1,both,none,2
images/001956.jpg,-0.0,0.5,opencv,1777621567.1769052,1,1,locked_both_hard,0,0.0,240,58,422,364,1,both,none,2
images/001957.jpg,-0.07291666666666667,0.5,opencv,1777621567.3190732,1,1,locked_both_hard,7,0.029166666666666667,247,70,424,360,1,both,none,2
images/001958.jpg,-0.11458333333333333,0.5,opencv,1777621567.4631286,1,1,locked_both_hard,11,0.04583333333333333,251,74,429,357,1,both,none,2
images/001959.jpg,-0.010416666666666666,0.5,opencv,1777621567.6050544,1,1,locked_both_hard,1,0.004166666666666667,241,61,422,357,1,both,none,2
images/001960.jpg,0.020833333333333332,0.5,opencv,1777621567.7462375,1,1,locked_both_hard,-2,-0.008333333333333333,238,61,415,354,1,both,none,2
images/001961.jpg,-0.125,0.5,opencv,1777621567.8892527,1,1,locked_both_hard,12,0.05,252,79,426,353,1,both,none,2
images/001962.jpg,-0.13541666666666669,0.5,opencv,1777621568.0303545,1,1,locked_both_hard,13,0.05416666666666667,253,76,431,353,1,both,none,2
images/001963.jpg,-0.020833333333333332,0.5,opencv,1777621568.173692,1,1,locked_both_hard,2,0.008333333333333333,242,54,430,360,1,both,none,2
images/001964.jpg,0.21875,0.5,opencv,1777621568.3158014,1,1,locked_both_hard,-21,-0.0875,219,25,414,369,1,both,none,2
images/001965.jpg,0.3333333333333333,0.5,opencv,1777621568.4593549,1,1,locked_only_right_hard,-32,-0.13333333333333333,208,21,395,374,1,right,left,1
images/001966.jpg,0.42708333333333337,0.5,opencv,1777621568.6018493,1,1,locked_only_right_hard,-41,-0.17083333333333334,199,12,386,374,1,right,left,1
images/001967.jpg,0.46875,0.5,opencv,1777621568.7432568,1,1,locked_only_right_hard,-45,-0.1875,195,8,382,374,1,right,left,1
images/001968.jpg,0.5104166666666666,0.5,opencv,1777621568.8877177,1,1,locked_only_right_hard,-49,-0.20416666666666666,191,4,378,374,1,right,left,1
images/001969.jpg,0.4375,0.5,opencv,1777621569.0291579,1,1,locked_only_right_hard,-42,-0.175,198,11,385,374,1,right,left,1
images/001970.jpg,0.11458333333333333,0.5,opencv,1777621569.173208,1,1,locked_only_right_hard,-11,-0.04583333333333333,229,42,416,374,1,right,left,2
images/001971.jpg,1.0,0.47,opencv,1777621569.3151898,1,1,locked_only_right_hard,-104,-0.43333333333333335,136,-51,323,374,1,right,left,1
images/001972.jpg,1.0,0.47,opencv,1777621569.4565737,1,1,locked_only_right_hard,-119,-0.49583333333333335,121,-66,308,374,1,right,left,1
images/001973.jpg,1.0,0.45,opencv,1777621569.5994723,1,1,locked_only_right_hard,-156,-0.65,84,-103,271,374,1,right,left,1
images/001974.jpg,1.0,0.45,opencv,1777621569.7420077,1,1,locked_only_right_hard,-152,-0.6333333333333333,88,-99,275,374,1,right,left,1
images/001975.jpg,1.0,0.45,opencv,1777621569.8857439,1,1,locked_only_right_hard,-138,-0.575,102,-85,289,374,1,right,left,2
images/001976.jpg,1.0,0.47,opencv,1777621570.0283325,1,1,locked_only_right_hard,-107,-0.44583333333333336,133,-54,320,374,1,right,left,1
images/001977.jpg,0.8541666666666667,0.47,opencv,1777621570.1716874,1,1,locked_only_right_hard,-82,-0.3416666666666667,158,-29,345,374,1,right,left,1
images/001978.jpg,0.6666666666666666,0.5,opencv,1777621570.3139813,1,1,locked_only_right_hard,-64,-0.26666666666666666,176,-11,363,374,1,right,left,1
images/001979.jpg,0.375,0.5,opencv,1777621570.4564824,1,1,locked_both_hard,-36,-0.15,204,17,391,374,1,both,none,2
images/001980.jpg,0.3020833333333333,0.5,opencv,1777621570.5999284,1,1,locked_both_hard,-29,-0.12083333333333333,211,25,398,372,1,both,none,2
images/001981.jpg,0.21875,0.5,opencv,1777621570.7443964,1,1,locked_both_hard,-21,-0.0875,219,33,406,371,1,both,none,2
images/001982.jpg,0.17708333333333331,0.5,opencv,1777621570.8859649,1,1,locked_both_hard,-17,-0.07083333333333333,223,31,416,374,1,both,none,2
images/001983.jpg,0.20833333333333331,0.5,opencv,1777621571.0296934,1,1,locked_both_hard,-20,-0.08333333333333333,220,29,412,376,1,both,none,2
images/001984.jpg,0.2916666666666667,0.5,opencv,1777621571.170762,1,1,locked_both_hard,-28,-0.11666666666666667,212,27,397,373,1,both,none,2
images/001985.jpg,0.21875,0.5,opencv,1777621571.314486,1,1,locked_both_hard,-21,-0.0875,219,22,417,377,1,both,none,2
images/001986.jpg,0.59375,0.5,opencv,1777621571.4568422,1,1,locked_both_hard,-57,-0.2375,183,24,342,369,1,both,none,2
images/001987.jpg,0.5520833333333333,0.5,opencv,1777621571.599705,1,1,locked_both_hard,-53,-0.22083333333333333,187,21,354,353,1,both,none,2
images/001988.jpg,0.5416666666666667,0.5,opencv,1777621571.7433543,1,1,locked_both_hard,-52,-0.21666666666666667,188,26,351,342,1,both,none,2
images/001989.jpg,0.3229166666666667,0.5,opencv,1777621571.8855252,1,1,locked_both_hard,-31,-0.12916666666666668,209,42,377,337,1,both,none,2
images/001990.jpg,0.010416666666666666,0.5,opencv,1777621572.0273483,1,1,locked_both_hard,-1,-0.004166666666666667,239,59,420,342,1,both,none,2
images/001991.jpg,-0.19791666666666666,0.5,opencv,1777621572.1706707,1,1,locked_both_hard,19,0.07916666666666666,259,82,436,346,1,both,none,2
images/001992.jpg,-0.375,0.5,opencv,1777621572.3117216,1,1,locked_both_hard,36,0.15,276,107,446,344,1,both,none,2
images/001993.jpg,-0.40625,0.5,opencv,1777621572.4555688,1,1,locked_both_hard,39,0.1625,279,117,442,337,1,both,none,2
images/001994.jpg,-0.3229166666666667,0.5,opencv,1777621572.5999465,1,1,locked_both_hard,31,0.12916666666666668,271,106,437,333,1,both,none,2
images/001995.jpg,-0.125,0.5,opencv,1777621572.7413552,1,1,locked_both_hard,12,0.05,252,80,424,335,1,both,none,2
images/001996.jpg,0.0625,0.5,opencv,1777621572.8854795,1,1,locked_both_hard,-6,-0.025,234,49,419,346,1,both,none,2
images/001997.jpg,0.27083333333333337,0.5,opencv,1777621573.0282824,1,1,locked_both_hard,-26,-0.10833333333333334,214,24,404,357,1,both,none,2
images/001998.jpg,0.4375,0.5,opencv,1777621573.1737118,1,1,locked_both_hard,-42,-0.175,198,11,386,363,1,both,none,3
images/001999.jpg,0.35416666666666663,0.5,opencv,1777621573.317023,1,1,locked_only_right_hard,-34,-0.14166666666666666,206,24,387,363,1,right,left,1
images/002000.jpg,0.41666666666666663,0.5,opencv,1777621573.4609845,1,1,locked_only_right_hard,-40,-0.16666666666666666,200,18,381,363,1,right,left,1
images/002001.jpg,0.3958333333333333,0.5,opencv,1777621573.603442,1,1,locked_only_right_hard,-38,-0.15833333333333333,202,20,383,363,1,right,left,1
images/002002.jpg,0.59375,0.5,opencv,1777621573.7459884,1,1,locked_only_right_hard,-57,-0.2375,183,1,364,363,1,right,left,1
images/002003.jpg,0.6666666666666666,0.5,opencv,1777621573.8904214,1,1,locked_only_right_hard,-64,-0.26666666666666666,176,-6,357,363,1,right,left,1
images/002004.jpg,0.6979166666666667,0.5,opencv,1777621574.0347755,1,1,locked_only_right_hard,-67,-0.2791666666666667,173,-9,354,363,1,right,left,1
images/002005.jpg,0.4479166666666667,0.5,opencv,1777621574.1776435,1,1,locked_only_right_hard,-43,-0.17916666666666667,197,15,378,363,1,right,left,2
images/002006.jpg,0.2604166666666667,0.5,opencv,1777621574.31915,1,1,locked_only_right_hard,-25,-0.10416666666666667,215,33,396,363,1,right,left,1
images/002007.jpg,0.36458333333333337,0.5,opencv,1777621574.4614804,1,1,locked_both_hard,-35,-0.14583333333333334,205,12,398,367,1,both,none,2
images/002008.jpg,0.3333333333333333,0.5,opencv,1777621574.6070454,1,1,locked_only_right_hard,-32,-0.13333333333333333,208,24,391,367,1,right,left,1
images/002009.jpg,0.3854166666666667,0.5,opencv,1777621574.7490163,1,1,locked_only_right_hard,-37,-0.15416666666666667,203,19,386,367,1,right,left,1
images/002010.jpg,0.5208333333333334,0.5,opencv,1777621574.89233,1,1,locked_only_right_hard,-50,-0.20833333333333334,190,6,373,367,1,right,left,1
images/002011.jpg,0.6666666666666666,0.5,opencv,1777621575.0345874,1,1,locked_only_right_hard,-64,-0.26666666666666666,176,-8,359,367,1,right,left,1
images/002012.jpg,0.7083333333333333,0.5,opencv,1777621575.1753464,1,1,locked_only_right_hard,-68,-0.2833333333333333,172,-12,355,367,1,right,left,1
images/002013.jpg,0.6666666666666666,0.5,opencv,1777621575.3181777,1,1,locked_only_right_hard,-64,-0.26666666666666666,176,-8,359,367,1,right,left,1
images/002014.jpg,0.4375,0.5,opencv,1777621575.4594283,1,1,locked_only_right_hard,-42,-0.175,198,14,381,367,1,right,left,1
images/002015.jpg,0.2916666666666667,0.5,opencv,1777621575.605028,1,1,locked_both_hard,-28,-0.11666666666666667,212,24,401,369,1,both,none,2
images/002016.jpg,0.23958333333333334,0.5,opencv,1777621575.747343,1,1,locked_both_hard,-23,-0.09583333333333334,217,26,408,373,1,both,none,2
images/002017.jpg,0.10416666666666666,0.5,opencv,1777621575.8901348,1,1,locked_both_hard,-10,-0.041666666666666664,230,46,415,370,1,both,none,2
images/002018.jpg,-0.010416666666666666,0.5,opencv,1777621576.036527,1,1,locked_both_hard,1,0.004166666666666667,241,60,422,366,1,both,none,2
images/002019.jpg,-0.05208333333333333,0.5,opencv,1777621576.178821,1,1,locked_both_hard,5,0.020833333333333332,245,66,424,364,1,both,none,2
images/002020.jpg,-0.10416666666666666,0.5,opencv,1777621576.3224862,1,1,locked_both_hard,10,0.041666666666666664,250,73,427,359,1,both,none,2
images/002021.jpg,-0.11458333333333333,0.5,opencv,1777621576.4647224,1,1,locked_both_hard,11,0.04583333333333333,251,74,428,356,1,both,none,2
images/002022.jpg,-0.0625,0.5,opencv,1777621576.605844,1,1,locked_both_hard,6,0.025,246,74,419,352,1,both,none,2
images/002023.jpg,-0.010416666666666666,0.5,opencv,1777621576.7492087,1,1,locked_both_hard,1,0.004166666666666667,241,61,421,353,1,both,none,2
images/002024.jpg,-0.13541666666666669,0.5,opencv,1777621576.8916774,1,1,locked_both_hard,13,0.05416666666666667,253,77,430,351,1,both,none,2
images/002025.jpg,-0.0625,0.5,opencv,1777621577.0332987,1,1,locked_both_hard,6,0.025,246,62,431,356,1,both,none,2
images/002026.jpg,0.11458333333333333,0.5,opencv,1777621577.1764417,1,1,locked_both_hard,-11,-0.04583333333333333,229,38,421,365,1,both,none,2
images/002027.jpg,0.3229166666666667,0.5,opencv,1777621577.3175745,1,1,locked_both_hard,-31,-0.12916666666666668,209,14,405,373,1,both,none,2
images/002028.jpg,0.3854166666666667,0.5,opencv,1777621577.4605722,1,1,locked_only_right_hard,-37,-0.15416666666666667,203,16,389,373,1,right,left,1
images/002029.jpg,0.3854166666666667,0.5,opencv,1777621577.6026094,1,1,locked_only_right_hard,-37,-0.15416666666666667,203,16,389,373,1,right,left,1
images/002030.jpg,0.42708333333333337,0.5,opencv,1777621577.7449026,1,1,locked_only_right_hard,-41,-0.17083333333333334,199,12,385,373,1,right,left,1
images/002031.jpg,0.71875,0.5,opencv,1777621577.8891647,1,1,locked_only_right_hard,-69,-0.2875,171,-16,357,373,1,right,left,1
images/002032.jpg,0.5416666666666667,0.5,opencv,1777621578.0317922,1,1,locked_only_right_hard,-52,-0.21666666666666667,188,1,374,373,1,right,left,1
images/002033.jpg,0.42708333333333337,0.5,opencv,1777621578.175718,1,1,locked_only_right_hard,-41,-0.17083333333333334,199,12,385,373,1,right,left,3
images/002034.jpg,1.0,0.47,opencv,1777621578.3179417,1,1,locked_only_right_hard,-108,-0.45,132,-55,318,373,1,right,left,1
images/002035.jpg,1.0,0.47,opencv,1777621578.459461,1,1,locked_only_right_hard,-110,-0.4583333333333333,130,-57,316,373,1,right,left,2
images/002036.jpg,0.7291666666666667,0.5,opencv,1777621578.6022902,1,1,locked_only_right_hard,-70,-0.2916666666666667,170,-17,356,373,1,right,left,1
images/002037.jpg,0.46875,0.5,opencv,1777621578.745314,1,1,locked_only_right_hard,-45,-0.1875,195,8,381,373,1,right,left,1
images/002038.jpg,0.28125,0.5,opencv,1777621578.8886838,1,1,locked_both_hard,-27,-0.1125,213,20,406,377,1,both,none,2
images/002039.jpg,0.3125,0.5,opencv,1777621579.0309558,1,1,locked_both_hard,-30,-0.125,210,19,402,377,1,both,none,2
images/002040.jpg,0.27083333333333337,0.5,opencv,1777621579.173441,1,1,locked_both_hard,-26,-0.10833333333333334,214,20,409,380,1,both,none,2
images/002041.jpg,0.3020833333333333,0.5,opencv,1777621579.3185847,1,1,locked_both_hard,-29,-0.12083333333333333,211,22,401,381,1,both,none,2
images/002042.jpg,0.22916666666666666,0.5,opencv,1777621579.4604082,1,1,locked_both_hard,-22,-0.09166666666666666,218,23,413,383,1,both,none,2
images/002043.jpg,0.375,0.5,opencv,1777621579.6044936,1,1,locked_both_hard,-36,-0.15,204,17,392,379,1,both,none,2
images/002044.jpg,0.375,0.5,opencv,1777621579.7473123,1,1,locked_both_hard,-36,-0.15,204,13,395,380,1,both,none,2
images/002045.jpg,0.4375,0.5,opencv,1777621579.8885264,1,1,locked_only_right_hard,-42,-0.175,198,7,388,381,1,right,left,1
images/002046.jpg,0.5416666666666667,0.5,opencv,1777621580.0328655,1,1,locked_both_hard,-52,-0.21666666666666667,188,11,365,375,1,both,none,2
images/002047.jpg,0.4375,0.5,opencv,1777621580.1740665,1,1,locked_both_hard,-42,-0.175,198,11,386,371,1,both,none,2
images/002048.jpg,0.8229166666666666,0.47,opencv,1777621580.3175323,1,1,locked_both_hard,-79,-0.32916666666666666,161,18,305,355,1,both,none,2
images/002049.jpg,0.59375,0.5,opencv,1777621580.458733,1,1,locked_both_hard,-57,-0.2375,183,21,346,341,1,both,none,2
images/002050.jpg,0.4583333333333333,0.5,opencv,1777621580.6024632,1,1,locked_both_hard,-44,-0.18333333333333332,196,29,363,336,1,both,none,2
images/002051.jpg,0.28125,0.5,opencv,1777621580.7447045,1,1,locked_both_hard,-27,-0.1125,213,46,381,335,1,both,none,2
images/002052.jpg,0.010416666666666666,0.5,opencv,1777621580.8864067,1,1,locked_both_hard,-1,-0.004166666666666667,239,60,419,340,1,both,none,2
images/002053.jpg,-0.15625,0.5,opencv,1777621581.0324445,1,1,locked_both_hard,15,0.0625,255,76,434,346,1,both,none,2
images/002054.jpg,-0.28125,0.5,opencv,1777621581.1747131,1,1,locked_both_hard,27,0.1125,267,93,441,346,1,both,none,2
images/002055.jpg,-0.3020833333333333,0.5,opencv,1777621581.318252,1,1,locked_both_hard,29,0.12083333333333333,269,99,439,342,1,both,none,2
images/002056.jpg,-0.2916666666666667,0.5,opencv,1777621581.4603937,1,1,locked_both_hard,28,0.11666666666666667,268,101,435,338,1,both,none,2
images/002057.jpg,-0.125,0.5,opencv,1777621581.603165,1,1,locked_both_hard,12,0.05,252,81,424,339,1,both,none,2
images/002058.jpg,-0.0,0.5,opencv,1777621581.7467163,1,1,locked_both_hard,0,0.0,240,60,421,345,1,both,none,3
images/002059.jpg,0.1875,0.5,opencv,1777621581.8883924,1,1,locked_both_hard,-18,-0.075,222,34,411,356,1,both,none,2
images/002060.jpg,0.34375,0.5,opencv,1777621582.032261,1,1,locked_both_hard,-33,-0.1375,207,19,395,363,1,both,none,3
images/002061.jpg,0.40625,0.5,opencv,1777621582.1745434,1,1,locked_both_hard,-39,-0.1625,201,9,393,369,1,both,none,2
images/002062.jpg,0.3333333333333333,0.5,opencv,1777621582.3165371,1,1,locked_only_right_hard,-32,-0.13333333333333333,208,23,392,369,1,right,left,1
images/002063.jpg,0.3854166666666667,0.5,opencv,1777621582.4614456,1,1,locked_only_right_hard,-37,-0.15416666666666667,203,18,387,369,1,right,left,1
images/002064.jpg,0.4375,0.5,opencv,1777621582.604401,1,1,locked_only_right_hard,-42,-0.175,198,13,382,369,1,right,left,1
images/002065.jpg,0.6041666666666666,0.5,opencv,1777621582.7478127,1,1,locked_only_right_hard,-58,-0.24166666666666667,182,-3,366,369,1,right,left,1
images/002066.jpg,0.8125,0.47,opencv,1777621582.8902085,1,1,locked_only_right_hard,-78,-0.325,162,-23,346,369,1,right,left,1
images/002067.jpg,0.8020833333333334,0.47,opencv,1777621583.0314956,1,1,locked_only_right_hard,-77,-0.32083333333333336,163,-22,347,369,1,right,left,2
images/002068.jpg,0.5208333333333334,0.5,opencv,1777621583.1745145,1,1,locked_only_right_hard,-50,-0.20833333333333334,190,5,374,369,1,right,left,2
images/002069.jpg,0.375,0.5,opencv,1777621583.3165755,1,1,locked_only_right_hard,-36,-0.15,204,19,388,369,1,right,left,2
images/002070.jpg,0.3333333333333333,0.5,opencv,1777621583.4613569,1,1,locked_only_right_hard,-32,-0.13333333333333333,208,23,392,369,1,right,left,1
images/002071.jpg,0.3020833333333333,0.5,opencv,1777621583.602925,1,1,locked_only_right_hard,-29,-0.12083333333333333,211,26,395,369,1,right,left,1
images/002072.jpg,0.375,0.5,opencv,1777621583.7437053,1,1,locked_only_right_hard,-36,-0.15,204,19,388,369,1,right,left,1
images/002073.jpg,0.4791666666666667,0.5,opencv,1777621583.886559,1,1,locked_only_right_hard,-46,-0.19166666666666668,194,9,378,369,1,right,left,1
images/002074.jpg,0.6041666666666666,0.5,opencv,1777621584.0287423,1,1,locked_only_right_hard,-58,-0.24166666666666667,182,-3,366,369,1,right,left,1
images/002075.jpg,0.7083333333333333,0.5,opencv,1777621584.1695898,1,1,locked_only_right_hard,-68,-0.2833333333333333,172,-13,356,369,1,right,left,1
images/002076.jpg,0.6354166666666666,0.5,opencv,1777621584.3120275,1,1,locked_only_right_hard,-61,-0.25416666666666665,179,-6,363,369,1,right,left,1
images/002077.jpg,0.4479166666666667,0.5,opencv,1777621584.4530017,1,1,locked_only_right_hard,-43,-0.17916666666666667,197,12,381,369,1,right,left,1
images/002078.jpg,0.2916666666666667,0.5,opencv,1777621584.5985599,1,1,locked_both_hard,-28,-0.11666666666666667,212,24,401,370,1,both,none,2
images/002079.jpg,0.1875,0.5,opencv,1777621584.7410774,1,1,locked_both_hard,-18,-0.075,222,38,406,371,1,both,none,2
images/002080.jpg,0.125,0.5,opencv,1777621584.8835857,1,1,locked_both_hard,-12,-0.05,228,45,412,369,1,both,none,2
images/002081.jpg,0.05208333333333333,0.5,opencv,1777621585.0252953,1,1,locked_both_hard,-5,-0.020833333333333332,235,50,420,367,1,both,none,2
images/002082.jpg,-0.08333333333333333,0.5,opencv,1777621585.1672409,1,1,locked_both_hard,8,0.03333333333333333,248,70,426,364,1,both,none,2
images/002083.jpg,-0.13541666666666669,0.5,opencv,1777621585.3111322,1,1,locked_both_hard,13,0.05416666666666667,253,79,428,358,1,both,none,2
images/002084.jpg,-0.14583333333333334,0.5,opencv,1777621585.4542906,1,1,locked_both_hard,14,0.058333333333333334,254,77,431,356,1,both,none,2
images/002085.jpg,-0.08333333333333333,0.5,opencv,1777621585.5963123,1,1,locked_both_hard,8,0.03333333333333333,248,77,420,353,1,both,none,2
images/002086.jpg,-0.07291666666666667,0.5,opencv,1777621585.7410333,1,1,locked_both_hard,7,0.029166666666666667,247,69,426,352,1,both,none,2
images/002087.jpg,-0.1875,0.5,opencv,1777621585.8834255,1,1,locked_both_hard,18,0.075,258,80,436,351,1,both,none,2
images/002088.jpg,-0.03125,0.5,opencv,1777621586.0264988,1,1,locked_both_hard,3,0.0125,243,55,431,357,1,both,none,2
images/002089.jpg,0.1875,0.5,opencv,1777621586.1749117,1,1,locked_both_hard,-18,-0.075,222,30,414,366,1,both,none,2
images/002090.jpg,0.2604166666666667,0.5,opencv,1777621586.317829,1,1,locked_only_right_hard,-25,-0.10416666666666667,215,29,400,371,1,right,left,1
images/002091.jpg,0.42708333333333337,0.5,opencv,1777621586.463658,1,1,locked_only_right_hard,-41,-0.17083333333333334,199,13,384,371,1,right,left,1
images/002092.jpg,0.5208333333333334,0.5,opencv,1777621586.6074667,1,1,locked_only_right_hard,-50,-0.20833333333333334,190,4,375,371,1,right,left,1
images/002093.jpg,0.5729166666666666,0.5,opencv,1777621586.7487614,1,1,locked_only_right_hard,-55,-0.22916666666666666,185,-1,370,371,1,right,left,1
images/002094.jpg,0.71875,0.5,opencv,1777621586.8924668,1,1,locked_only_right_hard,-69,-0.2875,171,-15,356,371,1,right,left,1
images/002095.jpg,0.36458333333333337,0.5,opencv,1777621587.0351393,1,1,locked_only_right_hard,-35,-0.14583333333333334,205,19,390,371,1,right,left,2
images/002096.jpg,0.020833333333333332,0.5,opencv,1777621587.1763275,1,1,locked_only_right_hard,-2,-0.008333333333333333,238,52,423,371,1,right,left,2
images/002097.jpg,1.0,0.47,opencv,1777621587.319251,1,1,locked_only_right_hard,-105,-0.4375,135,-51,320,371,1,right,left,1
images/002098.jpg,1.0,0.47,opencv,1777621587.461952,1,1,locked_only_right_hard,-116,-0.48333333333333334,124,-62,309,371,1,right,left,1
images/002099.jpg,0.9166666666666666,0.47,opencv,1777621587.6050227,1,1,locked_only_right_hard,-88,-0.36666666666666664,152,-34,337,371,1,right,left,1
images/002100.jpg,0.7395833333333334,0.5,opencv,1777621587.748918,1,1,locked_only_right_hard,-71,-0.29583333333333334,169,-17,354,371,1,right,left,1
images/002101.jpg,0.59375,0.5,opencv,1777621587.8925266,1,1,locked_only_right_hard,-57,-0.2375,183,-3,368,371,1,right,left,1
images/002102.jpg,0.34375,0.5,opencv,1777621588.0357592,1,1,locked_only_right_hard,-33,-0.1375,207,21,392,371,1,right,left,1
images/002103.jpg,0.3229166666666667,0.5,opencv,1777621588.178166,1,1,locked_both_hard,-31,-0.12916666666666668,209,20,399,372,1,both,none,2
images/002104.jpg,0.3229166666666667,0.5,opencv,1777621588.3220003,1,1,locked_both_hard,-31,-0.12916666666666668,209,21,398,374,1,both,none,2
images/002105.jpg,0.3020833333333333,0.5,opencv,1777621588.4650092,1,1,locked_both_hard,-29,-0.12083333333333333,211,23,400,374,1,both,none,2
images/002106.jpg,0.2916666666666667,0.5,opencv,1777621588.6062126,1,1,locked_both_hard,-28,-0.11666666666666667,212,21,403,375,1,both,none,2
images/002107.jpg,0.3333333333333333,0.5,opencv,1777621588.7499006,1,1,locked_both_hard,-32,-0.13333333333333333,208,19,397,377,1,both,none,2
images/002108.jpg,0.4375,0.5,opencv,1777621588.8906586,1,1,locked_both_hard,-42,-0.175,198,18,379,372,1,both,none,2
images/002109.jpg,0.36458333333333337,0.5,opencv,1777621589.0343132,1,1,locked_both_hard,-35,-0.14583333333333334,205,15,395,372,1,both,none,2
images/002110.jpg,0.7395833333333334,0.5,opencv,1777621589.1766207,1,1,locked_both_hard,-71,-0.29583333333333334,169,19,320,359,1,both,none,2
images/002111.jpg,0.5833333333333334,0.5,opencv,1777621589.320032,1,1,locked_both_hard,-56,-0.23333333333333334,184,21,348,346,1,both,none,2
images/002112.jpg,0.4791666666666667,0.5,opencv,1777621589.4644983,1,1,locked_both_hard,-46,-0.19166666666666668,194,28,360,339,1,both,none,2
images/002113.jpg,0.27083333333333337,0.5,opencv,1777621589.6066656,1,1,locked_both_hard,-26,-0.10833333333333334,214,45,384,337,1,both,none,2
images/002114.jpg,-0.0,0.5,opencv,1777621589.749845,1,1,locked_both_hard,0,0.0,240,61,420,343,1,both,none,2
images/002115.jpg,-0.15625,0.5,opencv,1777621589.8916874,1,1,locked_both_hard,15,0.0625,255,77,434,347,1,both,none,2
images/002116.jpg,-0.28125,0.5,opencv,1777621590.032804,1,1,locked_both_hard,27,0.1125,267,95,440,345,1,both,none,2
images/002117.jpg,-0.2916666666666667,0.5,opencv,1777621590.1769767,1,1,locked_both_hard,28,0.11666666666666667,268,99,437,342,1,both,none,2
images/002118.jpg,-0.2604166666666667,0.5,opencv,1777621590.3210535,1,1,locked_both_hard,25,0.10416666666666667,265,97,433,340,1,both,none,2
images/002119.jpg,-0.125,0.5,opencv,1777621590.4624631,1,1,locked_both_hard,12,0.05,252,81,423,340,1,both,none,3
images/002120.jpg,-0.0,0.5,opencv,1777621590.605344,1,1,locked_both_hard,0,0.0,240,59,422,347,1,both,none,2
images/002121.jpg,0.1875,0.5,opencv,1777621590.747875,1,1,locked_both_hard,-18,-0.075,222,33,411,358,1,both,none,2
images/002122.jpg,0.375,0.5,opencv,1777621590.8919313,1,1,locked_both_hard,-36,-0.15,204,17,391,364,1,both,none,3
images/002123.jpg,0.3333333333333333,0.5,opencv,1777621591.0344205,1,1,locked_only_right_hard,-32,-0.13333333333333333,208,24,392,368,1,right,left,1
images/002124.jpg,0.4583333333333333,0.5,opencv,1777621591.17527,1,1,locked_only_right_hard,-44,-0.18333333333333332,196,12,380,368,1,right,left,1
images/002125.jpg,0.42708333333333337,0.5,opencv,1777621591.3157415,1,1,locked_only_right_hard,-41,-0.17083333333333334,199,15,383,368,1,right,left,1
images/002126.jpg,0.5625,0.5,opencv,1777621591.4567513,1,1,locked_only_right_hard,-54,-0.225,186,2,370,368,1,right,left,1
images/002127.jpg,0.6354166666666666,0.5,opencv,1777621591.6009805,1,1,locked_only_right_hard,-61,-0.25416666666666665,179,-5,363,368,1,right,left,1
images/002128.jpg,0.6770833333333333,0.5,opencv,1777621591.7438114,1,1,locked_only_right_hard,-65,-0.2708333333333333,175,-9,359,368,1,right,left,1
images/002129.jpg,0.5625,0.5,opencv,1777621591.8861504,1,1,locked_only_right_hard,-54,-0.225,186,2,370,368,1,right,left,2
images/002130.jpg,0.3125,0.5,opencv,1777621592.0325768,1,1,locked_only_right_hard,-30,-0.125,210,26,394,368,1,right,left,1
images/002131.jpg,0.3229166666666667,0.5,opencv,1777621592.1737773,1,1,locked_only_right_hard,-31,-0.12916666666666668,209,25,393,368,1,right,left,1
images/002132.jpg,0.3333333333333333,0.5,opencv,1777621592.316727,1,1,locked_only_right_hard,-32,-0.13333333333333333,208,24,392,368,1,right,left,1
images/002133.jpg,0.3958333333333333,0.5,opencv,1777621592.4600847,1,1,locked_only_right_hard,-38,-0.15833333333333333,202,18,386,368,1,right,left,1
images/002134.jpg,0.5416666666666667,0.5,opencv,1777621592.600786,1,1,locked_only_right_hard,-52,-0.21666666666666667,188,4,372,368,1,right,left,1
images/002135.jpg,0.625,0.5,opencv,1777621592.7436578,1,1,locked_only_right_hard,-60,-0.25,180,-4,364,368,1,right,left,1
images/002136.jpg,0.6041666666666666,0.5,opencv,1777621592.8852227,1,1,locked_only_right_hard,-58,-0.24166666666666667,182,-2,366,368,1,right,left,1
images/002137.jpg,0.7083333333333333,0.5,opencv,1777621593.0280955,1,1,locked_only_right_hard,-68,-0.2833333333333333,172,-12,356,368,1,right,left,1
images/002138.jpg,0.4479166666666667,0.5,opencv,1777621593.1704729,1,1,locked_only_right_hard,-43,-0.17916666666666667,197,13,381,368,1,right,left,1
images/002139.jpg,0.2916666666666667,0.5,opencv,1777621593.3116179,1,1,locked_both_hard,-28,-0.11666666666666667,212,23,402,370,1,both,none,2
images/002140.jpg,0.23958333333333334,0.5,opencv,1777621593.454869,1,1,locked_both_hard,-23,-0.09583333333333334,217,25,409,374,1,both,none,2
images/002141.jpg,0.125,0.5,opencv,1777621593.5970354,1,1,locked_both_hard,-12,-0.05,228,43,413,372,1,both,none,2
images/002142.jpg,0.03125,0.5,opencv,1777621593.7384539,1,1,locked_both_hard,-3,-0.0125,237,55,419,368,1,both,none,2
images/002143.jpg,-0.05208333333333333,0.5,opencv,1777621593.881621,1,1,locked_both_hard,5,0.020833333333333332,245,66,424,366,1,both,none,2
images/002144.jpg,-0.10416666666666666,0.5,opencv,1777621594.0226638,1,1,locked_both_hard,10,0.041666666666666664,250,73,427,361,1,both,none,2
images/002145.jpg,-0.14583333333333334,0.5,opencv,1777621594.166111,1,1,locked_both_hard,14,0.058333333333333334,254,78,430,357,1,both,none,2
images/002146.jpg,-0.10416666666666666,0.5,opencv,1777621594.309598,1,1,locked_both_hard,10,0.041666666666666664,250,80,421,353,1,both,none,2
images/002147.jpg,-0.05208333333333333,0.5,opencv,1777621594.4510593,1,1,locked_both_hard,5,0.020833333333333332,245,69,422,350,1,both,none,2
images/002148.jpg,-0.14583333333333334,0.5,opencv,1777621594.594509,1,1,locked_both_hard,14,0.058333333333333334,254,79,429,350,1,both,none,2
images/002149.jpg,-0.07291666666666667,0.5,opencv,1777621594.7370992,1,1,locked_both_hard,7,0.029166666666666667,247,65,429,353,1,both,none,2
images/002150.jpg,0.11458333333333333,0.5,opencv,1777621594.8804777,1,1,locked_both_hard,-11,-0.04583333333333333,229,37,421,362,1,both,none,2
images/002151.jpg,0.3125,0.5,opencv,1777621595.0229714,1,1,locked_both_hard,-30,-0.125,210,15,405,370,1,both,none,2
images/002152.jpg,0.40625,0.5,opencv,1777621595.16486,1,1,locked_only_right_hard,-39,-0.1625,201,16,386,370,1,right,left,1
images/002153.jpg,0.40625,0.5,opencv,1777621595.3113444,1,1,locked_only_right_hard,-39,-0.1625,201,16,386,370,1,right,left,1
images/002154.jpg,0.4375,0.5,opencv,1777621595.453182,1,1,locked_only_right_hard,-42,-0.175,198,13,383,370,1,right,left,1
images/002155.jpg,0.5729166666666666,0.5,opencv,1777621595.596378,1,1,locked_only_right_hard,-55,-0.22916666666666666,185,0,370,370,1,right,left,1
images/002156.jpg,0.42708333333333337,0.5,opencv,1777621595.7393098,1,1,locked_only_right_hard,-41,-0.17083333333333334,199,14,384,370,1,right,left,1
images/002157.jpg,0.05208333333333333,0.5,opencv,1777621595.8809793,1,1,locked_only_right_hard,-5,-0.020833333333333332,235,50,420,370,1,right,left,3
images/002158.jpg,1.0,0.47,opencv,1777621596.0278294,1,1,locked_only_right_hard,-114,-0.475,126,-59,311,370,1,right,left,1
images/002159.jpg,1.0,0.45,opencv,1777621596.1698818,1,1,locked_only_right_hard,-139,-0.5791666666666667,101,-84,286,370,1,right,left,1
images/002160.jpg,1.0,0.47,opencv,1777621596.3140998,1,1,locked_only_right_hard,-124,-0.5166666666666667,116,-69,301,370,1,right,left,1
images/002161.jpg,1.0,0.47,opencv,1777621596.457684,1,1,locked_only_right_hard,-121,-0.5041666666666667,119,-66,304,370,1,right,left,1
images/002162.jpg,1.0,0.47,opencv,1777621596.5986469,1,1,locked_only_right_hard,-102,-0.425,138,-47,323,370,1,right,left,1
images/002163.jpg,0.8333333333333333,0.47,opencv,1777621596.7420385,1,1,locked_only_right_hard,-80,-0.3333333333333333,160,-25,345,370,1,right,left,1
images/002164.jpg,0.5520833333333333,0.5,opencv,1777621596.8843496,1,1,locked_only_right_hard,-53,-0.22083333333333333,187,2,372,370,1,right,left,1
images/002165.jpg,0.40625,0.5,opencv,1777621597.0263991,1,1,locked_both_hard,-39,-0.1625,201,18,385,369,1,both,none,2
images/002166.jpg,0.22916666666666666,0.5,opencv,1777621597.1690552,1,1,locked_both_hard,-22,-0.09166666666666666,218,25,411,374,1,both,none,2
images/002167.jpg,0.21875,0.5,opencv,1777621597.310206,1,1,locked_both_hard,-21,-0.0875,219,32,407,374,1,both,none,2
images/002168.jpg,0.21875,0.5,opencv,1777621597.4532273,1,1,locked_both_hard,-21,-0.0875,219,28,410,375,1,both,none,2
images/002169.jpg,0.23958333333333334,0.5,opencv,1777621597.597785,1,1,locked_both_hard,-23,-0.09583333333333334,217,26,408,377,1,both,none,2
images/002170.jpg,0.3333333333333333,0.5,opencv,1777621597.740772,1,1,locked_both_hard,-32,-0.13333333333333333,208,23,394,375,1,both,none,2
images/002171.jpg,0.2916666666666667,0.5,opencv,1777621597.8868127,1,1,locked_both_hard,-28,-0.11666666666666667,212,19,406,376,1,both,none,2
images/002172.jpg,0.10416666666666666,0.5,opencv,1777621598.0284195,1,1,locked_both_hard,-10,-0.041666666666666664,230,20,441,387,1,both,none,3
images/002173.jpg,0.5833333333333334,0.5,opencv,1777621598.1696582,1,1,locked_both_hard,-56,-0.23333333333333334,184,20,348,363,1,both,none,2
images/002174.jpg,0.6666666666666666,0.5,opencv,1777621598.310613,1,1,locked_both_hard,-64,-0.26666666666666666,176,18,334,347,1,both,none,2
images/002175.jpg,0.5520833333333333,0.5,opencv,1777621598.4535663,1,1,locked_both_hard,-53,-0.22083333333333333,187,32,343,334,1,both,none,2
images/002176.jpg,0.22916666666666666,0.5,opencv,1777621598.594975,1,1,locked_both_hard,-22,-0.09166666666666666,218,46,391,334,1,both,none,2
images/002177.jpg,-0.09375,0.5,opencv,1777621598.7380593,1,1,locked_both_hard,9,0.0375,249,69,430,342,1,both,none,2
images/002178.jpg,-0.35416666666666663,0.5,opencv,1777621598.8793237,1,1,locked_both_hard,34,0.14166666666666666,274,104,445,344,1,both,none,2
images/002179.jpg,-0.46875,0.5,opencv,1777621599.0230665,1,1,locked_both_hard,45,0.1875,285,123,447,338,1,both,none,2
images/002180.jpg,-0.4479166666666667,0.5,opencv,1777621599.1656055,1,1,locked_both_hard,43,0.17916666666666667,283,122,444,330,1,both,none,2
images/002181.jpg,-0.25,0.5,opencv,1777621599.3076549,1,1,locked_both_hard,24,0.1,264,97,432,329,1,both,none,2
images/002182.jpg,-0.041666666666666664,0.5,opencv,1777621599.4504263,1,1,locked_both_hard,4,0.016666666666666666,244,66,422,335,1,both,none,2
images/002183.jpg,0.19791666666666666,0.5,opencv,1777621599.5932403,1,1,locked_both_hard,-19,-0.07916666666666666,221,33,410,347,1,both,none,2
images/002184.jpg,0.40625,0.5,opencv,1777621599.7366996,1,1,locked_both_hard,-39,-0.1625,201,15,388,357,1,both,none,3
images/002185.jpg,0.3958333333333333,0.5,opencv,1777621599.8793094,1,1,locked_only_right_hard,-38,-0.15833333333333333,202,22,381,359,1,right,left,2
images/002186.jpg,0.3958333333333333,0.5,opencv,1777621600.0203433,1,1,locked_only_right_hard,-38,-0.15833333333333333,202,22,381,359,1,right,left,1
images/002187.jpg,0.5208333333333334,0.5,opencv,1777621600.1631749,1,1,locked_only_right_hard,-50,-0.20833333333333334,190,10,369,359,1,right,left,1
images/002188.jpg,0.4375,0.5,opencv,1777621600.3035245,1,1,locked_only_right_hard,-42,-0.175,198,18,377,359,1,right,left,1
images/002189.jpg,0.5520833333333333,0.5,opencv,1777621600.446594,1,1,locked_only_right_hard,-53,-0.22083333333333333,187,7,366,359,1,right,left,1
images/002190.jpg,0.5833333333333334,0.5,opencv,1777621600.5880802,1,1,locked_only_right_hard,-56,-0.23333333333333334,184,4,363,359,1,right,left,1
images/002191.jpg,0.59375,0.5,opencv,1777621600.729673,1,1,locked_only_right_hard,-57,-0.2375,183,3,362,359,1,right,left,1
images/002192.jpg,0.46875,0.5,opencv,1777621600.8756194,1,1,locked_only_right_hard,-45,-0.1875,195,15,374,359,1,right,left,2
images/002193.jpg,0.3125,0.5,opencv,1777621601.0177524,1,1,locked_only_right_hard,-30,-0.125,210,30,389,359,1,right,left,1
images/002194.jpg,0.35416666666666663,0.5,opencv,1777621601.161245,1,1,locked_only_right_hard,-34,-0.14166666666666666,206,26,385,359,1,right,left,2
images/002195.jpg,0.40625,0.5,opencv,1777621601.3031328,1,1,locked_only_right_hard,-39,-0.1625,201,21,380,359,1,right,left,1
images/002196.jpg,0.4791666666666667,0.5,opencv,1777621601.4443119,1,1,locked_only_right_hard,-46,-0.19166666666666668,194,14,373,359,1,right,left,1
images/002197.jpg,0.6145833333333333,0.5,opencv,1777621601.5930185,1,1,locked_only_right_hard,-59,-0.24583333333333332,181,1,360,359,1,right,left,1
images/002198.jpg,0.6458333333333334,0.5,opencv,1777621601.7344737,1,1,locked_only_right_hard,-62,-0.25833333333333336,178,-2,357,359,1,right,left,1
images/002199.jpg,0.53125,0.5,opencv,1777621601.8778722,1,1,locked_only_right_hard,-51,-0.2125,189,9,368,359,1,right,left,1
images/002200.jpg,0.5208333333333334,0.5,opencv,1777621602.019761,1,1,locked_only_right_hard,-50,-0.20833333333333334,190,10,369,359,1,right,left,1
images/002201.jpg,0.375,0.5,opencv,1777621602.1611776,1,1,locked_only_right_hard,-36,-0.15,204,24,383,359,1,right,left,1
images/002202.jpg,0.34375,0.5,opencv,1777621602.3044338,1,1,locked_both_hard,-33,-0.1375,207,18,396,366,1,both,none,2
images/002203.jpg,0.36458333333333337,0.5,opencv,1777621602.4463692,1,1,locked_both_hard,-35,-0.14583333333333334,205,14,396,370,1,both,none,2
images/002204.jpg,0.25,0.5,opencv,1777621602.5905664,1,1,locked_both_hard,-24,-0.1,216,32,401,368,1,both,none,2
images/002205.jpg,0.14583333333333334,0.5,opencv,1777621602.7336886,1,1,locked_both_hard,-14,-0.058333333333333334,226,41,412,367,1,both,none,2
images/002206.jpg,-0.010416666666666666,0.5,opencv,1777621602.8777993,1,1,locked_both_hard,1,0.004166666666666667,241,60,422,366,1,both,none,2
images/002207.jpg,-0.15625,0.5,opencv,1777621603.0263224,1,1,locked_both_hard,15,0.0625,255,80,431,360,1,both,none,2
images/002208.jpg,-0.20833333333333331,0.5,opencv,1777621603.169923,1,1,locked_both_hard,20,0.08333333333333333,260,86,434,355,1,both,none,2
images/002209.jpg,-0.15625,0.5,opencv,1777621603.3112442,1,1,locked_both_hard,15,0.0625,255,88,422,350,1,both,none,2
images/002210.jpg,-0.15625,0.5,opencv,1777621603.4552252,1,1,locked_both_hard,15,0.0625,255,82,429,347,1,both,none,2
images/002211.jpg,-0.21875,0.5,opencv,1777621603.5974743,1,1,locked_both_hard,21,0.0875,261,85,437,346,1,both,none,2
images/002212.jpg,-0.0,0.5,opencv,1777621603.7414577,1,1,locked_both_hard,0,0.0,240,53,427,353,1,both,none,2
images/002213.jpg,0.20833333333333331,0.5,opencv,1777621603.884641,1,1,locked_both_hard,-20,-0.08333333333333333,220,29,412,363,1,both,none,2
images/002214.jpg,0.3020833333333333,0.5,opencv,1777621604.026328,1,1,locked_only_right_hard,-29,-0.12083333333333333,211,27,395,368,1,right,left,1
images/002215.jpg,0.4375,0.5,opencv,1777621604.1695867,1,1,locked_only_right_hard,-42,-0.175,198,14,382,368,1,right,left,1
images/002216.jpg,0.5,0.5,opencv,1777621604.3115253,1,1,locked_only_right_hard,-48,-0.2,192,8,376,368,1,right,left,1
images/002217.jpg,0.5,0.5,opencv,1777621604.4526734,1,1,locked_only_right_hard,-48,-0.2,192,8,376,368,1,right,left,1
images/002218.jpg,0.7291666666666667,0.5,opencv,1777621604.5946598,1,1,locked_only_right_hard,-70,-0.2916666666666667,170,-14,354,368,1,right,left,1
images/002219.jpg,0.4479166666666667,0.5,opencv,1777621604.7367437,1,1,locked_only_right_hard,-43,-0.17916666666666667,197,13,381,368,1,right,left,1
images/002220.jpg,0.35416666666666663,0.5,opencv,1777621604.8802137,1,1,locked_only_right_hard,-34,-0.14166666666666666,206,22,390,368,1,right,left,3
images/002221.jpg,1.0,0.47,opencv,1777621605.0206623,1,1,locked_only_right_hard,-102,-0.425,138,-46,322,368,1,right,left,1
images/002222.jpg,1.0,0.47,opencv,1777621605.1514306,1,1,locked_only_right_hard,-111,-0.4625,129,-55,313,368,1,right,left,2
images/002223.jpg,0.7604166666666666,0.47,opencv,1777621605.2849789,1,1,locked_only_right_hard,-73,-0.30416666666666664,167,-17,351,368,1,right,left,1
images/002224.jpg,0.41666666666666663,0.5,opencv,1777621605.4149628,1,1,locked_only_right_hard,-40,-0.16666666666666666,200,16,384,368,1,right,left,1
images/002225.jpg,0.3229166666666667,0.5,opencv,1777621605.5440257,1,1,locked_only_right_hard,-31,-0.12916666666666668,209,25,393,368,1,right,left,1
images/002226.jpg,0.375,0.5,opencv,1777621605.6758556,1,1,locked_both_hard,-36,-0.15,204,16,392,369,1,both,none,2
images/002227.jpg,0.2916666666666667,0.5,opencv,1777621605.8092484,1,1,locked_both_hard,-28,-0.11666666666666667,212,17,407,376,1,both,none,2
images/002228.jpg,0.3229166666666667,0.5,opencv,1777621605.9423532,1,1,locked_both_hard,-31,-0.12916666666666668,209,20,398,378,1,both,none,2
images/002229.jpg,0.2604166666666667,0.5,opencv,1777621606.0752902,1,1,locked_both_hard,-25,-0.10416666666666667,215,21,410,381,1,both,none,2
images/002230.jpg,0.34375,0.5,opencv,1777621606.2098386,1,1,locked_both_hard,-33,-0.1375,207,19,395,379,1,both,none,2
images/002231.jpg,0.375,0.5,opencv,1777621606.342555,1,1,locked_both_hard,-36,-0.15,204,14,395,379,1,both,none,2
images/002232.jpg,0.4375,0.5,opencv,1777621606.474679,1,1,locked_only_right_hard,-42,-0.175,198,8,387,379,1,right,left,1
images/002233.jpg,0.5729166666666666,0.5,opencv,1777621606.6033604,1,1,locked_only_right_hard,-55,-0.22916666666666666,185,-5,374,379,1,right,left,1
images/002234.jpg,0.5,0.5,opencv,1777621606.730762,1,1,locked_both_hard,-48,-0.2,192,12,372,371,1,both,none,2
images/002235.jpg,0.40625,0.5,opencv,1777621606.8580391,1,1,locked_both_hard,-39,-0.1625,201,13,390,373,1,both,none,2
images/002236.jpg,0.6979166666666667,0.5,opencv,1777621606.9855385,1,1,locked_both_hard,-67,-0.2791666666666667,173,19,328,345,1,both,none,2
images/002237.jpg,0.5833333333333334,0.5,opencv,1777621607.1134229,1,1,locked_both_hard,-56,-0.23333333333333334,184,22,346,336,1,both,none,2
images/002238.jpg,0.4583333333333333,0.5,opencv,1777621607.2408578,1,1,locked_both_hard,-44,-0.18333333333333332,196,30,363,333,1,both,none,2
images/002239.jpg,0.27083333333333337,0.5,opencv,1777621607.3681746,1,1,locked_both_hard,-26,-0.10833333333333334,214,46,382,333,1,both,none,2
images/002240.jpg,0.020833333333333332,0.5,opencv,1777621607.4961314,1,1,locked_both_hard,-2,-0.008333333333333333,238,59,418,339,1,both,none,2
images/002241.jpg,-0.07291666666666667,0.5,opencv,1777621607.623734,1,1,locked_both_hard,7,0.029166666666666667,247,70,424,345,1,both,none,2
images/002242.jpg,-0.21875,0.5,opencv,1777621607.7508676,1,1,locked_both_hard,21,0.0875,261,87,436,347,1,both,none,2
images/002243.jpg,-0.25,0.5,opencv,1777621607.8782418,1,1,locked_both_hard,24,0.1,264,95,434,344,1,both,none,2
images/002244.jpg,-0.25,0.5,opencv,1777621608.0058277,1,1,locked_both_hard,24,0.1,264,94,435,342,1,both,none,2
images/002245.jpg,-0.20833333333333331,0.5,opencv,1777621608.1332514,1,1,locked_both_hard,20,0.08333333333333333,260,90,430,340,1,both,none,2
images/002246.jpg,-0.08333333333333333,0.5,opencv,1777621608.2611675,1,1,locked_both_hard,8,0.03333333333333333,248,74,422,342,1,both,none,3
images/002247.jpg,0.010416666666666666,0.5,opencv,1777621608.3886118,1,1,locked_both_hard,-1,-0.004166666666666667,239,58,421,347,1,both,none,2
images/002248.jpg,0.11458333333333333,0.5,opencv,1777621608.5159984,1,1,locked_both_hard,-11,-0.04583333333333333,229,42,417,356,1,both,none,2
images/002249.jpg,0.28125,0.5,opencv,1777621608.6434057,1,1,locked_both_hard,-27,-0.1125,213,25,402,363,1,both,none,3
images/002250.jpg,0.36458333333333337,0.5,opencv,1777621608.7706912,1,1,locked_both_hard,-35,-0.14583333333333334,205,12,399,370,1,both,none,2
images/002251.jpg,0.3229166666666667,0.5,opencv,1777621608.8979714,1,1,locked_only_right_hard,-31,-0.12916666666666668,209,22,395,373,1,right,left,1
images/002252.jpg,0.375,0.5,opencv,1777621609.0253184,1,1,locked_only_right_hard,-36,-0.15,204,17,390,373,1,right,left,1
images/002253.jpg,0.35416666666666663,0.5,opencv,1777621609.1525047,1,1,locked_only_right_hard,-34,-0.14166666666666666,206,19,392,373,1,right,left,1
images/002254.jpg,0.5625,0.5,opencv,1777621609.2796302,1,1,locked_only_right_hard,-54,-0.225,186,-1,372,373,1,right,left,1
images/002255.jpg,0.6458333333333334,0.5,opencv,1777621609.4069333,1,1,locked_only_right_hard,-62,-0.25833333333333336,178,-9,364,373,1,right,left,1
images/002256.jpg,0.8541666666666667,0.47,opencv,1777621609.5341845,1,1,locked_only_right_hard,-82,-0.3416666666666667,158,-29,344,373,1,right,left,1
images/002257.jpg,0.75,0.5,opencv,1777621609.6617825,1,1,locked_only_right_hard,-72,-0.3,168,-19,354,373,1,right,left,2
images/002258.jpg,0.65625,0.5,opencv,1777621609.789509,1,1,locked_only_right_hard,-63,-0.2625,177,-10,363,373,1,right,left,2
images/002259.jpg,0.46875,0.5,opencv,1777621609.9167454,1,1,locked_only_right_hard,-45,-0.1875,195,8,381,373,1,right,left,2
images/002260.jpg,0.36458333333333337,0.5,opencv,1777621610.0462878,1,1,locked_only_right_hard,-35,-0.14583333333333334,205,18,391,373,1,right,left,1
images/002261.jpg,0.3229166666666667,0.5,opencv,1777621610.1899304,1,1,locked_only_right_hard,-31,-0.12916666666666668,209,22,395,373,1,right,left,1
images/002262.jpg,0.3333333333333333,0.5,opencv,1777621610.33122,1,1,locked_only_right_hard,-32,-0.13333333333333333,208,21,394,373,1,right,left,1
images/002263.jpg,0.42708333333333337,0.5,opencv,1777621610.4752316,1,1,locked_only_right_hard,-41,-0.17083333333333334,199,12,385,373,1,right,left,1
images/002264.jpg,0.5833333333333334,0.5,opencv,1777621610.6181414,1,1,locked_only_right_hard,-56,-0.23333333333333334,184,-3,370,373,1,right,left,1
images/002265.jpg,0.6979166666666667,0.5,opencv,1777621610.759322,1,1,locked_only_right_hard,-67,-0.2791666666666667,173,-14,359,373,1,right,left,1
images/002266.jpg,0.8125,0.47,opencv,1777621610.9056778,1,1,locked_only_right_hard,-78,-0.325,162,-25,348,373,1,right,left,1
images/002267.jpg,0.5520833333333333,0.5,opencv,1777621611.0501246,1,1,locked_only_right_hard,-53,-0.22083333333333333,187,0,373,373,1,right,left,1
images/002268.jpg,0.375,0.5,opencv,1777621611.1914437,1,1,locked_both_hard,-36,-0.15,204,17,392,372,1,both,none,2
images/002269.jpg,0.27083333333333337,0.5,opencv,1777621611.3342924,1,1,locked_both_hard,-26,-0.10833333333333334,214,25,404,374,1,both,none,2
images/002270.jpg,0.13541666666666669,0.5,opencv,1777621611.47491,1,1,locked_both_hard,-13,-0.05416666666666667,227,43,411,371,1,both,none,2
images/002271.jpg,0.09375,0.5,opencv,1777621611.6170673,1,1,locked_both_hard,-9,-0.0375,231,50,412,367,1,both,none,2
images/002272.jpg,0.0625,0.5,opencv,1777621611.759874,1,1,locked_both_hard,-6,-0.025,234,49,420,367,1,both,none,2
images/002273.jpg,-0.041666666666666664,0.5,opencv,1777621611.9014819,1,1,locked_both_hard,4,0.016666666666666666,244,67,422,363,1,both,none,2
images/002274.jpg,-0.10416666666666666,0.5,opencv,1777621612.0494456,1,1,locked_both_hard,10,0.041666666666666664,250,70,431,361,1,both,none,2
images/002275.jpg,-0.08333333333333333,0.5,opencv,1777621612.1917672,1,1,locked_both_hard,8,0.03333333333333333,248,72,424,357,1,both,none,2
images/002276.jpg,-0.09375,0.5,opencv,1777621612.33344,1,1,locked_both_hard,9,0.0375,249,77,421,352,1,both,none,2
images/002277.jpg,-0.20833333333333331,0.5,opencv,1777621612.4763834,1,1,locked_both_hard,20,0.08333333333333333,260,89,431,349,1,both,none,2
images/002278.jpg,-0.16666666666666666,0.5,opencv,1777621612.618958,1,1,locked_both_hard,16,0.06666666666666667,256,77,436,351,1,both,none,2
images/002279.jpg,0.14583333333333334,0.5,opencv,1777621612.7620652,1,1,locked_both_hard,-14,-0.058333333333333334,226,34,419,361,1,both,none,2
images/002280.jpg,0.36458333333333337,0.5,opencv,1777621612.9046905,1,1,locked_both_hard,-35,-0.14583333333333334,205,11,400,369,1,both,none,2
images/002281.jpg,0.41666666666666663,0.5,opencv,1777621613.0463777,1,1,locked_only_right_hard,-40,-0.16666666666666666,200,15,384,369,1,right,left,1
images/002282.jpg,0.4479166666666667,0.5,opencv,1777621613.1886997,1,1,locked_only_right_hard,-43,-0.17916666666666667,197,12,381,369,1,right,left,1
images/002283.jpg,0.46875,0.5,opencv,1777621613.3298361,1,1,locked_only_right_hard,-45,-0.1875,195,10,379,369,1,right,left,1
images/002284.jpg,0.5833333333333334,0.5,opencv,1777621613.4734976,1,1,locked_only_right_hard,-56,-0.23333333333333334,184,-1,368,369,1,right,left,1
images/002285.jpg,0.46875,0.5,opencv,1777621613.6157954,1,1,locked_only_right_hard,-45,-0.1875,195,10,379,369,1,right,left,1
images/002286.jpg,0.5833333333333334,0.5,opencv,1777621613.7596064,1,1,locked_only_right_hard,-56,-0.23333333333333334,184,-1,368,369,1,right,left,2
images/002287.jpg,0.9583333333333334,0.47,opencv,1777621613.9048193,1,1,locked_only_right_hard,-92,-0.38333333333333336,148,-37,332,369,1,right,left,1
images/002288.jpg,1.0,0.47,opencv,1777621614.0468087,1,1,locked_only_right_hard,-114,-0.475,126,-59,310,369,1,right,left,2
images/002289.jpg,0.9166666666666666,0.47,opencv,1777621614.1903136,1,1,locked_only_right_hard,-88,-0.36666666666666664,152,-33,336,369,1,right,left,2
images/002290.jpg,0.5520833333333333,0.5,opencv,1777621614.3313057,1,1,locked_only_right_hard,-53,-0.22083333333333333,187,2,371,369,1,right,left,1
images/002291.jpg,0.3229166666666667,0.5,opencv,1777621614.4748774,1,1,locked_only_right_hard,-31,-0.12916666666666668,209,24,393,369,1,right,left,1
images/002292.jpg,0.3958333333333333,0.5,opencv,1777621614.6173701,1,1,locked_both_hard,-38,-0.15833333333333333,202,14,391,370,1,both,none,2
images/002293.jpg,0.3333333333333333,0.5,opencv,1777621614.7586796,1,1,locked_both_hard,-32,-0.13333333333333333,208,17,400,375,1,both,none,2
images/002294.jpg,0.3125,0.5,opencv,1777621614.9042933,1,1,locked_both_hard,-30,-0.125,210,19,401,378,1,both,none,2
images/002295.jpg,0.3020833333333333,0.5,opencv,1777621615.0456262,1,1,locked_both_hard,-29,-0.12083333333333333,211,23,399,378,1,both,none,2
images/002296.jpg,0.3125,0.5,opencv,1777621615.1893585,1,1,locked_both_hard,-30,-0.125,210,19,401,378,1,both,none,2
images/002297.jpg,0.35416666666666663,0.5,opencv,1777621615.3328598,1,1,locked_both_hard,-34,-0.14166666666666666,206,14,399,379,1,both,none,2
images/002298.jpg,0.3958333333333333,0.5,opencv,1777621615.4747145,1,1,locked_both_hard,-38,-0.15833333333333333,202,14,390,377,1,both,none,2
images/002299.jpg,0.4895833333333333,0.5,opencv,1777621615.6217618,1,1,locked_both_hard,-47,-0.19583333333333333,193,14,373,369,1,both,none,2
images/002300.jpg,0.375,0.5,opencv,1777621615.7643301,1,1,locked_both_hard,-36,-0.15,204,14,394,373,1,both,none,2
images/002301.jpg,0.6770833333333333,0.5,opencv,1777621615.9075782,1,1,locked_both_hard,-65,-0.2708333333333333,175,19,332,347,1,both,none,2
images/002302.jpg,0.6041666666666666,0.5,opencv,1777621616.05003,1,1,locked_both_hard,-58,-0.24166666666666667,182,21,343,338,1,both,none,2
images/002303.jpg,0.42708333333333337,0.5,opencv,1777621616.1916125,1,1,locked_both_hard,-41,-0.17083333333333334,199,33,366,336,1,both,none,2
images/002304.jpg,0.1875,0.5,opencv,1777621616.335669,1,1,locked_both_hard,-18,-0.075,222,51,394,336,1,both,none,2
images/002305.jpg,-0.041666666666666664,0.5,opencv,1777621616.479866,1,1,locked_both_hard,4,0.016666666666666666,244,64,424,344,1,both,none,2
images/002306.jpg,-0.20833333333333331,0.5,opencv,1777621616.6242933,1,1,locked_both_hard,20,0.08333333333333333,260,83,437,347,1,both,none,2
images/002307.jpg,-0.3125,0.5,opencv,1777621616.766579,1,1,locked_both_hard,30,0.125,270,99,441,346,1,both,none,2
images/002308.jpg,-0.3229166666666667,0.5,opencv,1777621616.908858,1,1,locked_both_hard,31,0.12916666666666668,271,104,438,342,1,both,none,2
images/002309.jpg,-0.19791666666666666,0.5,opencv,1777621617.05517,1,1,locked_both_hard,19,0.07916666666666666,259,90,429,339,1,both,none,2
images/002310.jpg,-0.0625,0.5,opencv,1777621617.197365,1,1,locked_both_hard,6,0.025,246,71,422,341,1,both,none,3
images/002311.jpg,0.10416666666666666,0.5,opencv,1777621617.341203,1,1,locked_both_hard,-10,-0.041666666666666664,230,41,419,350,1,both,none,2
images/002312.jpg,0.28125,0.5,opencv,1777621617.4840772,1,1,locked_both_hard,-27,-0.1125,213,23,403,360,1,both,none,3
images/002313.jpg,0.3854166666666667,0.5,opencv,1777621617.6255898,1,1,locked_both_hard,-37,-0.15416666666666667,203,12,394,366,1,both,none,2
images/002314.jpg,0.36458333333333337,0.5,opencv,1777621617.7687135,1,1,locked_only_right_hard,-35,-0.14583333333333334,205,20,389,369,1,right,left,1
images/002315.jpg,0.41666666666666663,0.5,opencv,1777621617.9096768,1,1,locked_only_right_hard,-40,-0.16666666666666666,200,15,384,369,1,right,left,1
images/002316.jpg,0.36458333333333337,0.5,opencv,1777621618.0529594,1,1,locked_only_right_hard,-35,-0.14583333333333334,205,20,389,369,1,right,left,1
images/002317.jpg,0.5833333333333334,0.5,opencv,1777621618.1973994,1,1,locked_only_right_hard,-56,-0.23333333333333334,184,-1,368,369,1,right,left,1
images/002318.jpg,0.7708333333333334,0.47,opencv,1777621618.339507,1,1,locked_only_right_hard,-74,-0.30833333333333335,166,-19,350,369,1,right,left,1
images/002319.jpg,0.8229166666666666,0.47,opencv,1777621618.4824212,1,1,locked_only_right_hard,-79,-0.32916666666666666,161,-24,345,369,1,right,left,1
images/002320.jpg,0.6458333333333334,0.5,opencv,1777621618.623011,1,1,locked_only_right_hard,-62,-0.25833333333333336,178,-7,362,369,1,right,left,2
images/002321.jpg,0.4479166666666667,0.5,opencv,1777621618.7641852,1,1,locked_only_right_hard,-43,-0.17916666666666667,197,12,381,369,1,right,left,2
images/002322.jpg,0.36458333333333337,0.5,opencv,1777621618.907292,1,1,locked_only_right_hard,-35,-0.14583333333333334,205,20,389,369,1,right,left,2
images/002323.jpg,0.3020833333333333,0.5,opencv,1777621619.0492754,1,1,locked_only_right_hard,-29,-0.12083333333333333,211,26,395,369,1,right,left,1
images/002324.jpg,0.3125,0.5,opencv,1777621619.1933799,1,1,locked_only_right_hard,-30,-0.125,210,25,394,369,1,right,left,1
images/002325.jpg,0.40625,0.5,opencv,1777621619.3381348,1,1,locked_only_right_hard,-39,-0.1625,201,16,385,369,1,right,left,1
images/002326.jpg,0.5104166666666666,0.5,opencv,1777621619.4789,1,1,locked_only_right_hard,-49,-0.20416666666666666,191,6,375,369,1,right,left,1
images/002327.jpg,0.7395833333333334,0.5,opencv,1777621619.6214223,1,1,locked_only_right_hard,-71,-0.29583333333333334,169,-16,353,369,1,right,left,1
images/002328.jpg,0.8645833333333333,0.47,opencv,1777621619.764011,1,1,locked_only_right_hard,-83,-0.3458333333333333,157,-28,341,369,1,right,left,1
images/002329.jpg,0.6979166666666667,0.5,opencv,1777621619.9068842,1,1,locked_only_right_hard,-67,-0.2791666666666667,173,-12,357,369,1,right,left,1
images/002330.jpg,0.4791666666666667,0.5,opencv,1777621620.0483959,1,1,locked_only_right_hard,-46,-0.19166666666666668,194,9,378,369,1,right,left,1
images/002331.jpg,0.28125,0.5,opencv,1777621620.1919465,1,1,locked_both_hard,-27,-0.1125,213,23,403,371,1,both,none,2
images/002332.jpg,0.17708333333333331,0.5,opencv,1777621620.334735,1,1,locked_both_hard,-17,-0.07083333333333333,223,40,407,371,1,both,none,2
images/002333.jpg,0.13541666666666669,0.5,opencv,1777621620.4764018,1,1,locked_both_hard,-13,-0.05416666666666667,227,43,412,369,1,both,none,2
images/002334.jpg,0.05208333333333333,0.5,opencv,1777621620.619753,1,1,locked_both_hard,-5,-0.020833333333333332,235,51,419,367,1,both,none,2
images/002335.jpg,-0.010416666666666666,0.5,opencv,1777621620.760711,1,1,locked_both_hard,1,0.004166666666666667,241,61,421,366,1,both,none,2
images/002336.jpg,-0.08333333333333333,0.5,opencv,1777621620.902517,1,1,locked_both_hard,8,0.03333333333333333,248,71,425,362,1,both,none,2
images/002337.jpg,-0.125,0.5,opencv,1777621621.045436,1,1,locked_both_hard,12,0.05,252,76,429,357,1,both,none,2
images/002338.jpg,-0.09375,0.5,opencv,1777621621.1874776,1,1,locked_both_hard,9,0.0375,249,79,420,351,1,both,none,2
images/002339.jpg,-0.09375,0.5,opencv,1777621621.3323576,1,1,locked_both_hard,9,0.0375,249,73,425,349,1,both,none,2
images/002340.jpg,-0.20833333333333331,0.5,opencv,1777621621.477066,1,1,locked_both_hard,20,0.08333333333333333,260,86,435,347,1,both,none,2
images/002341.jpg,-0.125,0.5,opencv,1777621621.6181157,1,1,locked_both_hard,12,0.05,252,70,434,352,1,both,none,2
images/002342.jpg,0.08333333333333333,0.5,opencv,1777621621.7617323,1,1,locked_both_hard,-8,-0.03333333333333333,232,41,424,362,1,both,none,2
images/002343.jpg,0.3125,0.5,opencv,1777621621.903158,1,1,locked_both_hard,-30,-0.125,210,14,407,372,1,both,none,2
images/002344.jpg,0.46875,0.5,opencv,1777621622.0465262,1,1,locked_only_right_hard,-45,-0.1875,195,9,381,372,1,right,left,1
images/002345.jpg,0.5208333333333334,0.5,opencv,1777621622.1866496,1,1,locked_only_right_hard,-50,-0.20833333333333334,190,4,376,372,1,right,left,1
images/002346.jpg,0.5520833333333333,0.5,opencv,1777621622.3302526,1,1,locked_only_right_hard,-53,-0.22083333333333333,187,1,373,372,1,right,left,1
images/002347.jpg,0.6770833333333333,0.5,opencv,1777621622.472331,1,1,locked_only_right_hard,-65,-0.2708333333333333,175,-11,361,372,1,right,left,1
images/002348.jpg,0.3020833333333333,0.5,opencv,1777621622.6130667,1,1,locked_only_right_hard,-29,-0.12083333333333333,211,25,397,372,1,right,left,1
images/002349.jpg,0.041666666666666664,0.5,opencv,1777621622.7563488,1,1,locked_only_right_hard,-4,-0.016666666666666666,236,50,422,372,1,right,left,2
images/002350.jpg,1.0,0.47,opencv,1777621622.8981662,1,1,locked_only_right_hard,-122,-0.5083333333333333,118,-68,304,372,1,right,left,1
images/002351.jpg,1.0,0.47,opencv,1777621623.0397124,1,1,locked_only_right_hard,-126,-0.525,114,-72,300,372,1,right,left,1
images/002352.jpg,1.0,0.47,opencv,1777621623.182324,1,1,locked_only_right_hard,-119,-0.49583333333333335,121,-65,307,372,1,right,left,1
images/002353.jpg,1.0,0.47,opencv,1777621623.3232794,1,1,locked_only_right_hard,-99,-0.4125,141,-45,327,372,1,right,left,1
images/002354.jpg,0.8854166666666667,0.47,opencv,1777621623.4665415,1,1,locked_only_right_hard,-85,-0.3541666666666667,155,-31,341,372,1,right,left,1
images/002355.jpg,0.6666666666666666,0.5,opencv,1777621623.6084042,1,1,locked_only_right_hard,-64,-0.26666666666666666,176,-10,362,372,1,right,left,1
images/002356.jpg,0.4375,0.5,opencv,1777621623.75048,1,1,locked_only_right_hard,-42,-0.175,198,12,384,372,1,right,left,1
images/002357.jpg,0.35416666666666663,0.5,opencv,1777621623.8943286,1,1,locked_both_hard,-34,-0.14166666666666666,206,19,394,372,1,both,none,2
images/002358.jpg,0.27083333333333337,0.5,opencv,1777621624.0351481,1,1,locked_both_hard,-26,-0.10833333333333334,214,21,407,375,1,both,none,2
images/002359.jpg,0.2916666666666667,0.5,opencv,1777621624.1791084,1,1,locked_both_hard,-28,-0.11666666666666667,212,25,399,374,1,both,none,2
images/002360.jpg,0.2916666666666667,0.5,opencv,1777621624.3220205,1,1,locked_both_hard,-28,-0.11666666666666667,212,22,403,375,1,both,none,2
images/002361.jpg,0.3333333333333333,0.5,opencv,1777621624.4633982,1,1,locked_both_hard,-32,-0.13333333333333333,208,19,397,376,1,both,none,2
images/002362.jpg,0.41666666666666663,0.5,opencv,1777621624.6066835,1,1,locked_both_hard,-40,-0.16666666666666666,200,17,383,374,1,both,none,2
images/002363.jpg,0.42708333333333337,0.5,opencv,1777621624.7488067,1,1,locked_both_hard,-41,-0.17083333333333334,199,15,383,369,1,both,none,2
images/002364.jpg,0.21875,0.5,opencv,1777621624.8922849,1,1,locked_both_hard,-21,-0.0875,219,17,422,377,1,both,none,3
images/002365.jpg,0.6041666666666666,0.5,opencv,1777621625.0362072,1,1,locked_both_hard,-58,-0.24166666666666667,182,21,344,354,1,both,none,2
images/002366.jpg,0.625,0.5,opencv,1777621625.177282,1,1,locked_both_hard,-60,-0.25,180,21,339,341,1,both,none,2
images/002367.jpg,0.4479166666666667,0.5,opencv,1777621625.320284,1,1,locked_both_hard,-43,-0.17916666666666667,197,36,359,333,1,both,none,2
images/002368.jpg,0.11458333333333333,0.5,opencv,1777621625.4609687,1,1,locked_both_hard,-11,-0.04583333333333333,229,54,405,337,1,both,none,2
images/002369.jpg,-0.15625,0.5,opencv,1777621625.6041832,1,1,locked_both_hard,15,0.0625,255,78,433,343,1,both,none,2
images/002370.jpg,-0.3333333333333333,0.5,opencv,1777621625.7463825,1,1,locked_both_hard,32,0.13333333333333333,272,102,443,342,1,both,none,2
images/002371.jpg,-0.36458333333333337,0.5,opencv,1777621625.8877182,1,1,locked_both_hard,35,0.14583333333333334,275,109,441,338,1,both,none,2
images/002372.jpg,-0.3229166666666667,0.5,opencv,1777621626.031105,1,1,locked_both_hard,31,0.12916666666666668,271,104,438,336,1,both,none,2
images/002373.jpg,-0.15625,0.5,opencv,1777621626.1729906,1,1,locked_both_hard,15,0.0625,255,84,426,337,1,both,none,2
images/002374.jpg,-0.03125,0.5,opencv,1777621626.3144517,1,1,locked_both_hard,3,0.0125,243,65,422,342,1,both,none,2
images/002375.jpg,0.125,0.5,opencv,1777621626.4577138,1,1,locked_both_hard,-12,-0.05,228,39,418,354,1,both,none,2
images/002376.jpg,0.2916666666666667,0.5,opencv,1777621626.5996792,1,1,locked_both_hard,-28,-0.11666666666666667,212,22,402,363,1,both,none,3
images/002377.jpg,0.3958333333333333,0.5,opencv,1777621626.7432318,1,1,locked_both_hard,-38,-0.15833333333333333,202,10,394,369,1,both,none,2
images/002378.jpg,0.375,0.5,opencv,1777621626.8852744,1,1,locked_only_right_hard,-36,-0.15,204,19,388,369,1,right,left,1
images/002379.jpg,0.46875,0.5,opencv,1777621627.0270188,1,1,locked_only_right_hard,-45,-0.1875,195,10,379,369,1,right,left,1
images/002380.jpg,0.4479166666666667,0.5,opencv,1777621627.173023,1,1,locked_only_right_hard,-43,-0.17916666666666667,197,12,381,369,1,right,left,1
images/002381.jpg,0.59375,0.5,opencv,1777621627.3151722,1,1,locked_only_right_hard,-57,-0.2375,183,-2,367,369,1,right,left,1
images/002382.jpg,0.6770833333333333,0.5,opencv,1777621627.4591417,1,1,locked_only_right_hard,-65,-0.2708333333333333,175,-10,359,369,1,right,left,1
images/002383.jpg,0.65625,0.5,opencv,1777621627.6022491,1,1,locked_only_right_hard,-63,-0.2625,177,-8,361,369,1,right,left,2
images/002384.jpg,0.4791666666666667,0.5,opencv,1777621627.743627,1,1,locked_only_right_hard,-46,-0.19166666666666668,194,9,378,369,1,right,left,2
images/002385.jpg,0.3125,0.5,opencv,1777621627.887032,1,1,locked_only_right_hard,-30,-0.125,210,25,394,369,1,right,left,1
images/002386.jpg,0.3125,0.5,opencv,1777621628.0303211,1,1,locked_only_right_hard,-30,-0.125,210,25,394,369,1,right,left,1
images/002387.jpg,0.34375,0.5,opencv,1777621628.1735876,1,1,locked_only_right_hard,-33,-0.1375,207,22,391,369,1,right,left,1
images/002388.jpg,0.46875,0.5,opencv,1777621628.3150594,1,1,locked_only_right_hard,-45,-0.1875,195,10,379,369,1,right,left,1
images/002389.jpg,0.5520833333333333,0.5,opencv,1777621628.457799,1,1,locked_only_right_hard,-53,-0.22083333333333333,187,2,371,369,1,right,left,1
images/002390.jpg,0.6354166666666666,0.5,opencv,1777621628.6011121,1,1,locked_only_right_hard,-61,-0.25416666666666665,179,-6,363,369,1,right,left,1
images/002391.jpg,0.7291666666666667,0.5,opencv,1777621628.7417243,1,1,locked_only_right_hard,-70,-0.2916666666666667,170,-15,354,369,1,right,left,1
images/002392.jpg,0.53125,0.5,opencv,1777621628.8851979,1,1,locked_only_right_hard,-51,-0.2125,189,4,373,369,1,right,left,1
images/002393.jpg,0.375,0.5,opencv,1777621629.0285535,1,1,locked_both_hard,-36,-0.15,204,16,392,370,1,both,none,2
images/002394.jpg,0.25,0.5,opencv,1777621629.169878,1,1,locked_both_hard,-24,-0.1,216,26,406,372,1,both,none,2
images/002395.jpg,0.1875,0.5,opencv,1777621629.3136294,1,1,locked_both_hard,-18,-0.075,222,41,404,371,1,both,none,2
images/002396.jpg,0.125,0.5,opencv,1777621629.455918,1,1,locked_both_hard,-12,-0.05,228,47,410,368,1,both,none,2
images/002397.jpg,0.08333333333333333,0.5,opencv,1777621629.5992253,1,1,locked_both_hard,-8,-0.03333333333333333,232,47,417,366,1,both,none,2
images/002398.jpg,-0.020833333333333332,0.5,opencv,1777621629.7429883,1,1,locked_both_hard,2,0.008333333333333333,242,64,421,365,1,both,none,2
images/002399.jpg,-0.10416666666666666,0.5,opencv,1777621629.8845437,1,1,locked_both_hard,10,0.041666666666666664,250,72,429,361,1,both,none,2
images/002400.jpg,-0.11458333333333333,0.5,opencv,1777621630.0283334,1,1,locked_both_hard,11,0.04583333333333333,251,76,426,356,1,both,none,2
images/002401.jpg,-0.13541666666666669,0.5,opencv,1777621630.170561,1,1,locked_both_hard,13,0.05416666666666667,253,83,423,350,1,both,none,2
images/002402.jpg,-0.21875,0.5,opencv,1777621630.3117828,1,1,locked_both_hard,21,0.0875,261,90,432,348,1,both,none,2
images/002403.jpg,-0.15625,0.5,opencv,1777621630.4551065,1,1,locked_both_hard,15,0.0625,255,75,436,351,1,both,none,2
images/002404.jpg,0.07291666666666667,0.5,opencv,1777621630.5965722,1,1,locked_both_hard,-7,-0.029166666666666667,233,44,423,359,1,both,none,2
images/002405.jpg,0.27083333333333337,0.5,opencv,1777621630.7399666,1,1,locked_both_hard,-26,-0.10833333333333334,214,21,407,368,1,both,none,2
images/002406.jpg,0.3958333333333333,0.5,opencv,1777621630.882594,1,1,locked_only_right_hard,-38,-0.15833333333333333,202,16,388,372,1,right,left,1
images/002407.jpg,0.4479166666666667,0.5,opencv,1777621631.0245965,1,1,locked_only_right_hard,-43,-0.17916666666666667,197,11,383,372,1,right,left,1
images/002408.jpg,0.4375,0.5,opencv,1777621631.167333,1,1,locked_only_right_hard,-42,-0.175,198,12,384,372,1,right,left,1
images/002409.jpg,0.4791666666666667,0.5,opencv,1777621631.3087537,1,1,locked_only_right_hard,-46,-0.19166666666666668,194,8,380,372,1,right,left,1
images/002410.jpg,0.5,0.5,opencv,1777621631.450693,1,1,locked_only_right_hard,-48,-0.2,192,6,378,372,1,right,left,1
images/002411.jpg,0.14583333333333334,0.5,opencv,1777621631.5939796,1,1,locked_only_right_hard,-14,-0.058333333333333334,226,40,412,372,1,right,left,2
images/002412.jpg,-0.14583333333333334,0.5,opencv,1777621631.7347758,1,1,locked_only_right_hard,14,0.058333333333333334,254,68,440,372,1,right,left,2
images/002413.jpg,1.0,0.47,opencv,1777621631.8781826,1,1,locked_only_right_hard,-127,-0.5291666666666667,113,-73,299,372,1,right,left,1
images/002414.jpg,1.0,0.45,opencv,1777621632.0210137,1,1,locked_only_right_hard,-150,-0.625,90,-96,276,372,1,right,left,1
images/002415.jpg,1.0,0.45,opencv,1777621632.162239,1,1,locked_only_right_hard,-165,-0.6875,75,-111,261,372,1,right,left,1
images/002416.jpg,1.0,0.45,opencv,1777621632.3065052,1,1,locked_only_right_hard,-153,-0.6375,87,-99,273,372,1,right,left,2
images/002417.jpg,1.0,0.45,opencv,1777621632.4484215,1,1,locked_only_right_hard,-133,-0.5541666666666667,107,-79,293,372,1,right,left,2
images/002418.jpg,1.0,0.47,opencv,1777621632.5940094,1,1,locked_only_right_hard,-112,-0.4666666666666667,128,-58,314,372,1,right,left,1
images/002419.jpg,0.9791666666666666,0.47,opencv,1777621632.736757,1,1,locked_only_right_hard,-94,-0.39166666666666666,146,-40,332,372,1,right,left,1
images/002420.jpg,0.71875,0.5,opencv,1777621632.8786535,1,1,locked_only_right_hard,-69,-0.2875,171,-15,357,372,1,right,left,1
images/002421.jpg,0.5104166666666666,0.5,opencv,1777621633.0256221,1,1,locked_only_right_hard,-49,-0.20416666666666666,191,5,377,372,1,right,left,1
images/002422.jpg,0.2916666666666667,0.5,opencv,1777621633.1674106,1,1,locked_both_hard,-28,-0.11666666666666667,212,28,396,368,1,both,none,2
images/002423.jpg,0.1875,0.5,opencv,1777621633.3109107,1,1,locked_both_hard,-18,-0.075,222,34,410,370,1,both,none,2
images/002424.jpg,0.14583333333333334,0.5,opencv,1777621633.453787,1,1,locked_both_hard,-14,-0.058333333333333334,226,32,420,375,1,both,none,2
images/002425.jpg,0.2604166666666667,0.5,opencv,1777621633.595001,1,1,locked_both_hard,-25,-0.10416666666666667,215,28,402,375,1,both,none,2
images/002426.jpg,0.2916666666666667,0.5,opencv,1777621633.7380364,1,1,locked_both_hard,-28,-0.11666666666666667,212,28,397,373,1,both,none,2
images/002427.jpg,0.21875,0.5,opencv,1777621633.8799803,1,1,locked_both_hard,-21,-0.0875,219,24,415,376,1,both,none,2
images/002428.jpg,0.5729166666666666,0.5,opencv,1777621634.0225122,1,1,locked_both_hard,-55,-0.22916666666666666,185,24,347,370,1,both,none,2
images/002429.jpg,0.5416666666666667,0.5,opencv,1777621634.165004,1,1,locked_both_hard,-52,-0.21666666666666667,188,23,353,355,1,both,none,2
images/002430.jpg,0.5208333333333334,0.5,opencv,1777621634.306038,1,1,locked_both_hard,-50,-0.20833333333333334,190,28,352,344,1,both,none,2
images/002431.jpg,0.2916666666666667,0.5,opencv,1777621634.4495864,1,1,locked_both_hard,-28,-0.11666666666666667,212,43,381,338,1,both,none,2
images/002432.jpg,-0.0,0.5,opencv,1777621634.591821,1,1,locked_both_hard,0,0.0,240,61,420,343,1,both,none,2
images/002433.jpg,-0.20833333333333331,0.5,opencv,1777621634.7332294,1,1,locked_both_hard,20,0.08333333333333333,260,84,436,347,1,both,none,2
images/002434.jpg,-0.34375,0.5,opencv,1777621634.8763454,1,1,locked_both_hard,33,0.1375,273,104,443,344,1,both,none,2
images/002435.jpg,-0.36458333333333337,0.5,opencv,1777621635.0173173,1,1,locked_both_hard,35,0.14583333333333334,275,110,441,339,1,both,none,2
images/002436.jpg,-0.3020833333333333,0.5,opencv,1777621635.160587,1,1,locked_both_hard,29,0.12083333333333333,269,102,436,336,1,both,none,2
images/002437.jpg,-0.13541666666666669,0.5,opencv,1777621635.302958,1,1,locked_both_hard,13,0.05416666666666667,253,80,426,338,1,both,none,2
images/002438.jpg,0.0625,0.5,opencv,1777621635.4443505,1,1,locked_both_hard,-6,-0.025,234,50,419,346,1,both,none,2
images/002439.jpg,0.28125,0.5,opencv,1777621635.5877342,1,1,locked_both_hard,-27,-0.1125,213,24,403,357,1,both,none,2
images/002440.jpg,0.4791666666666667,0.5,opencv,1777621635.729036,1,1,locked_both_hard,-46,-0.19166666666666668,194,8,381,363,1,both,none,3
images/002441.jpg,0.41666666666666663,0.5,opencv,1777621635.8728766,1,1,locked_only_right_hard,-40,-0.16666666666666666,200,18,381,363,1,right,left,1
images/002442.jpg,0.5729166666666666,0.5,opencv,1777621636.0146146,1,1,locked_only_right_hard,-55,-0.22916666666666666,185,3,366,363,1,right,left,1
images/002443.jpg,0.5104166666666666,0.5,opencv,1777621636.1554155,1,1,locked_only_right_hard,-49,-0.20416666666666666,191,9,372,363,1,right,left,1
images/002444.jpg,0.6354166666666666,0.5,opencv,1777621636.2990541,1,1,locked_only_right_hard,-61,-0.25416666666666665,179,-3,360,363,1,right,left,1
images/002445.jpg,0.5625,0.5,opencv,1777621636.4392912,1,1,locked_only_right_hard,-54,-0.225,186,4,367,363,1,right,left,1
images/002446.jpg,0.5208333333333334,0.5,opencv,1777621636.5835881,1,1,locked_only_right_hard,-50,-0.20833333333333334,190,8,371,363,1,right,left,1
images/002447.jpg,0.42708333333333337,0.5,opencv,1777621636.7275052,1,1,locked_only_right_hard,-41,-0.17083333333333334,199,17,380,363,1,right,left,2
images/002448.jpg,0.36458333333333337,0.5,opencv,1777621636.8700197,1,1,locked_only_right_hard,-35,-0.14583333333333334,205,23,386,363,1,right,left,2
images/002449.jpg,0.40625,0.5,opencv,1777621637.0135326,1,1,locked_only_right_hard,-39,-0.1625,201,19,382,363,1,right,left,2
images/002450.jpg,0.41666666666666663,0.5,opencv,1777621637.155446,1,1,locked_only_right_hard,-40,-0.16666666666666666,200,18,381,363,1,right,left,1
images/002451.jpg,0.4583333333333333,0.5,opencv,1777621637.2965083,1,1,locked_only_right_hard,-44,-0.18333333333333332,196,14,377,363,1,right,left,1
images/002452.jpg,0.59375,0.5,opencv,1777621637.4370375,1,1,locked_only_right_hard,-57,-0.2375,183,1,364,363,1,right,left,1
images/002453.jpg,0.625,0.5,opencv,1777621637.5800633,1,1,locked_only_right_hard,-60,-0.25,180,-2,361,363,1,right,left,1
images/002454.jpg,0.5104166666666666,0.5,opencv,1777621637.7236006,1,1,locked_only_right_hard,-49,-0.20416666666666666,191,9,372,363,1,right,left,1
images/002455.jpg,0.5416666666666667,0.5,opencv,1777621637.8664818,1,1,locked_only_right_hard,-52,-0.21666666666666667,188,6,369,363,1,right,left,1
images/002456.jpg,0.4583333333333333,0.5,opencv,1777621638.007697,1,1,locked_only_right_hard,-44,-0.18333333333333332,196,14,377,363,1,right,left,1
images/002457.jpg,0.40625,0.5,opencv,1777621638.1516936,1,1,locked_only_right_hard,-39,-0.1625,201,19,382,363,1,right,left,1
images/002458.jpg,0.375,0.5,opencv,1777621638.2961757,1,1,locked_both_hard,-36,-0.15,204,15,393,368,1,both,none,2
images/002459.jpg,0.28125,0.5,opencv,1777621638.440325,1,1,locked_both_hard,-27,-0.1125,213,30,397,367,1,both,none,2
images/002460.jpg,0.15625,0.5,opencv,1777621638.5833151,1,1,locked_both_hard,-15,-0.0625,225,41,409,365,1,both,none,2
images/002461.jpg,-0.010416666666666666,0.5,opencv,1777621638.7274983,1,1,locked_both_hard,1,0.004166666666666667,241,61,421,364,1,both,none,2
images/002462.jpg,-0.10416666666666666,0.5,opencv,1777621638.8709772,1,1,locked_both_hard,10,0.041666666666666664,250,72,428,361,1,both,none,2
images/002463.jpg,-0.19791666666666666,0.5,opencv,1777621639.013979,1,1,locked_both_hard,19,0.07916666666666666,259,86,433,356,1,both,none,2
images/002464.jpg,-0.17708333333333331,0.5,opencv,1777621639.1555922,1,1,locked_both_hard,17,0.07083333333333333,257,88,427,351,1,both,none,2
images/002465.jpg,-0.13541666666666669,0.5,opencv,1777621639.2985349,1,1,locked_both_hard,13,0.05416666666666667,253,79,427,348,1,both,none,2
images/002466.jpg,-0.20833333333333331,0.5,opencv,1777621639.4398541,1,1,locked_both_hard,20,0.08333333333333333,260,87,433,347,1,both,none,2
images/002467.jpg,-0.07291666666666667,0.5,opencv,1777621639.5840855,1,1,locked_both_hard,7,0.029166666666666667,247,64,431,351,1,both,none,2
images/002468.jpg,0.11458333333333333,0.5,opencv,1777621639.7268817,1,1,locked_both_hard,-11,-0.04583333333333333,229,37,421,360,1,both,none,2
images/002469.jpg,0.3229166666666667,0.5,opencv,1777621639.8705907,1,1,locked_both_hard,-31,-0.12916666666666668,209,14,405,369,1,both,none,2
images/002470.jpg,0.41666666666666663,0.5,opencv,1777621640.0134308,1,1,locked_only_right_hard,-40,-0.16666666666666666,200,13,387,374,1,right,left,1
images/002471.jpg,0.42708333333333337,0.5,opencv,1777621640.1549568,1,1,locked_only_right_hard,-41,-0.17083333333333334,199,12,386,374,1,right,left,1
images/002472.jpg,0.4479166666666667,0.5,opencv,1777621640.2981226,1,1,locked_only_right_hard,-43,-0.17916666666666667,197,10,384,374,1,right,left,1
images/002473.jpg,0.5520833333333333,0.5,opencv,1777621640.4425235,1,1,locked_only_right_hard,-53,-0.22083333333333333,187,0,374,374,1,right,left,1
images/002474.jpg,0.3958333333333333,0.5,opencv,1777621640.5858657,1,1,locked_only_right_hard,-38,-0.15833333333333333,202,15,389,374,1,right,left,1
images/002475.jpg,0.5625,0.5,opencv,1777621640.729018,1,1,locked_only_right_hard,-54,-0.225,186,-1,373,374,1,right,left,3
images/002476.jpg,1.0,0.47,opencv,1777621640.8691342,1,1,locked_only_right_hard,-110,-0.4583333333333333,130,-57,317,374,1,right,left,1
images/002477.jpg,1.0,0.47,opencv,1777621641.015811,1,1,locked_only_right_hard,-98,-0.4083333333333333,142,-45,329,374,1,right,left,1
images/002478.jpg,1.0,0.47,opencv,1777621641.1575074,1,1,locked_only_right_hard,-105,-0.4375,135,-52,322,374,1,right,left,2
images/002479.jpg,0.8541666666666667,0.47,opencv,1777621641.2996554,1,1,locked_only_right_hard,-82,-0.3416666666666667,158,-29,345,374,1,right,left,2
images/002480.jpg,0.5,0.5,opencv,1777621641.4436784,1,1,locked_only_right_hard,-48,-0.2,192,5,379,374,1,right,left,1
images/002481.jpg,0.5,0.5,opencv,1777621641.5858443,1,1,locked_only_right_hard,-48,-0.2,192,5,379,374,1,right,left,1
images/002482.jpg,0.3333333333333333,0.5,opencv,1777621641.7299106,1,1,locked_only_right_hard,-32,-0.13333333333333333,208,21,395,374,1,right,left,1
images/002483.jpg,0.35416666666666663,0.5,opencv,1777621641.8723664,1,1,locked_both_hard,-34,-0.14166666666666666,206,16,396,376,1,both,none,2
images/002484.jpg,0.3229166666666667,0.5,opencv,1777621642.013735,1,1,locked_both_hard,-31,-0.12916666666666668,209,17,402,377,1,both,none,2
images/002485.jpg,0.34375,0.5,opencv,1777621642.156876,1,1,locked_both_hard,-33,-0.1375,207,20,395,375,1,both,none,2
images/002486.jpg,0.375,0.5,opencv,1777621642.2980337,1,1,locked_both_hard,-36,-0.15,204,17,392,375,1,both,none,2
images/002487.jpg,0.34375,0.5,opencv,1777621642.441817,1,1,locked_both_hard,-33,-0.1375,207,14,401,378,1,both,none,2
images/002488.jpg,0.5625,0.5,opencv,1777621642.5837717,1,1,locked_only_right_hard,-54,-0.225,186,-3,374,377,1,right,left,1
images/002489.jpg,0.4895833333333333,0.5,opencv,1777621642.7280438,1,1,locked_both_hard,-47,-0.19583333333333333,193,12,375,370,1,both,none,2
images/002490.jpg,0.2604166666666667,0.5,opencv,1777621642.8710134,1,1,locked_both_hard,-25,-0.10416666666666667,215,16,414,374,1,both,none,3
images/002491.jpg,0.65625,0.5,opencv,1777621643.0124152,1,1,locked_both_hard,-63,-0.2625,177,19,335,349,1,both,none,2
images/002492.jpg,0.6145833333333333,0.5,opencv,1777621643.1557443,1,1,locked_both_hard,-59,-0.24583333333333332,181,22,341,338,1,both,none,2
images/002493.jpg,0.40625,0.5,opencv,1777621643.300101,1,1,locked_both_hard,-39,-0.1625,201,37,366,333,1,both,none,2
images/002494.jpg,0.11458333333333333,0.5,opencv,1777621643.4428601,1,1,locked_both_hard,-11,-0.04583333333333333,229,53,405,336,1,both,none,2
images/002495.jpg,-0.13541666666666669,0.5,opencv,1777621643.5855312,1,1,locked_both_hard,13,0.05416666666666667,253,76,430,342,1,both,none,2
images/002496.jpg,-0.28125,0.5,opencv,1777621643.7268639,1,1,locked_both_hard,27,0.1125,267,96,439,343,1,both,none,2
images/002497.jpg,-0.3125,0.5,opencv,1777621643.8706856,1,1,locked_both_hard,30,0.125,270,103,438,341,1,both,none,2
images/002498.jpg,-0.3125,0.5,opencv,1777621644.013437,1,1,locked_both_hard,30,0.125,270,103,437,338,1,both,none,2
images/002499.jpg,-0.17708333333333331,0.5,opencv,1777621644.154994,1,1,locked_both_hard,17,0.07083333333333333,257,87,428,337,1,both,none,2
images/002500.jpg,-0.041666666666666664,0.5,opencv,1777621644.2981033,1,1,locked_both_hard,4,0.016666666666666666,244,66,423,341,1,both,none,2
images/002501.jpg,0.14583333333333334,0.5,opencv,1777621644.4394553,1,1,locked_both_hard,-14,-0.058333333333333334,226,38,414,351,1,both,none,2
images/002502.jpg,0.3125,0.5,opencv,1777621644.5832982,1,1,locked_both_hard,-30,-0.125,210,21,399,360,1,both,none,3
images/002503.jpg,0.40625,0.5,opencv,1777621644.725493,1,1,locked_both_hard,-39,-0.1625,201,11,391,366,1,both,none,2
images/002504.jpg,0.3854166666666667,0.5,opencv,1777621644.8668134,1,1,locked_only_right_hard,-37,-0.15416666666666667,203,18,387,369,1,right,left,1
images/002505.jpg,0.4583333333333333,0.5,opencv,1777621645.0110817,1,1,locked_only_right_hard,-44,-0.18333333333333332,196,11,380,369,1,right,left,1
images/002506.jpg,0.36458333333333337,0.5,opencv,1777621645.1533976,1,1,locked_only_right_hard,-35,-0.14583333333333334,205,20,389,369,1,right,left,1
images/002507.jpg,0.53125,0.5,opencv,1777621645.2967067,1,1,locked_only_right_hard,-51,-0.2125,189,4,373,369,1,right,left,1
images/002508.jpg,0.6875,0.5,opencv,1777621645.4403422,1,1,locked_only_right_hard,-66,-0.275,174,-11,358,369,1,right,left,1
images/002509.jpg,0.78125,0.47,opencv,1777621645.581326,1,1,locked_only_right_hard,-75,-0.3125,165,-20,349,369,1,right,left,1
images/002510.jpg,0.6458333333333334,0.5,opencv,1777621645.7241883,1,1,locked_only_right_hard,-62,-0.25833333333333336,178,-7,362,369,1,right,left,2
images/002511.jpg,0.4791666666666667,0.5,opencv,1777621645.8667474,1,1,locked_only_right_hard,-46,-0.19166666666666668,194,9,378,369,1,right,left,2
images/002512.jpg,0.3854166666666667,0.5,opencv,1777621646.0089695,1,1,locked_only_right_hard,-37,-0.15416666666666667,203,18,387,369,1,right,left,1
images/002513.jpg,0.34375,0.5,opencv,1777621646.1533346,1,1,locked_only_right_hard,-33,-0.1375,207,22,391,369,1,right,left,1
images/002514.jpg,0.3229166666666667,0.5,opencv,1777621646.2943444,1,1,locked_only_right_hard,-31,-0.12916666666666668,209,24,393,369,1,right,left,1
images/002515.jpg,0.41666666666666663,0.5,opencv,1777621646.4377995,1,1,locked_only_right_hard,-40,-0.16666666666666666,200,15,384,369,1,right,left,1
images/002516.jpg,0.5416666666666667,0.5,opencv,1777621646.5805743,1,1,locked_only_right_hard,-52,-0.21666666666666667,188,3,372,369,1,right,left,1
images/002517.jpg,0.6666666666666666,0.5,opencv,1777621646.7251322,1,1,locked_only_right_hard,-64,-0.26666666666666666,176,-9,360,369,1,right,left,1
images/002518.jpg,0.78125,0.47,opencv,1777621646.868416,1,1,locked_only_right_hard,-75,-0.3125,165,-20,349,369,1,right,left,1
images/002519.jpg,0.5729166666666666,0.5,opencv,1777621647.0099113,1,1,locked_only_right_hard,-55,-0.22916666666666666,185,0,369,369,1,right,left,1
images/002520.jpg,0.40625,0.5,opencv,1777621647.1534538,1,1,locked_both_hard,-39,-0.1625,201,15,387,369,1,both,none,2
images/002521.jpg,0.2604166666666667,0.5,opencv,1777621647.2970283,1,1,locked_both_hard,-25,-0.10416666666666667,215,26,404,372,1,both,none,2
images/002522.jpg,0.125,0.5,opencv,1777621647.4389875,1,1,locked_both_hard,-12,-0.05,228,45,411,369,1,both,none,2
images/002523.jpg,0.07291666666666667,0.5,opencv,1777621647.5851061,1,1,locked_both_hard,-7,-0.029166666666666667,233,50,416,367,1,both,none,2
images/002524.jpg,-0.010416666666666666,0.5,opencv,1777621647.7262619,1,1,locked_both_hard,1,0.004166666666666667,241,59,424,365,1,both,none,2
images/002525.jpg,-0.0625,0.5,opencv,1777621647.869546,1,1,locked_both_hard,6,0.025,246,68,424,361,1,both,none,2
images/002526.jpg,-0.10416666666666666,0.5,opencv,1777621648.0106745,1,1,locked_both_hard,10,0.041666666666666664,250,72,429,358,1,both,none,2
images/002527.jpg,-0.05208333333333333,0.5,opencv,1777621648.1540859,1,1,locked_both_hard,5,0.020833333333333332,245,70,421,356,1,both,none,2
images/002528.jpg,-0.03125,0.5,opencv,1777621648.2973793,1,1,locked_both_hard,3,0.0125,243,67,419,353,1,both,none,2
images/002529.jpg,-0.1875,0.5,opencv,1777621648.4389215,1,1,locked_both_hard,18,0.075,258,86,430,351,1,both,none,2
images/002530.jpg,-0.09375,0.5,opencv,1777621648.5825016,1,1,locked_both_hard,9,0.0375,249,70,429,353,1,both,none,2
images/002531.jpg,0.0625,0.5,opencv,1777621648.7250843,1,1,locked_both_hard,-6,-0.025,234,44,425,361,1,both,none,2
images/002532.jpg,0.28125,0.5,opencv,1777621648.8693385,1,1,locked_both_hard,-27,-0.1125,213,19,408,369,1,both,none,2
images/002533.jpg,0.35416666666666663,0.5,opencv,1777621649.012079,1,1,locked_only_right_hard,-34,-0.14166666666666666,206,19,392,373,1,right,left,1
images/002534.jpg,0.41666666666666663,0.5,opencv,1777621649.1535327,1,1,locked_only_right_hard,-40,-0.16666666666666666,200,13,386,373,1,right,left,1
images/002535.jpg,0.4479166666666667,0.5,opencv,1777621649.2967894,1,1,locked_only_right_hard,-43,-0.17916666666666667,197,10,383,373,1,right,left,1
images/002536.jpg,0.5208333333333334,0.5,opencv,1777621649.4376235,1,1,locked_only_right_hard,-50,-0.20833333333333334,190,3,376,373,1,right,left,1
images/002537.jpg,0.5,0.5,opencv,1777621649.5817378,1,1,locked_only_right_hard,-48,-0.2,192,5,378,373,1,right,left,1
images/002538.jpg,0.17708333333333331,0.5,opencv,1777621649.725362,1,1,locked_only_right_hard,-17,-0.07083333333333333,223,36,409,373,1,right,left,2
images/002539.jpg,-0.020833333333333332,0.5,opencv,1777621649.867109,1,1,locked_only_right_hard,2,0.008333333333333333,242,55,428,373,1,right,left,2
images/002540.jpg,1.0,0.47,opencv,1777621650.0124598,1,1,locked_only_right_hard,-126,-0.525,114,-73,300,373,1,right,left,2
images/002541.jpg,1.0,0.45,opencv,1777621650.155621,1,1,locked_only_right_hard,-150,-0.625,90,-97,276,373,1,right,left,1
images/002542.jpg,1.0,0.45,opencv,1777621650.297437,1,1,locked_only_right_hard,-160,-0.6666666666666666,80,-107,266,373,1,right,left,1
images/002543.jpg,1.0,0.45,opencv,1777621650.4407132,1,1,locked_only_right_hard,-148,-0.6166666666666667,92,-95,278,373,1,right,left,2
images/002544.jpg,1.0,0.47,opencv,1777621650.5819073,1,1,locked_only_right_hard,-121,-0.5041666666666667,119,-68,305,373,1,right,left,1
images/002545.jpg,1.0,0.47,opencv,1777621650.725387,1,1,locked_only_right_hard,-101,-0.42083333333333334,139,-48,325,373,1,right,left,1
images/002546.jpg,0.875,0.47,opencv,1777621650.8678918,1,1,locked_only_right_hard,-84,-0.35,156,-31,342,373,1,right,left,1
images/002547.jpg,0.625,0.5,opencv,1777621651.0098977,1,1,locked_only_right_hard,-60,-0.25,180,-7,366,373,1,right,left,1
images/002548.jpg,0.4895833333333333,0.5,opencv,1777621651.1504602,1,1,locked_only_right_hard,-47,-0.19583333333333333,193,6,379,373,1,right,left,1
images/002549.jpg,0.2916666666666667,0.5,opencv,1777621651.2920642,1,1,locked_both_hard,-28,-0.11666666666666667,212,28,397,370,1,both,none,2
images/002550.jpg,0.20833333333333331,0.5,opencv,1777621651.433732,1,1,locked_both_hard,-20,-0.08333333333333333,220,33,408,371,1,both,none,2
images/002551.jpg,0.16666666666666666,0.5,opencv,1777621651.5752573,1,1,locked_both_hard,-16,-0.06666666666666667,224,31,417,375,1,both,none,2
images/002552.jpg,0.21875,0.5,opencv,1777621651.7163992,1,1,locked_both_hard,-21,-0.0875,219,29,409,376,1,both,none,2
images/002553.jpg,0.28125,0.5,opencv,1777621651.8592877,1,1,locked_both_hard,-27,-0.1125,213,28,398,374,1,both,none,2
images/002554.jpg,0.23958333333333334,0.5,opencv,1777621652.002378,1,1,locked_both_hard,-23,-0.09583333333333334,217,22,413,379,1,both,none,2
images/002555.jpg,0.65625,0.5,opencv,1777621652.1442034,1,1,locked_both_hard,-63,-0.2625,177,23,332,370,1,both,none,2
images/002556.jpg,0.5520833333333333,0.5,opencv,1777621652.2881746,1,1,locked_both_hard,-53,-0.22083333333333333,187,21,353,356,1,both,none,2
images/002557.jpg,0.6041666666666666,0.5,opencv,1777621652.4321854,1,1,locked_both_hard,-58,-0.24166666666666667,182,23,341,342,1,both,none,2
images/002558.jpg,0.41666666666666663,0.5,opencv,1777621652.5738027,1,1,locked_both_hard,-40,-0.16666666666666666,200,37,364,334,1,both,none,2
images/002559.jpg,-0.0,0.5,opencv,1777621652.718473,1,1,locked_both_hard,0,0.0,240,61,419,340,1,both,none,2
images/002560.jpg,-0.23958333333333334,0.5,opencv,1777621652.8594909,1,1,locked_both_hard,23,0.09583333333333334,263,88,439,345,1,both,none,2
images/002561.jpg,-0.3958333333333333,0.5,opencv,1777621653.0047693,1,1,locked_both_hard,38,0.15833333333333333,278,111,445,342,1,both,none,2
images/002562.jpg,-0.3958333333333333,0.5,opencv,1777621653.1460361,1,1,locked_both_hard,38,0.15833333333333333,278,116,440,336,1,both,none,2
images/002563.jpg,-0.2916666666666667,0.5,opencv,1777621653.291509,1,1,locked_both_hard,28,0.11666666666666667,268,101,435,334,1,both,none,2
images/002564.jpg,-0.09375,0.5,opencv,1777621653.4338965,1,1,locked_both_hard,9,0.0375,249,75,423,337,1,both,none,2
images/002565.jpg,0.10416666666666666,0.5,opencv,1777621653.5775492,1,1,locked_both_hard,-10,-0.041666666666666664,230,45,415,346,1,both,none,2
images/002566.jpg,0.27083333333333337,0.5,opencv,1777621653.7205775,1,1,locked_both_hard,-26,-0.10833333333333334,214,25,404,357,1,both,none,2
images/002567.jpg,0.42708333333333337,0.5,opencv,1777621653.8604581,1,1,locked_both_hard,-41,-0.17083333333333334,199,12,387,363,1,both,none,3
images/002568.jpg,0.36458333333333337,0.5,opencv,1777621654.0067134,1,1,locked_only_right_hard,-35,-0.14583333333333334,205,22,388,366,1,right,left,1
images/002569.jpg,0.4479166666666667,0.5,opencv,1777621654.149423,1,1,locked_only_right_hard,-43,-0.17916666666666667,197,14,380,366,1,right,left,1
images/002570.jpg,0.36458333333333337,0.5,opencv,1777621654.2906377,1,1,locked_only_right_hard,-35,-0.14583333333333334,205,22,388,366,1,right,left,1
images/002571.jpg,0.5208333333333334,0.5,opencv,1777621654.434033,1,1,locked_only_right_hard,-50,-0.20833333333333334,190,7,373,366,1,right,left,1
images/002572.jpg,0.6354166666666666,0.5,opencv,1777621654.5770092,1,1,locked_only_right_hard,-61,-0.25416666666666665,179,-4,362,366,1,right,left,1
images/002573.jpg,0.7708333333333334,0.47,opencv,1777621654.7198818,1,1,locked_only_right_hard,-74,-0.30833333333333335,166,-17,349,366,1,right,left,1
images/002574.jpg,0.6875,0.5,opencv,1777621654.862626,1,1,locked_only_right_hard,-66,-0.275,174,-9,357,366,1,right,left,2
images/002575.jpg,0.5,0.5,opencv,1777621655.0037472,1,1,locked_only_right_hard,-48,-0.2,192,9,375,366,1,right,left,2
images/002576.jpg,0.35416666666666663,0.5,opencv,1777621655.147637,1,1,locked_only_right_hard,-34,-0.14166666666666666,206,23,389,366,1,right,left,2
images/002577.jpg,0.3333333333333333,0.5,opencv,1777621655.289595,1,1,locked_only_right_hard,-32,-0.13333333333333333,208,25,391,366,1,right,left,1
images/002578.jpg,0.3020833333333333,0.5,opencv,1777621655.4306183,1,1,locked_only_right_hard,-29,-0.12083333333333333,211,28,394,366,1,right,left,1
images/002579.jpg,0.3958333333333333,0.5,opencv,1777621655.574569,1,1,locked_only_right_hard,-38,-0.15833333333333333,202,19,385,366,1,right,left,1
images/002580.jpg,0.5208333333333334,0.5,opencv,1777621655.7172108,1,1,locked_only_right_hard,-50,-0.20833333333333334,190,7,373,366,1,right,left,1
images/002581.jpg,0.6666666666666666,0.5,opencv,1777621655.8607242,1,1,locked_only_right_hard,-64,-0.26666666666666666,176,-7,359,366,1,right,left,1
images/002582.jpg,0.7083333333333333,0.5,opencv,1777621656.0029817,1,1,locked_only_right_hard,-68,-0.2833333333333333,172,-11,355,366,1,right,left,1
images/002583.jpg,0.6145833333333333,0.5,opencv,1777621656.144193,1,1,locked_only_right_hard,-59,-0.24583333333333332,181,-2,364,366,1,right,left,1
images/002584.jpg,0.41666666666666663,0.5,opencv,1777621656.2887201,1,1,locked_only_right_hard,-40,-0.16666666666666666,200,17,383,366,1,right,left,1
images/002585.jpg,0.2604166666666667,0.5,opencv,1777621656.430875,1,1,locked_both_hard,-25,-0.10416666666666667,215,25,405,370,1,both,none,2
images/002586.jpg,0.2604166666666667,0.5,opencv,1777621656.5716698,1,1,locked_both_hard,-25,-0.10416666666666667,215,25,406,373,1,both,none,3
images/002587.jpg,0.13541666666666669,0.5,opencv,1777621656.714418,1,1,locked_both_hard,-13,-0.05416666666666667,227,43,411,371,1,both,none,2
images/002588.jpg,0.020833333333333332,0.5,opencv,1777621656.8560348,1,1,locked_both_hard,-2,-0.008333333333333333,238,55,421,368,1,both,none,2
images/002589.jpg,-0.09375,0.5,opencv,1777621657.0001175,1,1,locked_both_hard,9,0.0375,249,72,427,366,1,both,none,2
images/002590.jpg,-0.16666666666666666,0.5,opencv,1777621657.1440446,1,1,locked_both_hard,16,0.06666666666666667,256,83,429,359,1,both,none,2
images/002591.jpg,-0.14583333333333334,0.5,opencv,1777621657.2869813,1,1,locked_both_hard,14,0.058333333333333334,254,79,430,355,1,both,none,2
images/002592.jpg,-0.0625,0.5,opencv,1777621657.43167,1,1,locked_both_hard,6,0.025,246,73,419,351,1,both,none,2
images/002593.jpg,-0.11458333333333333,0.5,opencv,1777621657.573788,1,1,locked_both_hard,11,0.04583333333333333,251,76,426,350,1,both,none,2
images/002594.jpg,-0.13541666666666669,0.5,opencv,1777621657.7171504,1,1,locked_both_hard,13,0.05416666666666667,253,73,433,351,1,both,none,2
images/002595.jpg,0.07291666666666667,0.5,opencv,1777621657.8589492,1,1,locked_both_hard,-7,-0.029166666666666667,233,42,425,359,1,both,none,2
images/002596.jpg,0.2604166666666667,0.5,opencv,1777621658.0024712,1,1,locked_both_hard,-25,-0.10416666666666667,215,24,407,367,1,both,none,2
images/002597.jpg,0.28125,0.5,opencv,1777621658.1441615,1,1,locked_only_right_hard,-27,-0.1125,213,27,398,371,1,right,left,1
images/002598.jpg,0.3958333333333333,0.5,opencv,1777621658.2848349,1,1,locked_only_right_hard,-38,-0.15833333333333333,202,16,387,371,1,right,left,1
images/002599.jpg,0.4583333333333333,0.5,opencv,1777621658.427888,1,1,locked_only_right_hard,-44,-0.18333333333333332,196,10,381,371,1,right,left,1
images/002600.jpg,0.5104166666666666,0.5,opencv,1777621658.568289,1,1,locked_only_right_hard,-49,-0.20416666666666666,191,5,376,371,1,right,left,1
images/002601.jpg,0.6979166666666667,0.5,opencv,1777621658.7119138,1,1,locked_only_right_hard,-67,-0.2791666666666667,173,-13,358,371,1,right,left,1
images/002602.jpg,0.375,0.5,opencv,1777621658.8548493,1,1,locked_only_right_hard,-36,-0.15,204,18,389,371,1,right,left,1
images/002603.jpg,0.16666666666666666,0.5,opencv,1777621658.997783,1,1,locked_only_right_hard,-16,-0.06666666666666667,224,38,409,371,1,right,left,2
images/002604.jpg,1.0,0.47,opencv,1777621659.141808,1,1,locked_only_right_hard,-118,-0.49166666666666664,122,-64,307,371,1,right,left,1
images/002605.jpg,1.0,0.47,opencv,1777621659.2830987,1,1,locked_only_right_hard,-118,-0.49166666666666664,122,-64,307,371,1,right,left,1
images/002606.jpg,1.0,0.47,opencv,1777621659.4271688,1,1,locked_only_right_hard,-116,-0.48333333333333334,124,-62,309,371,1,right,left,1
images/002607.jpg,0.96875,0.47,opencv,1777621659.5699272,1,1,locked_only_right_hard,-93,-0.3875,147,-39,332,371,1,right,left,1
images/002608.jpg,0.7604166666666666,0.47,opencv,1777621659.710759,1,1,locked_only_right_hard,-73,-0.30416666666666664,167,-19,352,371,1,right,left,1
images/002609.jpg,0.625,0.5,opencv,1777621659.8549426,1,1,locked_only_right_hard,-60,-0.25,180,-6,365,371,1,right,left,1
images/002610.jpg,0.36458333333333337,0.5,opencv,1777621659.996716,1,1,locked_only_right_hard,-35,-0.14583333333333334,205,19,390,371,1,right,left,1
images/002611.jpg,0.3333333333333333,0.5,opencv,1777621660.138342,1,1,locked_both_hard,-32,-0.13333333333333333,208,21,396,371,1,both,none,2
images/002612.jpg,0.2604166666666667,0.5,opencv,1777621660.28302,1,1,locked_both_hard,-25,-0.10416666666666667,215,22,409,375,1,both,none,2
images/002613.jpg,0.2916666666666667,0.5,opencv,1777621660.425002,1,1,locked_both_hard,-28,-0.11666666666666667,212,25,399,374,1,both,none,2
images/002614.jpg,0.3020833333333333,0.5,opencv,1777621660.570897,1,1,locked_both_hard,-29,-0.12083333333333333,211,21,402,375,1,both,none,2
images/002615.jpg,0.3333333333333333,0.5,opencv,1777621660.7140312,1,1,locked_both_hard,-32,-0.13333333333333333,208,19,398,377,1,both,none,2
images/002616.jpg,0.40625,0.5,opencv,1777621660.857025,1,1,locked_both_hard,-39,-0.1625,201,18,384,374,1,both,none,2
images/002617.jpg,0.40625,0.5,opencv,1777621661.0003548,1,1,locked_both_hard,-39,-0.1625,201,18,385,370,1,both,none,2
images/002618.jpg,0.21875,0.5,opencv,1777621661.1416774,1,1,locked_both_hard,-21,-0.0875,219,18,420,378,1,both,none,2
images/002619.jpg,0.53125,0.5,opencv,1777621661.2853966,1,1,locked_both_hard,-51,-0.2125,189,25,354,357,1,both,none,2
images/002620.jpg,0.5416666666666667,0.5,opencv,1777621661.426834,1,1,locked_both_hard,-52,-0.21666666666666667,188,24,353,347,1,both,none,2
images/002621.jpg,0.4375,0.5,opencv,1777621661.570463,1,1,locked_both_hard,-42,-0.175,198,34,363,341,1,both,none,2
images/002622.jpg,0.19791666666666666,0.5,opencv,1777621661.7126188,1,1,locked_both_hard,-19,-0.07916666666666666,221,49,394,341,1,both,none,2
images/002623.jpg,-0.020833333333333332,0.5,opencv,1777621661.855154,1,1,locked_both_hard,2,0.008333333333333333,242,62,423,347,1,both,none,2
images/002624.jpg,-0.23958333333333334,0.5,opencv,1777621662.0020924,1,1,locked_both_hard,23,0.09583333333333334,263,89,438,349,1,both,none,2
images/002625.jpg,-0.28125,0.5,opencv,1777621662.145078,1,1,locked_both_hard,27,0.1125,267,98,437,347,1,both,none,2
images/002626.jpg,-0.28125,0.5,opencv,1777621662.290044,1,1,locked_both_hard,27,0.1125,267,98,436,343,1,both,none,2
images/002627.jpg,-0.14583333333333334,0.5,opencv,1777621662.4330173,1,1,locked_both_hard,14,0.058333333333333334,254,83,426,341,1,both,none,2
images/002628.jpg,-0.041666666666666664,0.5,opencv,1777621662.574593,1,1,locked_both_hard,4,0.016666666666666666,244,66,422,344,1,both,none,2
images/002629.jpg,0.10416666666666666,0.5,opencv,1777621662.7178848,1,1,locked_both_hard,-10,-0.041666666666666664,230,42,418,352,1,both,none,2
images/002630.jpg,0.27083333333333337,0.5,opencv,1777621662.8593755,1,1,locked_both_hard,-26,-0.10833333333333334,214,25,403,361,1,both,none,3
images/002631.jpg,0.3854166666666667,0.5,opencv,1777621663.0037456,1,1,locked_both_hard,-37,-0.15416666666666667,203,12,395,367,1,both,none,2
images/002632.jpg,0.36458333333333337,0.5,opencv,1777621663.1460655,1,1,locked_only_right_hard,-35,-0.14583333333333334,205,20,390,370,1,right,left,1
images/002633.jpg,0.46875,0.5,opencv,1777621663.2872393,1,1,locked_only_right_hard,-45,-0.1875,195,10,380,370,1,right,left,1
images/002634.jpg,0.375,0.5,opencv,1777621663.4304783,1,1,locked_only_right_hard,-36,-0.15,204,19,389,370,1,right,left,1
images/002635.jpg,0.59375,0.5,opencv,1777621663.5743964,1,1,locked_only_right_hard,-57,-0.2375,183,-2,368,370,1,right,left,1
images/002636.jpg,0.7395833333333334,0.5,opencv,1777621663.7165828,1,1,locked_only_right_hard,-71,-0.29583333333333334,169,-16,354,370,1,right,left,1
images/002637.jpg,0.84375,0.47,opencv,1777621663.8590813,1,1,locked_only_right_hard,-81,-0.3375,159,-26,344,370,1,right,left,2
images/002638.jpg,0.6458333333333334,0.5,opencv,1777621663.999532,1,1,locked_only_right_hard,-62,-0.25833333333333336,178,-7,363,370,1,right,left,2
images/002639.jpg,0.46875,0.5,opencv,1777621664.1432612,1,1,locked_only_right_hard,-45,-0.1875,195,10,380,370,1,right,left,2
images/002640.jpg,0.42708333333333337,0.5,opencv,1777621664.2857354,1,1,locked_only_right_hard,-41,-0.17083333333333334,199,14,384,370,1,right,left,2
images/002641.jpg,0.36458333333333337,0.5,opencv,1777621664.427072,1,1,locked_only_right_hard,-35,-0.14583333333333334,205,20,390,370,1,right,left,1
images/002642.jpg,0.3229166666666667,0.5,opencv,1777621664.5701325,1,1,locked_only_right_hard,-31,-0.12916666666666668,209,24,394,370,1,right,left,1
images/002643.jpg,0.3958333333333333,0.5,opencv,1777621664.7130163,1,1,locked_only_right_hard,-38,-0.15833333333333333,202,17,387,370,1,right,left,1
images/002644.jpg,0.4583333333333333,0.5,opencv,1777621664.8550403,1,1,locked_only_right_hard,-44,-0.18333333333333332,196,11,381,370,1,right,left,1
images/002645.jpg,0.6458333333333334,0.5,opencv,1777621664.998289,1,1,locked_only_right_hard,-62,-0.25833333333333336,178,-7,363,370,1,right,left,1
images/002646.jpg,0.8229166666666666,0.47,opencv,1777621665.1404123,1,1,locked_only_right_hard,-79,-0.32916666666666666,161,-24,346,370,1,right,left,1
images/002647.jpg,0.6354166666666666,0.5,opencv,1777621665.285189,1,1,locked_only_right_hard,-61,-0.25416666666666665,179,-6,364,370,1,right,left,1
images/002648.jpg,0.4895833333333333,0.5,opencv,1777621665.4309602,1,1,locked_only_right_hard,-47,-0.19583333333333333,193,8,378,370,1,right,left,1
images/002649.jpg,0.2916666666666667,0.5,opencv,1777621665.5724163,1,1,locked_both_hard,-28,-0.11666666666666667,212,22,402,372,1,both,none,2
images/002650.jpg,0.17708333333333331,0.5,opencv,1777621665.7174122,1,1,locked_both_hard,-17,-0.07083333333333333,223,40,406,372,1,both,none,2
images/002651.jpg,0.07291666666666667,0.5,opencv,1777621665.859668,1,1,locked_both_hard,-7,-0.029166666666666667,233,55,412,368,1,both,none,2
images/002652.jpg,-0.0,0.5,opencv,1777621666.0033565,1,1,locked_both_hard,0,0.0,240,56,424,367,1,both,none,2
images/002653.jpg,-0.10416666666666666,0.5,opencv,1777621666.144646,1,1,locked_both_hard,10,0.041666666666666664,250,74,427,361,1,both,none,2
images/002654.jpg,-0.19791666666666666,0.5,opencv,1777621666.2887135,1,1,locked_both_hard,19,0.07916666666666666,259,85,433,356,1,both,none,2
images/002655.jpg,-0.07291666666666667,0.5,opencv,1777621666.4319067,1,1,locked_both_hard,7,0.029166666666666667,247,70,425,354,1,both,none,2
images/002656.jpg,-0.07291666666666667,0.5,opencv,1777621666.5733473,1,1,locked_both_hard,7,0.029166666666666667,247,74,420,350,1,both,none,2
images/002657.jpg,-0.1875,0.5,opencv,1777621666.7171247,1,1,locked_both_hard,18,0.075,258,85,431,349,1,both,none,2
images/002658.jpg,-0.15625,0.5,opencv,1777621666.85945,1,1,locked_both_hard,15,0.0625,255,76,435,350,1,both,none,2
images/002659.jpg,0.03125,0.5,opencv,1777621667.0027995,1,1,locked_both_hard,-3,-0.0125,237,47,427,358,1,both,none,2
images/002660.jpg,0.23958333333333334,0.5,opencv,1777621667.1440313,1,1,locked_both_hard,-23,-0.09583333333333334,217,23,411,368,1,both,none,2
images/002661.jpg,0.34375,0.5,opencv,1777621667.2839637,1,1,locked_only_right_hard,-33,-0.1375,207,21,393,372,1,right,left,1
images/002662.jpg,0.41666666666666663,0.5,opencv,1777621667.4278178,1,1,locked_only_right_hard,-40,-0.16666666666666666,200,14,386,372,1,right,left,1
images/002663.jpg,0.4583333333333333,0.5,opencv,1777621667.5699599,1,1,locked_only_right_hard,-44,-0.18333333333333332,196,10,382,372,1,right,left,1
images/002664.jpg,0.5104166666666666,0.5,opencv,1777621667.7118526,1,1,locked_only_right_hard,-49,-0.20416666666666666,191,5,377,372,1,right,left,1
images/002665.jpg,0.5625,0.5,opencv,1777621667.8539715,1,1,locked_only_right_hard,-54,-0.225,186,0,372,372,1,right,left,1
images/002666.jpg,0.22916666666666666,0.5,opencv,1777621667.9953952,1,1,locked_only_right_hard,-22,-0.09166666666666666,218,32,404,372,1,right,left,2
images/002667.jpg,1.0,0.47,opencv,1777621668.1394885,1,1,locked_only_right_hard,-129,-0.5375,111,-75,297,372,1,right,left,1
images/002668.jpg,1.0,0.45,opencv,1777621668.2833712,1,1,locked_only_right_hard,-140,-0.5833333333333334,100,-86,286,372,1,right,left,2
images/002669.jpg,1.0,0.47,opencv,1777621668.424896,1,1,locked_only_right_hard,-122,-0.5083333333333333,118,-68,304,372,1,right,left,1
images/002670.jpg,1.0,0.47,opencv,1777621668.5677986,1,1,locked_only_right_hard,-118,-0.49166666666666664,122,-64,308,372,1,right,left,1
images/002671.jpg,1.0,0.47,opencv,1777621668.7104332,1,1,locked_only_right_hard,-97,-0.4041666666666667,143,-43,329,372,1,right,left,1
images/002672.jpg,0.875,0.47,opencv,1777621668.8539102,1,1,locked_only_right_hard,-84,-0.35,156,-30,342,372,1,right,left,1
images/002673.jpg,0.71875,0.5,opencv,1777621668.9956405,1,1,locked_only_right_hard,-69,-0.2875,171,-15,357,372,1,right,left,1
images/002674.jpg,0.5,0.5,opencv,1777621669.1386654,1,1,locked_only_right_hard,-48,-0.2,192,6,378,372,1,right,left,1
images/002675.jpg,0.3958333333333333,0.5,opencv,1777621669.286489,1,1,locked_both_hard,-38,-0.15833333333333333,202,17,387,371,1,both,none,2
images/002676.jpg,0.27083333333333337,0.5,opencv,1777621669.430391,1,1,locked_both_hard,-26,-0.10833333333333334,214,21,407,375,1,both,none,2
images/002677.jpg,0.2916666666666667,0.5,opencv,1777621669.571711,1,1,locked_both_hard,-28,-0.11666666666666667,212,26,399,373,1,both,none,2
images/002678.jpg,0.2916666666666667,0.5,opencv,1777621669.7149913,1,1,locked_both_hard,-28,-0.11666666666666667,212,23,401,374,1,both,none,2
images/002679.jpg,0.27083333333333337,0.5,opencv,1777621669.8567576,1,1,locked_both_hard,-26,-0.10833333333333334,214,21,408,378,1,both,none,2
images/002680.jpg,0.3854166666666667,0.5,opencv,1777621670.0006757,1,1,locked_both_hard,-37,-0.15416666666666667,203,20,386,376,1,both,none,2
images/002681.jpg,0.375,0.5,opencv,1777621670.1431391,1,1,locked_both_hard,-36,-0.15,204,21,388,371,1,both,none,2
images/002682.jpg,0.21875,0.5,opencv,1777621670.2851293,1,1,locked_both_hard,-21,-0.0875,219,20,418,378,1,both,none,2
images/002683.jpg,0.5833333333333334,0.5,opencv,1777621670.428339,1,1,locked_both_hard,-56,-0.23333333333333334,184,24,345,356,1,both,none,2
images/002684.jpg,0.5416666666666667,0.5,opencv,1777621670.5710433,1,1,locked_both_hard,-52,-0.21666666666666667,188,23,353,347,1,both,none,2
images/002685.jpg,0.375,0.5,opencv,1777621670.716007,1,1,locked_both_hard,-36,-0.15,204,39,369,341,1,both,none,2
images/002686.jpg,0.10416666666666666,0.5,opencv,1777621670.8605032,1,1,locked_both_hard,-10,-0.041666666666666664,230,53,407,342,1,both,none,2
images/002687.jpg,-0.08333333333333333,0.5,opencv,1777621671.0026157,1,1,locked_both_hard,8,0.03333333333333333,248,67,430,348,1,both,none,2
images/002688.jpg,-0.20833333333333331,0.5,opencv,1777621671.1474361,1,1,locked_both_hard,20,0.08333333333333333,260,85,436,350,1,both,none,2
images/002689.jpg,-0.21875,0.5,opencv,1777621671.2890732,1,1,locked_both_hard,21,0.0875,261,88,434,349,1,both,none,2
images/002690.jpg,-0.22916666666666666,0.5,opencv,1777621671.433203,1,1,locked_both_hard,22,0.09166666666666666,262,90,434,347,1,both,none,2
images/002691.jpg,-0.09375,0.5,opencv,1777621671.5757384,1,1,locked_both_hard,9,0.0375,249,76,423,345,1,both,none,2
images/002692.jpg,-0.010416666666666666,0.5,opencv,1777621671.7188368,1,1,locked_both_hard,1,0.004166666666666667,241,61,421,348,1,both,none,2
images/002693.jpg,0.13541666666666669,0.5,opencv,1777621671.8634667,1,1,locked_both_hard,-13,-0.05416666666666667,227,39,416,356,1,both,none,2
images/002694.jpg,0.27083333333333337,0.5,opencv,1777621672.0056922,1,1,locked_both_hard,-26,-0.10833333333333334,214,25,403,363,1,both,none,3
images/002695.jpg,0.3854166666666667,0.5,opencv,1777621672.15462,1,1,locked_both_hard,-37,-0.15416666666666667,203,12,395,368,1,both,none,2
images/002696.jpg,0.35416666666666663,0.5,opencv,1777621672.2963336,1,1,locked_only_right_hard,-34,-0.14166666666666666,206,20,391,371,1,right,left,1
images/002697.jpg,0.42708333333333337,0.5,opencv,1777621672.4385846,1,1,locked_only_right_hard,-41,-0.17083333333333334,199,13,384,371,1,right,left,1
images/002698.jpg,0.40625,0.5,opencv,1777621672.581022,1,1,locked_only_right_hard,-39,-0.1625,201,15,386,371,1,right,left,1
images/002699.jpg,0.5833333333333334,0.5,opencv,1777621672.7223392,1,1,locked_only_right_hard,-56,-0.23333333333333334,184,-2,369,371,1,right,left,1
images/002700.jpg,0.8333333333333333,0.47,opencv,1777621672.8696284,1,1,locked_only_right_hard,-80,-0.3333333333333333,160,-26,345,371,1,right,left,1
images/002701.jpg,0.8229166666666666,0.47,opencv,1777621673.0146217,1,1,locked_only_right_hard,-79,-0.32916666666666666,161,-25,346,371,1,right,left,2
images/002702.jpg,0.6458333333333334,0.5,opencv,1777621673.1564088,1,1,locked_only_right_hard,-62,-0.25833333333333336,178,-8,363,371,1,right,left,2
images/002703.jpg,0.4479166666666667,0.5,opencv,1777621673.3007362,1,1,locked_only_right_hard,-43,-0.17916666666666667,197,11,382,371,1,right,left,2
images/002704.jpg,0.34375,0.5,opencv,1777621673.4431958,1,1,locked_only_right_hard,-33,-0.1375,207,21,392,371,1,right,left,1
images/002705.jpg,0.3333333333333333,0.5,opencv,1777621673.5863638,1,1,locked_only_right_hard,-32,-0.13333333333333333,208,22,393,371,1,right,left,1
images/002706.jpg,0.3333333333333333,0.5,opencv,1777621673.7263842,1,1,locked_only_right_hard,-32,-0.13333333333333333,208,22,393,371,1,right,left,1
images/002707.jpg,0.4375,0.5,opencv,1777621673.8672495,1,1,locked_only_right_hard,-42,-0.175,198,12,383,371,1,right,left,1
images/002708.jpg,0.6041666666666666,0.5,opencv,1777621674.0104723,1,1,locked_only_right_hard,-58,-0.24166666666666667,182,-4,367,371,1,right,left,1
images/002709.jpg,0.7395833333333334,0.5,opencv,1777621674.1510751,1,1,locked_only_right_hard,-71,-0.29583333333333334,169,-17,354,371,1,right,left,1
images/002710.jpg,0.8125,0.47,opencv,1777621674.2950883,1,1,locked_only_right_hard,-78,-0.325,162,-24,347,371,1,right,left,1
images/002711.jpg,0.5833333333333334,0.5,opencv,1777621674.4368262,1,1,locked_only_right_hard,-56,-0.23333333333333334,184,-2,369,371,1,right,left,1
images/002712.jpg,0.34375,0.5,opencv,1777621674.579011,1,1,locked_both_hard,-33,-0.1375,207,20,395,371,1,both,none,2
images/002713.jpg,0.2604166666666667,0.5,opencv,1777621674.7222915,1,1,locked_both_hard,-25,-0.10416666666666667,215,24,406,374,1,both,none,2
images/002714.jpg,0.13541666666666669,0.5,opencv,1777621674.8635094,1,1,locked_both_hard,-13,-0.05416666666666667,227,43,412,373,1,both,none,2
images/002715.jpg,0.05208333333333333,0.5,opencv,1777621675.0069783,1,1,locked_both_hard,-5,-0.020833333333333332,235,54,416,370,1,both,none,2
images/002716.jpg,0.03125,0.5,opencv,1777621675.149315,1,1,locked_both_hard,-3,-0.0125,237,50,425,370,1,both,none,2
images/002717.jpg,-0.09375,0.5,opencv,1777621675.2906322,1,1,locked_both_hard,9,0.0375,249,72,427,364,1,both,none,2
images/002718.jpg,-0.1875,0.5,opencv,1777621675.4334767,1,1,locked_both_hard,18,0.075,258,84,433,358,1,both,none,2
images/002719.jpg,-0.09375,0.5,opencv,1777621675.5758684,1,1,locked_both_hard,9,0.0375,249,75,423,355,1,both,none,2
images/002720.jpg,-0.010416666666666666,0.5,opencv,1777621675.7196457,1,1,locked_both_hard,1,0.004166666666666667,241,65,417,352,1,both,none,2
images/002721.jpg,-0.13541666666666669,0.5,opencv,1777621675.8628159,1,1,locked_both_hard,13,0.05416666666666667,253,79,427,352,1,both,none,2
images/002722.jpg,-0.09375,0.5,opencv,1777621676.004382,1,1,locked_both_hard,9,0.0375,249,69,430,354,1,both,none,2
images/002723.jpg,0.0625,0.5,opencv,1777621676.1476142,1,1,locked_both_hard,-6,-0.025,234,43,426,362,1,both,none,2
images/002724.jpg,0.25,0.5,opencv,1777621676.2897732,1,1,locked_both_hard,-24,-0.1,216,22,410,370,1,both,none,2
images/002725.jpg,0.35416666666666663,0.5,opencv,1777621676.4333155,1,1,locked_only_right_hard,-34,-0.14166666666666666,206,19,392,373,1,right,left,1
images/002726.jpg,0.41666666666666663,0.5,opencv,1777621676.5747666,1,1,locked_only_right_hard,-40,-0.16666666666666666,200,13,386,373,1,right,left,1
images/002727.jpg,0.4583333333333333,0.5,opencv,1777621676.7158751,1,1,locked_only_right_hard,-44,-0.18333333333333332,196,9,382,373,1,right,left,1
images/002728.jpg,0.5208333333333334,0.5,opencv,1777621676.8592062,1,1,locked_only_right_hard,-50,-0.20833333333333334,190,3,376,373,1,right,left,1
images/002729.jpg,0.5625,0.5,opencv,1777621677.0024571,1,1,locked_only_right_hard,-54,-0.225,186,-1,372,373,1,right,left,1
images/002730.jpg,0.23958333333333334,0.5,opencv,1777621677.143921,1,1,locked_only_right_hard,-23,-0.09583333333333334,217,30,403,373,1,right,left,2
images/002731.jpg,0.6458333333333334,0.5,opencv,1777621677.2869623,1,1,locked_only_right_hard,-62,-0.25833333333333336,178,-9,364,373,1,right,left,2
images/002732.jpg,1.0,0.45,opencv,1777621677.4282863,1,1,locked_only_right_hard,-133,-0.5541666666666667,107,-80,293,373,1,right,left,1
images/002733.jpg,1.0,0.47,opencv,1777621677.5755057,1,1,locked_only_right_hard,-112,-0.4666666666666667,128,-59,314,373,1,right,left,1
images/002734.jpg,1.0,0.47,opencv,1777621677.7174022,1,1,locked_only_right_hard,-103,-0.42916666666666664,137,-50,323,373,1,right,left,1
images/002735.jpg,0.8854166666666667,0.47,opencv,1777621677.8607566,1,1,locked_only_right_hard,-85,-0.3541666666666667,155,-32,341,373,1,right,left,1
images/002736.jpg,0.7604166666666666,0.47,opencv,1777621678.004523,1,1,locked_only_right_hard,-73,-0.30416666666666664,167,-20,353,373,1,right,left,1
images/002737.jpg,0.4479166666666667,0.5,opencv,1777621678.1473377,1,1,locked_only_right_hard,-43,-0.17916666666666667,197,10,383,373,1,right,left,1
images/002738.jpg,0.3229166666666667,0.5,opencv,1777621678.2914867,1,1,locked_only_right_hard,-31,-0.12916666666666668,209,22,395,373,1,right,left,1
images/002739.jpg,0.3125,0.5,opencv,1777621678.4337115,1,1,locked_both_hard,-30,-0.125,210,20,401,374,1,both,none,2
images/002740.jpg,0.3125,0.5,opencv,1777621678.5764194,1,1,locked_both_hard,-30,-0.125,210,23,398,375,1,both,none,2
images/002741.jpg,0.2916666666666667,0.5,opencv,1777621678.721004,1,1,locked_both_hard,-28,-0.11666666666666667,212,23,401,374,1,both,none,2
images/002742.jpg,0.3333333333333333,0.5,opencv,1777621678.864443,1,1,locked_both_hard,-32,-0.13333333333333333,208,18,399,376,1,both,none,2
images/002743.jpg,0.42708333333333337,0.5,opencv,1777621679.0117202,1,1,locked_both_hard,-41,-0.17083333333333334,199,15,384,374,1,both,none,2
images/002744.jpg,0.4791666666666667,0.5,opencv,1777621679.1547935,1,1,locked_both_hard,-46,-0.19166666666666668,194,16,372,368,1,both,none,2
images/002745.jpg,0.36458333333333337,0.5,opencv,1777621679.2962985,1,1,locked_both_hard,-35,-0.14583333333333334,205,16,394,369,1,both,none,2
images/002746.jpg,0.6666666666666666,0.5,opencv,1777621679.439419,1,1,locked_both_hard,-64,-0.26666666666666666,176,21,331,361,1,both,none,2
images/002747.jpg,0.5833333333333334,0.5,opencv,1777621679.5806115,1,1,locked_both_hard,-56,-0.23333333333333334,184,22,347,346,1,both,none,2
images/002748.jpg,0.5104166666666666,0.5,opencv,1777621679.7241745,1,1,locked_both_hard,-49,-0.20416666666666666,191,28,354,338,1,both,none,2
images/002749.jpg,0.2916666666666667,0.5,opencv,1777621679.8663926,1,1,locked_both_hard,-28,-0.11666666666666667,212,44,380,335,1,both,none,2
images/002750.jpg,0.020833333333333332,0.5,opencv,1777621680.0077426,1,1,locked_both_hard,-2,-0.008333333333333333,238,58,419,341,1,both,none,2
images/002751.jpg,-0.13541666666666669,0.5,opencv,1777621680.1511538,1,1,locked_both_hard,13,0.05416666666666667,253,74,432,346,1,both,none,2
images/002752.jpg,-0.27083333333333337,0.5,opencv,1777621680.2944653,1,1,locked_both_hard,26,0.10833333333333334,266,92,441,347,1,both,none,2
images/002753.jpg,-0.3125,0.5,opencv,1777621680.4386003,1,1,locked_both_hard,30,0.125,270,104,437,343,1,both,none,2
images/002754.jpg,-0.2916666666666667,0.5,opencv,1777621680.5820398,1,1,locked_both_hard,28,0.11666666666666667,268,101,435,339,1,both,none,2
images/002755.jpg,-0.16666666666666666,0.5,opencv,1777621680.7267873,1,1,locked_both_hard,16,0.06666666666666667,256,86,426,338,1,both,none,2
images/002756.jpg,-0.020833333333333332,0.5,opencv,1777621680.8694835,1,1,locked_both_hard,2,0.008333333333333333,242,63,422,343,1,both,none,2
images/002757.jpg,0.19791666666666666,0.5,opencv,1777621681.0109348,1,1,locked_both_hard,-19,-0.07916666666666666,221,33,410,355,1,both,none,2
images/002758.jpg,0.3958333333333333,0.5,opencv,1777621681.1544392,1,1,locked_both_hard,-38,-0.15833333333333333,202,15,389,362,1,both,none,3
images/002759.jpg,0.3229166666666667,0.5,opencv,1777621681.2957454,1,1,locked_only_right_hard,-31,-0.12916666666666668,209,26,392,366,1,right,left,1
images/002760.jpg,0.42708333333333337,0.5,opencv,1777621681.4393153,1,1,locked_only_right_hard,-41,-0.17083333333333334,199,16,382,366,1,right,left,1
images/002761.jpg,0.4791666666666667,0.5,opencv,1777621681.5821197,1,1,locked_only_right_hard,-46,-0.19166666666666668,194,11,377,366,1,right,left,1
images/002762.jpg,0.5729166666666666,0.5,opencv,1777621681.7233412,1,1,locked_only_right_hard,-55,-0.22916666666666666,185,2,368,366,1,right,left,1
images/002763.jpg,0.6145833333333333,0.5,opencv,1777621681.8676462,1,1,locked_only_right_hard,-59,-0.24583333333333332,181,-2,364,366,1,right,left,1
images/002764.jpg,0.7083333333333333,0.5,opencv,1777621682.009161,1,1,locked_only_right_hard,-68,-0.2833333333333333,172,-11,355,366,1,right,left,1
images/002765.jpg,0.6458333333333334,0.5,opencv,1777621682.1525705,1,1,locked_only_right_hard,-62,-0.25833333333333336,178,-5,361,366,1,right,left,2
images/002766.jpg,0.46875,0.5,opencv,1777621682.2943375,1,1,locked_only_right_hard,-45,-0.1875,195,12,378,366,1,right,left,2
images/002767.jpg,0.2916666666666667,0.5,opencv,1777621682.435784,1,1,locked_only_right_hard,-28,-0.11666666666666667,212,29,395,366,1,right,left,1
images/002768.jpg,0.27083333333333337,0.5,opencv,1777621682.5793948,1,1,locked_only_right_hard,-26,-0.10833333333333334,214,31,397,366,1,right,left,1
images/002769.jpg,0.3125,0.5,opencv,1777621682.7220654,1,1,locked_only_right_hard,-30,-0.125,210,27,393,366,1,right,left,1
images/002770.jpg,0.4583333333333333,0.5,opencv,1777621682.8630033,1,1,locked_only_right_hard,-44,-0.18333333333333332,196,13,379,366,1,right,left,1
images/002771.jpg,0.6041666666666666,0.5,opencv,1777621683.0079622,1,1,locked_only_right_hard,-58,-0.24166666666666667,182,-1,365,366,1,right,left,1
images/002772.jpg,0.6875,0.5,opencv,1777621683.149875,1,1,locked_only_right_hard,-66,-0.275,174,-9,357,366,1,right,left,1
images/002773.jpg,0.6875,0.5,opencv,1777621683.2933478,1,1,locked_only_right_hard,-66,-0.275,174,-9,357,366,1,right,left,1
images/002774.jpg,0.6041666666666666,0.5,opencv,1777621683.4352944,1,1,locked_only_right_hard,-58,-0.24166666666666667,182,-1,365,366,1,right,left,1
images/002775.jpg,0.36458333333333337,0.5,opencv,1777621683.5797684,1,1,locked_both_hard,-35,-0.14583333333333334,205,17,393,368,1,both,none,2
images/002776.jpg,0.20833333333333331,0.5,opencv,1777621683.7218375,1,1,locked_both_hard,-20,-0.08333333333333333,220,31,409,370,1,both,none,2
images/002777.jpg,0.13541666666666669,0.5,opencv,1777621683.8637388,1,1,locked_both_hard,-13,-0.05416666666666667,227,47,408,369,1,both,none,2
images/002778.jpg,0.05208333333333333,0.5,opencv,1777621684.0068138,1,1,locked_both_hard,-5,-0.020833333333333332,235,57,413,365,1,both,none,2
images/002779.jpg,0.041666666666666664,0.5,opencv,1777621684.149041,1,1,locked_both_hard,-4,-0.016666666666666666,236,53,420,364,1,both,none,2
images/002780.jpg,-0.041666666666666664,0.5,opencv,1777621684.2932842,1,1,locked_both_hard,4,0.016666666666666666,244,67,422,363,1,both,none,2
images/002781.jpg,-0.09375,0.5,opencv,1777621684.4361093,1,1,locked_both_hard,9,0.0375,249,73,426,359,1,both,none,2
images/002782.jpg,-0.07291666666666667,0.5,opencv,1777621684.5781343,1,1,locked_both_hard,7,0.029166666666666667,247,68,426,357,1,both,none,2
images/002783.jpg,-0.0625,0.5,opencv,1777621684.7227292,1,1,locked_both_hard,6,0.025,246,74,419,353,1,both,none,2
images/002784.jpg,-0.125,0.5,opencv,1777621684.864039,1,1,locked_both_hard,12,0.05,252,76,428,352,1,both,none,2
images/002785.jpg,-0.1875,0.5,opencv,1777621685.0079217,1,1,locked_both_hard,18,0.075,258,81,435,350,1,both,none,2
images/002786.jpg,-0.05208333333333333,0.5,opencv,1777621685.1506248,1,1,locked_both_hard,5,0.020833333333333332,245,58,432,355,1,both,none,2
images/002787.jpg,0.17708333333333331,0.5,opencv,1777621685.2927487,1,1,locked_both_hard,-17,-0.07083333333333333,223,32,414,361,1,both,none,2
images/002788.jpg,0.36458333333333337,0.5,opencv,1777621685.435806,1,1,locked_both_hard,-35,-0.14583333333333334,205,8,403,371,1,both,none,2
images/002789.jpg,0.4479166666666667,0.5,opencv,1777621685.5765727,1,1,locked_only_right_hard,-43,-0.17916666666666667,197,11,382,371,1,right,left,1
images/002790.jpg,0.46875,0.5,opencv,1777621685.7199445,1,1,locked_only_right_hard,-45,-0.1875,195,9,380,371,1,right,left,1
images/002791.jpg,0.46875,0.5,opencv,1777621685.8630435,1,1,locked_only_right_hard,-45,-0.1875,195,9,380,371,1,right,left,1
images/002792.jpg,0.6875,0.5,opencv,1777621686.0041277,1,1,locked_only_right_hard,-66,-0.275,174,-12,359,371,1,right,left,1
images/002793.jpg,0.4583333333333333,0.5,opencv,1777621686.1480355,1,1,locked_only_right_hard,-44,-0.18333333333333332,196,10,381,371,1,right,left,1
images/002794.jpg,-0.0625,0.5,opencv,1777621686.2896566,1,1,locked_only_right_hard,6,0.025,246,60,431,371,1,right,left,3
images/002795.jpg,1.0,0.47,opencv,1777621686.4342463,1,1,locked_only_right_hard,-128,-0.5333333333333333,112,-74,297,371,1,right,left,2
images/002796.jpg,1.0,0.47,opencv,1777621686.5768812,1,1,locked_only_right_hard,-124,-0.5166666666666667,116,-70,301,371,1,right,left,1
images/002797.jpg,1.0,0.45,opencv,1777621686.7187934,1,1,locked_only_right_hard,-140,-0.5833333333333334,100,-86,285,371,1,right,left,1
images/002798.jpg,1.0,0.47,opencv,1777621686.8646736,1,1,locked_only_right_hard,-117,-0.4875,123,-63,308,371,1,right,left,1
images/002799.jpg,1.0,0.47,opencv,1777621687.006137,1,1,locked_only_right_hard,-103,-0.42916666666666664,137,-49,322,371,1,right,left,1
images/002800.jpg,0.8854166666666667,0.47,opencv,1777621687.150969,1,1,locked_only_right_hard,-85,-0.3541666666666667,155,-31,340,371,1,right,left,1
images/002801.jpg,0.5833333333333334,0.5,opencv,1777621687.294029,1,1,locked_only_right_hard,-56,-0.23333333333333334,184,-2,369,371,1,right,left,1
images/002802.jpg,0.40625,0.5,opencv,1777621687.435594,1,1,locked_only_right_hard,-39,-0.1625,201,15,386,371,1,right,left,1
images/002803.jpg,0.34375,0.5,opencv,1777621687.5794923,1,1,locked_both_hard,-33,-0.1375,207,19,396,371,1,both,none,2
images/002804.jpg,0.3229166666666667,0.5,opencv,1777621687.7224522,1,1,locked_both_hard,-31,-0.12916666666666668,209,22,397,374,1,both,none,2
images/002805.jpg,0.28125,0.5,opencv,1777621687.8660257,1,1,locked_both_hard,-27,-0.1125,213,26,401,374,1,both,none,2
images/002806.jpg,0.2604166666666667,0.5,opencv,1777621688.008452,1,1,locked_both_hard,-25,-0.10416666666666667,215,24,407,375,1,both,none,2
images/002807.jpg,0.2916666666666667,0.5,opencv,1777621688.150343,1,1,locked_both_hard,-28,-0.11666666666666667,212,21,403,378,1,both,none,2
images/002808.jpg,0.3854166666666667,0.5,opencv,1777621688.2948039,1,1,locked_both_hard,-37,-0.15416666666666667,203,21,385,372,1,both,none,2
images/002809.jpg,0.2916666666666667,0.5,opencv,1777621688.4381545,1,1,locked_both_hard,-28,-0.11666666666666667,212,18,406,373,1,both,none,2
images/002810.jpg,0.6770833333333333,0.5,opencv,1777621688.5804124,1,1,locked_both_hard,-65,-0.2708333333333333,175,22,328,362,1,both,none,2
images/002811.jpg,0.5416666666666667,0.5,opencv,1777621688.7236278,1,1,locked_both_hard,-52,-0.21666666666666667,188,22,355,349,1,both,none,2
images/002812.jpg,0.4583333333333333,0.5,opencv,1777621688.8651402,1,1,locked_both_hard,-44,-0.18333333333333332,196,29,364,342,1,both,none,2
images/002813.jpg,0.2916666666666667,0.5,opencv,1777621689.0105162,1,1,locked_both_hard,-28,-0.11666666666666667,212,44,380,339,1,both,none,2
images/002814.jpg,0.05208333333333333,0.5,opencv,1777621689.1537151,1,1,locked_both_hard,-5,-0.020833333333333332,235,57,413,342,1,both,none,2
images/002815.jpg,-0.10416666666666666,0.5,opencv,1777621689.296018,1,1,locked_both_hard,10,0.041666666666666664,250,69,432,348,1,both,none,2
images/002816.jpg,-0.21875,0.5,opencv,1777621689.4387162,1,1,locked_both_hard,21,0.0875,261,86,437,350,1,both,none,2
images/002817.jpg,-0.21875,0.5,opencv,1777621689.5812442,1,1,locked_both_hard,21,0.0875,261,88,434,348,1,both,none,2
images/002818.jpg,-0.19791666666666666,0.5,opencv,1777621689.7256243,1,1,locked_both_hard,19,0.07916666666666666,259,86,432,346,1,both,none,2
images/002819.jpg,-0.05208333333333333,0.5,opencv,1777621689.868558,1,1,locked_both_hard,5,0.020833333333333332,245,70,420,346,1,both,none,3
images/002820.jpg,0.041666666666666664,0.5,opencv,1777621690.0097802,1,1,locked_both_hard,-4,-0.016666666666666666,236,54,418,351,1,both,none,3
images/002821.jpg,0.14583333333333334,0.5,opencv,1777621690.1532967,1,1,locked_both_hard,-14,-0.058333333333333334,226,38,414,359,1,both,none,2
images/002822.jpg,0.2604166666666667,0.5,opencv,1777621690.2953508,1,1,locked_both_hard,-25,-0.10416666666666667,215,27,403,364,1,both,none,3
images/002823.jpg,0.3333333333333333,0.5,opencv,1777621690.4391336,1,1,locked_both_hard,-32,-0.13333333333333333,208,16,400,369,1,both,none,2
images/002824.jpg,0.3958333333333333,0.5,opencv,1777621690.5804975,1,1,locked_both_hard,-38,-0.15833333333333333,202,9,395,374,1,both,none,2
images/002825.jpg,0.40625,0.5,opencv,1777621690.7239442,1,1,locked_only_right_hard,-39,-0.1625,201,14,388,374,1,right,left,1
images/002826.jpg,0.3333333333333333,0.5,opencv,1777621690.8679252,1,1,locked_only_right_hard,-32,-0.13333333333333333,208,21,395,374,1,right,left,1
images/002827.jpg,0.4791666666666667,0.5,opencv,1777621691.0091946,1,1,locked_only_right_hard,-46,-0.19166666666666668,194,7,381,374,1,right,left,1
images/002828.jpg,0.6145833333333333,0.5,opencv,1777621691.1523368,1,1,locked_only_right_hard,-59,-0.24583333333333332,181,-6,368,374,1,right,left,1
images/002829.jpg,0.8020833333333334,0.47,opencv,1777621691.2963119,1,1,locked_only_right_hard,-77,-0.32083333333333336,163,-24,350,374,1,right,left,2
images/002830.jpg,0.6770833333333333,0.5,opencv,1777621691.4375484,1,1,locked_only_right_hard,-65,-0.2708333333333333,175,-12,362,374,1,right,left,2
images/002831.jpg,0.5625,0.5,opencv,1777621691.5806768,1,1,locked_only_right_hard,-54,-0.225,186,-1,373,374,1,right,left,2
images/002832.jpg,0.42708333333333337,0.5,opencv,1777621691.7222753,1,1,locked_only_right_hard,-41,-0.17083333333333334,199,12,386,374,1,right,left,1
images/002833.jpg,0.375,0.5,opencv,1777621691.8664546,1,1,locked_only_right_hard,-36,-0.15,204,17,391,374,1,right,left,1
images/002834.jpg,0.3125,0.5,opencv,1777621692.0091333,1,1,locked_only_right_hard,-30,-0.125,210,23,397,374,1,right,left,1
images/002835.jpg,0.375,0.5,opencv,1777621692.1511545,1,1,locked_only_right_hard,-36,-0.15,204,17,391,374,1,right,left,1
images/002836.jpg,0.4895833333333333,0.5,opencv,1777621692.2945411,1,1,locked_only_right_hard,-47,-0.19583333333333333,193,6,380,374,1,right,left,1
images/002837.jpg,0.59375,0.5,opencv,1777621692.4353666,1,1,locked_only_right_hard,-57,-0.2375,183,-4,370,374,1,right,left,1
images/002838.jpg,0.7708333333333334,0.47,opencv,1777621692.578868,1,1,locked_only_right_hard,-74,-0.30833333333333335,166,-21,353,374,1,right,left,1
images/002839.jpg,0.5520833333333333,0.5,opencv,1777621692.7201424,1,1,locked_only_right_hard,-53,-0.22083333333333333,187,0,374,374,1,right,left,1
images/002840.jpg,0.3854166666666667,0.5,opencv,1777621692.8615558,1,1,locked_both_hard,-37,-0.15416666666666667,203,16,391,374,1,both,none,2
images/002841.jpg,0.28125,0.5,opencv,1777621693.004879,1,1,locked_both_hard,-27,-0.1125,213,22,404,375,1,both,none,2
images/002842.jpg,0.15625,0.5,opencv,1777621693.1465032,1,1,locked_both_hard,-15,-0.0625,225,42,409,374,1,both,none,2
images/002843.jpg,0.09375,0.5,opencv,1777621693.2907758,1,1,locked_both_hard,-9,-0.0375,231,47,415,372,1,both,none,2
images/002844.jpg,0.041666666666666664,0.5,opencv,1777621693.4349263,1,1,locked_both_hard,-4,-0.016666666666666666,236,50,422,371,1,both,none,2
images/002845.jpg,-0.08333333333333333,0.5,opencv,1777621693.5773757,1,1,locked_both_hard,8,0.03333333333333333,248,71,426,364,1,both,none,2
images/002846.jpg,-0.20833333333333331,0.5,opencv,1777621693.7264736,1,1,locked_both_hard,20,0.08333333333333333,260,87,434,358,1,both,none,2
images/002847.jpg,-0.125,0.5,opencv,1777621693.8691404,1,1,locked_both_hard,12,0.05,252,80,425,353,1,both,none,2
images/002848.jpg,-0.05208333333333333,0.5,opencv,1777621694.0130126,1,1,locked_both_hard,5,0.020833333333333332,245,71,419,349,1,both,none,2
images/002849.jpg,-0.15625,0.5,opencv,1777621694.1567645,1,1,locked_both_hard,15,0.0625,255,80,430,349,1,both,none,2
images/002850.jpg,-0.13541666666666669,0.5,opencv,1777621694.2983518,1,1,locked_both_hard,13,0.05416666666666667,253,73,434,352,1,both,none,2
images/002851.jpg,0.03125,0.5,opencv,1777621694.4418106,1,1,locked_both_hard,-3,-0.0125,237,47,427,360,1,both,none,2
images/002852.jpg,0.22916666666666666,0.5,opencv,1777621694.5842788,1,1,locked_both_hard,-22,-0.09166666666666666,218,24,412,368,1,both,none,2
images/002853.jpg,0.34375,0.5,opencv,1777621694.7283168,1,1,locked_only_right_hard,-33,-0.1375,207,20,393,373,1,right,left,1
images/002854.jpg,0.40625,0.5,opencv,1777621694.8693016,1,1,locked_only_right_hard,-39,-0.1625,201,14,387,373,1,right,left,1
images/002855.jpg,0.4479166666666667,0.5,opencv,1777621695.0124586,1,1,locked_only_right_hard,-43,-0.17916666666666667,197,10,383,373,1,right,left,1
images/002856.jpg,0.5208333333333334,0.5,opencv,1777621695.1534512,1,1,locked_only_right_hard,-50,-0.20833333333333334,190,3,376,373,1,right,left,1
images/002857.jpg,0.5833333333333334,0.5,opencv,1777621695.2947824,1,1,locked_only_right_hard,-56,-0.23333333333333334,184,-3,370,373,1,right,left,1
images/002858.jpg,0.2604166666666667,0.5,opencv,1777621695.4362113,1,1,locked_only_right_hard,-25,-0.10416666666666667,215,28,401,373,1,right,left,2
images/002859.jpg,-0.041666666666666664,0.5,opencv,1777621695.5777817,1,1,locked_only_right_hard,4,0.016666666666666666,244,57,430,373,1,right,left,2
images/002860.jpg,1.0,0.47,opencv,1777621695.7207108,1,1,locked_only_right_hard,-129,-0.5375,111,-76,297,373,1,right,left,1
images/002861.jpg,1.0,0.47,opencv,1777621695.8650665,1,1,locked_only_right_hard,-126,-0.525,114,-73,300,373,1,right,left,1
images/002862.jpg,1.0,0.47,opencv,1777621696.0081608,1,1,locked_only_right_hard,-120,-0.5,120,-67,306,373,1,right,left,1
images/002863.jpg,1.0,0.47,opencv,1777621696.151691,1,1,locked_only_right_hard,-102,-0.425,138,-49,324,373,1,right,left,1
images/002864.jpg,0.8541666666666667,0.47,opencv,1777621696.29795,1,1,locked_only_right_hard,-82,-0.3416666666666667,158,-29,344,373,1,right,left,1
images/002865.jpg,0.59375,0.5,opencv,1777621696.4414082,1,1,locked_only_right_hard,-57,-0.2375,183,-4,369,373,1,right,left,1
images/002866.jpg,0.4479166666666667,0.5,opencv,1777621696.585225,1,1,locked_only_right_hard,-43,-0.17916666666666667,197,10,383,373,1,right,left,1
images/002867.jpg,0.2916666666666667,0.5,opencv,1777621696.7304032,1,1,locked_both_hard,-28,-0.11666666666666667,212,20,405,375,1,both,none,2
images/002868.jpg,0.2916666666666667,0.5,opencv,1777621696.8741376,1,1,locked_both_hard,-28,-0.11666666666666667,212,26,398,375,1,both,none,2
images/002869.jpg,0.2916666666666667,0.5,opencv,1777621697.0187821,1,1,locked_both_hard,-28,-0.11666666666666667,212,24,400,374,1,both,none,2
images/002870.jpg,0.28125,0.5,opencv,1777621697.1623867,1,1,locked_both_hard,-27,-0.1125,213,20,407,377,1,both,none,2
images/002871.jpg,0.3854166666666667,0.5,opencv,1777621697.306891,1,1,locked_both_hard,-37,-0.15416666666666667,203,18,388,375,1,both,none,2
images/002872.jpg,0.4375,0.5,opencv,1777621697.44921,1,1,locked_both_hard,-42,-0.175,198,19,377,370,1,both,none,2
images/002873.jpg,0.3125,0.5,opencv,1777621697.5908587,1,1,locked_both_hard,-30,-0.125,210,19,402,372,1,both,none,2
images/002874.jpg,0.6145833333333333,0.5,opencv,1777621697.7352214,1,1,locked_both_hard,-59,-0.24583333333333332,181,23,339,364,1,both,none,2
images/002875.jpg,0.53125,0.5,opencv,1777621697.8766382,1,1,locked_both_hard,-51,-0.2125,189,23,355,352,1,both,none,2
images/002876.jpg,0.5,0.5,opencv,1777621698.0263531,1,1,locked_both_hard,-48,-0.2,192,28,356,343,1,both,none,2
images/002877.jpg,0.3333333333333333,0.5,opencv,1777621698.1684456,1,1,locked_both_hard,-32,-0.13333333333333333,208,41,375,338,1,both,none,2
images/002878.jpg,0.041666666666666664,0.5,opencv,1777621698.31299,1,1,locked_both_hard,-4,-0.016666666666666666,236,57,416,343,1,both,none,2
images/002879.jpg,-0.13541666666666669,0.5,opencv,1777621698.455422,1,1,locked_both_hard,13,0.05416666666666667,253,73,433,348,1,both,none,2
images/002880.jpg,-0.2604166666666667,0.5,opencv,1777621698.596985,1,1,locked_both_hard,25,0.10416666666666667,265,91,440,348,1,both,none,2
images/002881.jpg,-0.27083333333333337,0.5,opencv,1777621698.7409632,1,1,locked_both_hard,26,0.10833333333333334,266,96,437,345,1,both,none,2
images/002882.jpg,-0.2604166666666667,0.5,opencv,1777621698.8834252,1,1,locked_both_hard,25,0.10416666666666667,265,96,435,342,1,both,none,2
images/002883.jpg,-0.11458333333333333,0.5,opencv,1777621699.0272567,1,1,locked_both_hard,11,0.04583333333333333,251,80,423,342,1,both,none,3
images/002884.jpg,-0.020833333333333332,0.5,opencv,1777621699.1700287,1,1,locked_both_hard,2,0.008333333333333333,242,63,422,347,1,both,none,2
images/002885.jpg,0.14583333333333334,0.5,opencv,1777621699.3131654,1,1,locked_both_hard,-14,-0.058333333333333334,226,38,414,356,1,both,none,2
images/002886.jpg,0.36458333333333337,0.5,opencv,1777621699.4565628,1,1,locked_both_hard,-35,-0.14583333333333334,205,19,392,362,1,both,none,3
images/002887.jpg,0.3854166666666667,0.5,opencv,1777621699.5986853,1,1,locked_both_hard,-37,-0.15416666666666667,203,9,397,369,1,both,none,2
images/002888.jpg,0.35416666666666663,0.5,opencv,1777621699.7398703,1,1,locked_only_right_hard,-34,-0.14166666666666666,206,21,390,369,1,right,left,1
images/002889.jpg,0.375,0.5,opencv,1777621699.883561,1,1,locked_only_right_hard,-36,-0.15,204,19,388,369,1,right,left,1
images/002890.jpg,0.4791666666666667,0.5,opencv,1777621700.0250516,1,1,locked_only_right_hard,-46,-0.19166666666666668,194,9,378,369,1,right,left,1
images/002891.jpg,0.6666666666666666,0.5,opencv,1777621700.1684628,1,1,locked_only_right_hard,-64,-0.26666666666666666,176,-9,360,369,1,right,left,1
images/002892.jpg,0.90625,0.47,opencv,1777621700.3101113,1,1,locked_only_right_hard,-87,-0.3625,153,-32,337,369,1,right,left,1
images/002893.jpg,0.84375,0.47,opencv,1777621700.4514096,1,1,locked_only_right_hard,-81,-0.3375,159,-26,343,369,1,right,left,2
images/002894.jpg,0.6354166666666666,0.5,opencv,1777621700.595984,1,1,locked_only_right_hard,-61,-0.25416666666666665,179,-6,363,369,1,right,left,2
images/002895.jpg,0.3958333333333333,0.5,opencv,1777621700.737457,1,1,locked_only_right_hard,-38,-0.15833333333333333,202,17,386,369,1,right,left,2
images/002896.jpg,0.34375,0.5,opencv,1777621700.8815398,1,1,locked_only_right_hard,-33,-0.1375,207,22,391,369,1,right,left,1
images/002897.jpg,0.3229166666666667,0.5,opencv,1777621701.024752,1,1,locked_only_right_hard,-31,-0.12916666666666668,209,24,393,369,1,right,left,1
images/002898.jpg,0.34375,0.5,opencv,1777621701.1684904,1,1,locked_only_right_hard,-33,-0.1375,207,22,391,369,1,right,left,1
images/002899.jpg,0.4583333333333333,0.5,opencv,1777621701.313342,1,1,locked_only_right_hard,-44,-0.18333333333333332,196,11,380,369,1,right,left,1
images/002900.jpg,0.625,0.5,opencv,1777621701.4558058,1,1,locked_only_right_hard,-60,-0.25,180,-5,364,369,1,right,left,1
images/002901.jpg,0.75,0.5,opencv,1777621701.6008983,1,1,locked_only_right_hard,-72,-0.3,168,-17,352,369,1,right,left,1
images/002902.jpg,0.8229166666666666,0.47,opencv,1777621701.743871,1,1,locked_only_right_hard,-79,-0.32916666666666666,161,-24,345,369,1,right,left,1
images/002903.jpg,0.5416666666666667,0.5,opencv,1777621701.885682,1,1,locked_only_right_hard,-52,-0.21666666666666667,188,3,372,369,1,right,left,1
images/002904.jpg,0.3958333333333333,0.5,opencv,1777621702.0302818,1,1,locked_both_hard,-38,-0.15833333333333333,202,15,390,370,1,both,none,2
images/002905.jpg,0.27083333333333337,0.5,opencv,1777621702.1717067,1,1,locked_both_hard,-26,-0.10833333333333334,214,24,405,373,1,both,none,2
images/002906.jpg,0.15625,0.5,opencv,1777621702.3158538,1,1,locked_both_hard,-15,-0.0625,225,44,407,371,1,both,none,2
images/002907.jpg,0.07291666666666667,0.5,opencv,1777621702.4603503,1,1,locked_both_hard,-7,-0.029166666666666667,233,54,413,367,1,both,none,2
images/002908.jpg,0.020833333333333332,0.5,opencv,1777621702.6028628,1,1,locked_both_hard,-2,-0.008333333333333333,238,55,421,366,1,both,none,2
images/002909.jpg,-0.08333333333333333,0.5,opencv,1777621702.7471426,1,1,locked_both_hard,8,0.03333333333333333,248,73,424,360,1,both,none,2
images/002910.jpg,-0.13541666666666669,0.5,opencv,1777621702.890502,1,1,locked_both_hard,13,0.05416666666666667,253,79,428,356,1,both,none,2
images/002911.jpg,-0.0625,0.5,opencv,1777621703.0355902,1,1,locked_both_hard,6,0.025,246,69,423,354,1,both,none,2
images/002912.jpg,-0.03125,0.5,opencv,1777621703.1768315,1,1,locked_both_hard,3,0.0125,243,69,417,350,1,both,none,2
images/002913.jpg,-0.13541666666666669,0.5,opencv,1777621703.320447,1,1,locked_both_hard,13,0.05416666666666667,253,79,428,350,1,both,none,2
images/002914.jpg,-0.13541666666666669,0.5,opencv,1777621703.4633749,1,1,locked_both_hard,13,0.05416666666666667,253,73,433,351,1,both,none,2
images/002915.jpg,0.05208333333333333,0.5,opencv,1777621703.605111,1,1,locked_both_hard,-5,-0.020833333333333332,235,46,425,359,1,both,none,2
images/002916.jpg,0.23958333333333334,0.5,opencv,1777621703.7491994,1,1,locked_both_hard,-23,-0.09583333333333334,217,25,410,367,1,both,none,2
images/002917.jpg,0.41666666666666663,0.5,opencv,1777621703.891756,1,1,locked_both_hard,-40,-0.16666666666666666,200,8,392,373,1,both,none,2
images/002918.jpg,0.3958333333333333,0.5,opencv,1777621704.0328295,1,1,locked_only_right_hard,-38,-0.15833333333333333,202,15,388,373,1,right,left,1
images/002919.jpg,0.41666666666666663,0.5,opencv,1777621704.1762478,1,1,locked_only_right_hard,-40,-0.16666666666666666,200,13,386,373,1,right,left,1
images/002920.jpg,0.4583333333333333,0.5,opencv,1777621704.318514,1,1,locked_only_right_hard,-44,-0.18333333333333332,196,9,382,373,1,right,left,1
images/002921.jpg,0.6770833333333333,0.5,opencv,1777621704.4616275,1,1,locked_only_right_hard,-65,-0.2708333333333333,175,-12,361,373,1,right,left,1
images/002922.jpg,0.46875,0.5,opencv,1777621704.6038828,1,1,locked_only_right_hard,-45,-0.1875,195,8,381,373,1,right,left,2
images/002923.jpg,0.25,0.5,opencv,1777621704.7454355,1,1,locked_only_right_hard,-24,-0.1,216,29,402,373,1,right,left,2
images/002924.jpg,1.0,0.47,opencv,1777621704.8897872,1,1,locked_only_right_hard,-124,-0.5166666666666667,116,-71,302,373,1,right,left,1
images/002925.jpg,1.0,0.45,opencv,1777621705.0316594,1,1,locked_only_right_hard,-144,-0.6,96,-91,282,373,1,right,left,1
images/002926.jpg,1.0,0.47,opencv,1777621705.1763504,1,1,locked_only_right_hard,-130,-0.5416666666666666,110,-77,296,373,1,right,left,1
images/002927.jpg,1.0,0.47,opencv,1777621705.3198664,1,1,locked_only_right_hard,-130,-0.5416666666666666,110,-77,296,373,1,right,left,1
images/002928.jpg,1.0,0.47,opencv,1777621705.4612663,1,1,locked_only_right_hard,-117,-0.4875,123,-64,309,373,1,right,left,2
images/002929.jpg,0.8541666666666667,0.47,opencv,1777621705.605071,1,1,locked_only_right_hard,-82,-0.3416666666666667,158,-29,344,373,1,right,left,1
images/002930.jpg,0.7291666666666667,0.5,opencv,1777621705.7475584,1,1,locked_only_right_hard,-70,-0.2916666666666667,170,-17,356,373,1,right,left,1
images/002931.jpg,0.5833333333333334,0.5,opencv,1777621705.8915775,1,1,locked_only_right_hard,-56,-0.23333333333333334,184,-3,370,373,1,right,left,1
images/002932.jpg,0.36458333333333337,0.5,opencv,1777621706.037793,1,1,locked_both_hard,-35,-0.14583333333333334,205,17,394,373,1,both,none,2
images/002933.jpg,0.3229166666666667,0.5,opencv,1777621706.1803703,1,1,locked_both_hard,-31,-0.12916666666666668,209,24,394,372,1,both,none,2
images/002934.jpg,0.27083333333333337,0.5,opencv,1777621706.3245533,1,1,locked_both_hard,-26,-0.10833333333333334,214,28,401,372,1,both,none,2
images/002935.jpg,0.22916666666666666,0.5,opencv,1777621706.4665315,1,1,locked_both_hard,-22,-0.09166666666666666,218,26,411,375,1,both,none,2
images/002936.jpg,0.23958333333333334,0.5,opencv,1777621706.6107423,1,1,locked_both_hard,-23,-0.09583333333333334,217,25,409,377,1,both,none,2
images/002937.jpg,0.3125,0.5,opencv,1777621706.7540672,1,1,locked_both_hard,-30,-0.125,210,25,395,374,1,both,none,2
images/002938.jpg,0.22916666666666666,0.5,opencv,1777621706.8962085,1,1,locked_both_hard,-22,-0.09166666666666666,218,21,416,379,1,both,none,2
images/002939.jpg,0.6875,0.5,opencv,1777621707.040437,1,1,locked_both_hard,-66,-0.275,174,22,326,368,1,both,none,2
images/002940.jpg,0.6354166666666666,0.5,opencv,1777621707.1816466,1,1,locked_both_hard,-61,-0.25416666666666665,179,18,341,352,1,both,none,2
images/002941.jpg,0.59375,0.5,opencv,1777621707.3251114,1,1,locked_both_hard,-57,-0.2375,183,24,342,339,1,both,none,2
images/002942.jpg,0.36458333333333337,0.5,opencv,1777621707.4670312,1,1,locked_both_hard,-35,-0.14583333333333334,205,40,370,334,1,both,none,2
images/002943.jpg,0.05208333333333333,0.5,opencv,1777621707.6081626,1,1,locked_both_hard,-5,-0.020833333333333332,235,56,415,339,1,both,none,2
images/002944.jpg,-0.14583333333333334,0.5,opencv,1777621707.751314,1,1,locked_both_hard,14,0.058333333333333334,254,75,434,346,1,both,none,2
images/002945.jpg,-0.3020833333333333,0.5,opencv,1777621707.8942606,1,1,locked_both_hard,29,0.12083333333333333,269,96,442,346,1,both,none,2
images/002946.jpg,-0.3333333333333333,0.5,opencv,1777621708.0380569,1,1,locked_both_hard,32,0.13333333333333333,272,104,440,343,1,both,none,2
images/002947.jpg,-0.2916666666666667,0.5,opencv,1777621708.1804445,1,1,locked_both_hard,28,0.11666666666666667,268,102,435,339,1,both,none,2
images/002948.jpg,-0.15625,0.5,opencv,1777621708.321952,1,1,locked_both_hard,15,0.0625,255,87,424,337,1,both,none,3
images/002949.jpg,-0.05208333333333333,0.5,opencv,1777621708.4663393,1,1,locked_both_hard,5,0.020833333333333332,245,66,424,342,1,both,none,2
images/002950.jpg,0.14583333333333334,0.5,opencv,1777621708.60789,1,1,locked_both_hard,-14,-0.058333333333333334,226,39,414,351,1,both,none,2
images/002951.jpg,0.3333333333333333,0.5,opencv,1777621708.7519064,1,1,locked_both_hard,-32,-0.13333333333333333,208,20,397,360,1,both,none,3
images/002952.jpg,0.41666666666666663,0.5,opencv,1777621708.8946488,1,1,locked_both_hard,-40,-0.16666666666666666,200,8,393,367,1,both,none,2
images/002953.jpg,0.35416666666666663,0.5,opencv,1777621709.0365796,1,1,locked_only_right_hard,-34,-0.14166666666666666,206,22,389,367,1,right,left,1
images/002954.jpg,0.4583333333333333,0.5,opencv,1777621709.1799872,1,1,locked_only_right_hard,-44,-0.18333333333333332,196,12,379,367,1,right,left,1
images/002955.jpg,0.4791666666666667,0.5,opencv,1777621709.3241017,1,1,locked_only_right_hard,-46,-0.19166666666666668,194,10,377,367,1,right,left,1
images/002956.jpg,0.6770833333333333,0.5,opencv,1777621709.4678175,1,1,locked_only_right_hard,-65,-0.2708333333333333,175,-9,358,367,1,right,left,1
images/002957.jpg,0.75,0.5,opencv,1777621709.6102824,1,1,locked_only_right_hard,-72,-0.3,168,-16,351,367,1,right,left,1
images/002958.jpg,0.625,0.5,opencv,1777621709.7528706,1,1,locked_only_right_hard,-60,-0.25,180,-4,363,367,1,right,left,1
images/002959.jpg,0.4375,0.5,opencv,1777621709.8981922,1,1,locked_only_right_hard,-42,-0.175,198,14,381,367,1,right,left,2
images/002960.jpg,0.2916666666666667,0.5,opencv,1777621710.039842,1,1,locked_only_right_hard,-28,-0.11666666666666667,212,28,395,367,1,right,left,1
images/002961.jpg,0.34375,0.5,opencv,1777621710.1837444,1,1,locked_only_right_hard,-33,-0.1375,207,23,390,367,1,right,left,1
images/002962.jpg,0.40625,0.5,opencv,1777621710.3260458,1,1,locked_only_right_hard,-39,-0.1625,201,17,384,367,1,right,left,1
images/002963.jpg,0.46875,0.5,opencv,1777621710.4690838,1,1,locked_only_right_hard,-45,-0.1875,195,11,378,367,1,right,left,1
images/002964.jpg,0.6041666666666666,0.5,opencv,1777621710.6137378,1,1,locked_only_right_hard,-58,-0.24166666666666667,182,-2,365,367,1,right,left,1
images/002965.jpg,0.6041666666666666,0.5,opencv,1777621710.7550817,1,1,locked_only_right_hard,-58,-0.24166666666666667,182,-2,365,367,1,right,left,1
images/002966.jpg,0.53125,0.5,opencv,1777621710.9026265,1,1,locked_only_right_hard,-51,-0.2125,189,5,372,367,1,right,left,1
images/002967.jpg,0.5833333333333334,0.5,opencv,1777621711.04549,1,1,locked_only_right_hard,-56,-0.23333333333333334,184,0,367,367,1,right,left,1
images/002968.jpg,0.36458333333333337,0.5,opencv,1777621711.188709,1,1,locked_only_right_hard,-35,-0.14583333333333334,205,21,388,367,1,right,left,1
images/002969.jpg,0.34375,0.5,opencv,1777621711.333201,1,1,locked_both_hard,-33,-0.1375,207,17,397,371,1,both,none,2
images/002970.jpg,0.35416666666666663,0.5,opencv,1777621711.4752462,1,1,locked_both_hard,-34,-0.14166666666666666,206,16,397,374,1,both,none,2
images/002971.jpg,0.23958333333333334,0.5,opencv,1777621711.6197464,1,1,locked_both_hard,-23,-0.09583333333333334,217,32,402,371,1,both,none,2
images/002972.jpg,0.125,0.5,opencv,1777621711.7627676,1,1,locked_both_hard,-12,-0.05,228,44,413,369,1,both,none,2
images/002973.jpg,-0.041666666666666664,0.5,opencv,1777621711.9072664,1,1,locked_both_hard,4,0.016666666666666666,244,65,423,366,1,both,none,2
images/002974.jpg,-0.15625,0.5,opencv,1777621712.0506027,1,1,locked_both_hard,15,0.0625,255,81,430,361,1,both,none,2
images/002975.jpg,-0.21875,0.5,opencv,1777621712.1932755,1,1,locked_both_hard,21,0.0875,261,88,435,355,1,both,none,2
images/002976.jpg,-0.15625,0.5,opencv,1777621712.3369427,1,1,locked_both_hard,15,0.0625,255,86,424,350,1,both,none,2
images/002977.jpg,-0.15625,0.5,opencv,1777621712.4779663,1,1,locked_both_hard,15,0.0625,255,82,428,347,1,both,none,2
images/002978.jpg,-0.22916666666666666,0.5,opencv,1777621712.623334,1,1,locked_both_hard,22,0.09166666666666666,262,91,434,345,1,both,none,2
images/002979.jpg,-0.08333333333333333,0.5,opencv,1777621712.766376,1,1,locked_both_hard,8,0.03333333333333333,248,66,430,349,1,both,none,2
images/002980.jpg,0.10416666666666666,0.5,opencv,1777621712.907759,1,1,locked_both_hard,-10,-0.041666666666666664,230,39,421,360,1,both,none,2
images/002981.jpg,0.3229166666666667,0.5,opencv,1777621713.0540867,1,1,locked_both_hard,-31,-0.12916666666666668,209,13,405,370,1,both,none,2
images/002982.jpg,0.375,0.5,opencv,1777621713.1959283,1,1,locked_only_right_hard,-36,-0.15,204,19,389,370,1,right,left,1
images/002983.jpg,0.3958333333333333,0.5,opencv,1777621713.3396285,1,1,locked_only_right_hard,-38,-0.15833333333333333,202,17,387,370,1,right,left,1
images/002984.jpg,0.4375,0.5,opencv,1777621713.482016,1,1,locked_only_right_hard,-42,-0.175,198,13,383,370,1,right,left,1
images/002985.jpg,0.5,0.5,opencv,1777621713.6237907,1,1,locked_only_right_hard,-48,-0.2,192,7,377,370,1,right,left,1
images/002986.jpg,0.4375,0.5,opencv,1777621713.7670596,1,1,locked_only_right_hard,-42,-0.175,198,13,383,370,1,right,left,1
images/002987.jpg,0.14583333333333334,0.5,opencv,1777621713.909636,1,1,locked_only_right_hard,-14,-0.058333333333333334,226,41,411,370,1,right,left,2
images/002988.jpg,1.0,0.45,opencv,1777621714.0528743,1,1,locked_only_right_hard,-135,-0.5625,105,-80,290,370,1,right,left,1
images/002989.jpg,1.0,0.45,opencv,1777621714.1983702,1,1,locked_only_right_hard,-134,-0.5583333333333333,106,-79,291,370,1,right,left,2
images/002990.jpg,1.0,0.47,opencv,1777621714.3418348,1,1,locked_only_right_hard,-127,-0.5291666666666667,113,-72,298,370,1,right,left,1
images/002991.jpg,1.0,0.47,opencv,1777621714.4853785,1,1,locked_only_right_hard,-108,-0.45,132,-53,317,370,1,right,left,1
images/002992.jpg,0.9895833333333333,0.47,opencv,1777621714.6276753,1,1,locked_only_right_hard,-95,-0.3958333333333333,145,-40,330,370,1,right,left,1
images/002993.jpg,0.8125,0.47,opencv,1777621714.7699444,1,1,locked_only_right_hard,-78,-0.325,162,-23,347,370,1,right,left,1
images/002994.jpg,0.4791666666666667,0.5,opencv,1777621714.9140825,1,1,locked_only_right_hard,-46,-0.19166666666666668,194,9,379,370,1,right,left,1
images/002995.jpg,0.34375,0.5,opencv,1777621715.0558214,1,1,locked_only_right_hard,-33,-0.1375,207,22,392,370,1,right,left,1
images/002996.jpg,0.3125,0.5,opencv,1777621715.1997557,1,1,locked_both_hard,-30,-0.125,210,21,399,371,1,both,none,2
images/002997.jpg,0.3229166666666667,0.5,opencv,1777621715.341968,1,1,locked_both_hard,-31,-0.12916666666666668,209,22,397,373,1,both,none,2
images/002998.jpg,0.28125,0.5,opencv,1777621715.4836328,1,1,locked_both_hard,-27,-0.1125,213,25,401,373,1,both,none,2
images/002999.jpg,0.28125,0.5,opencv,1777621715.627526,1,1,locked_both_hard,-27,-0.1125,213,22,404,374,1,both,none,2
images/003000.jpg,0.3229166666666667,0.5,opencv,1777621715.7687469,1,1,locked_both_hard,-31,-0.12916666666666668,209,20,398,376,1,both,none,2
images/003001.jpg,0.41666666666666663,0.5,opencv,1777621715.9102352,1,1,locked_both_hard,-40,-0.16666666666666666,200,19,382,374,1,both,none,2
images/003002.jpg,0.3333333333333333,0.5,opencv,1777621716.051452,1,1,locked_both_hard,-32,-0.13333333333333333,208,17,400,373,1,both,none,2
images/003003.jpg,0.14583333333333334,0.5,opencv,1777621716.1927984,1,1,locked_both_hard,-14,-0.058333333333333334,226,18,434,382,1,both,none,3
images/003004.jpg,0.5833333333333334,0.5,opencv,1777621716.3371289,1,1,locked_both_hard,-56,-0.23333333333333334,184,22,347,358,1,both,none,2
images/003005.jpg,0.6458333333333334,0.5,opencv,1777621716.4790413,1,1,locked_both_hard,-62,-0.25833333333333336,178,20,337,345,1,both,none,2
images/003006.jpg,0.5104166666666666,0.5,opencv,1777621716.6204422,1,1,locked_both_hard,-49,-0.20416666666666666,191,31,351,336,1,both,none,2
images/003007.jpg,0.23958333333333334,0.5,opencv,1777621716.7640269,1,1,locked_both_hard,-23,-0.09583333333333334,217,47,388,334,1,both,none,2
images/003008.jpg,-0.05208333333333333,0.5,opencv,1777621716.9071505,1,1,locked_both_hard,5,0.020833333333333332,245,66,424,341,1,both,none,2
images/003009.jpg,-0.2604166666666667,0.5,opencv,1777621717.0485954,1,1,locked_both_hard,25,0.10416666666666667,265,91,440,345,1,both,none,2
images/003010.jpg,-0.3958333333333333,0.5,opencv,1777621717.1940472,1,1,locked_both_hard,38,0.15833333333333333,278,112,445,341,1,both,none,2
images/003011.jpg,-0.42708333333333337,0.5,opencv,1777621717.335243,1,1,locked_both_hard,41,0.17083333333333334,281,120,442,334,1,both,none,2
images/003012.jpg,-0.3229166666666667,0.5,opencv,1777621717.4803376,1,1,locked_both_hard,31,0.12916666666666668,271,106,437,331,1,both,none,2
images/003013.jpg,-0.11458333333333333,0.5,opencv,1777621717.6212761,1,1,locked_both_hard,11,0.04583333333333333,251,80,423,334,1,both,none,2
images/003014.jpg,0.07291666666666667,0.5,opencv,1777621717.764432,1,1,locked_both_hard,-7,-0.029166666666666667,233,48,418,345,1,both,none,2
images/003015.jpg,0.25,0.5,opencv,1777621717.906589,1,1,locked_both_hard,-24,-0.1,216,27,406,356,1,both,none,2
images/003016.jpg,0.40625,0.5,opencv,1777621718.0479176,1,1,locked_both_hard,-39,-0.1625,201,14,389,363,1,both,none,3
images/003017.jpg,0.41666666666666663,0.5,opencv,1777621718.1910179,1,1,locked_both_hard,-40,-0.16666666666666666,200,8,393,370,1,both,none,2
images/003018.jpg,0.40625,0.5,opencv,1777621718.3323078,1,1,locked_only_right_hard,-39,-0.1625,201,16,386,370,1,right,left,1
images/003019.jpg,0.375,0.5,opencv,1777621718.4756398,1,1,locked_only_right_hard,-36,-0.15,204,19,389,370,1,right,left,1
images/003020.jpg,0.46875,0.5,opencv,1777621718.617549,1,1,locked_only_right_hard,-45,-0.1875,195,10,380,370,1,right,left,1
images/003021.jpg,0.5208333333333334,0.5,opencv,1777621718.7598183,1,1,locked_only_right_hard,-50,-0.20833333333333334,190,5,375,370,1,right,left,1
images/003022.jpg,0.7395833333333334,0.5,opencv,1777621718.902489,1,1,locked_only_right_hard,-71,-0.29583333333333334,169,-16,354,370,1,right,left,1
images/003023.jpg,0.7395833333333334,0.5,opencv,1777621719.043552,1,1,locked_only_right_hard,-71,-0.29583333333333334,169,-16,354,370,1,right,left,2
images/003024.jpg,0.5729166666666666,0.5,opencv,1777621719.1874762,1,1,locked_only_right_hard,-55,-0.22916666666666666,185,0,370,370,1,right,left,2
images/003025.jpg,0.3854166666666667,0.5,opencv,1777621719.3304787,1,1,locked_only_right_hard,-37,-0.15416666666666667,203,18,388,370,1,right,left,2
images/003026.jpg,0.3125,0.5,opencv,1777621719.4756982,1,1,locked_only_right_hard,-30,-0.125,210,25,395,370,1,right,left,1
images/003027.jpg,0.3125,0.5,opencv,1777621719.6196382,1,1,locked_only_right_hard,-30,-0.125,210,25,395,370,1,right,left,1
images/003028.jpg,0.3333333333333333,0.5,opencv,1777621719.7615538,1,1,locked_only_right_hard,-32,-0.13333333333333333,208,23,393,370,1,right,left,1
images/003029.jpg,0.4895833333333333,0.5,opencv,1777621719.9050848,1,1,locked_only_right_hard,-47,-0.19583333333333333,193,8,378,370,1,right,left,1
images/003030.jpg,0.65625,0.5,opencv,1777621720.0468514,1,1,locked_only_right_hard,-63,-0.2625,177,-8,362,370,1,right,left,1
images/003031.jpg,0.7395833333333334,0.5,opencv,1777621720.1899805,1,1,locked_only_right_hard,-71,-0.29583333333333334,169,-16,354,370,1,right,left,1
images/003032.jpg,0.6458333333333334,0.5,opencv,1777621720.332719,1,1,locked_only_right_hard,-62,-0.25833333333333336,178,-7,363,370,1,right,left,1
images/003033.jpg,0.46875,0.5,opencv,1777621720.4748595,1,1,locked_only_right_hard,-45,-0.1875,195,10,380,370,1,right,left,1
images/003034.jpg,0.3229166666666667,0.5,opencv,1777621720.6178532,1,1,locked_both_hard,-31,-0.12916666666666668,209,19,399,372,1,both,none,2
images/003035.jpg,0.22916666666666666,0.5,opencv,1777621720.7592595,1,1,locked_both_hard,-22,-0.09166666666666666,218,35,402,371,1,both,none,2
images/003036.jpg,0.16666666666666666,0.5,opencv,1777621720.902974,1,1,locked_both_hard,-16,-0.06666666666666667,224,40,408,369,1,both,none,2
images/003037.jpg,0.07291666666666667,0.5,opencv,1777621721.0455103,1,1,locked_both_hard,-7,-0.029166666666666667,233,49,418,367,1,both,none,2
images/003038.jpg,-0.05208333333333333,0.5,opencv,1777621721.187328,1,1,locked_both_hard,5,0.020833333333333332,245,68,423,364,1,both,none,2
images/003039.jpg,-0.125,0.5,opencv,1777621721.3309314,1,1,locked_both_hard,12,0.05,252,77,428,359,1,both,none,2
images/003040.jpg,-0.15625,0.5,opencv,1777621721.4723814,1,1,locked_both_hard,15,0.0625,255,79,431,356,1,both,none,2
images/003041.jpg,-0.10416666666666666,0.5,opencv,1777621721.61642,1,1,locked_both_hard,10,0.041666666666666664,250,81,420,351,1,both,none,2
images/003042.jpg,-0.11458333333333333,0.5,opencv,1777621721.7598343,1,1,locked_both_hard,11,0.04583333333333333,251,75,428,349,1,both,none,2
images/003043.jpg,-0.22916666666666666,0.5,opencv,1777621721.9015522,1,1,locked_both_hard,22,0.09166666666666666,262,86,438,349,1,both,none,2
images/003044.jpg,-0.07291666666666667,0.5,opencv,1777621722.0474515,1,1,locked_both_hard,7,0.029166666666666667,247,64,431,353,1,both,none,2
images/003045.jpg,0.13541666666666669,0.5,opencv,1777621722.1884854,1,1,locked_both_hard,-13,-0.05416666666666667,227,35,419,361,1,both,none,2
images/003046.jpg,0.35416666666666663,0.5,opencv,1777621722.332017,1,1,locked_both_hard,-34,-0.14166666666666666,206,13,400,370,1,both,none,2
images/003047.jpg,0.3854166666666667,0.5,opencv,1777621722.4740326,1,1,locked_only_right_hard,-37,-0.15416666666666667,203,18,388,370,1,right,left,1
images/003048.jpg,0.375,0.5,opencv,1777621722.6148653,1,1,locked_only_right_hard,-36,-0.15,204,19,389,370,1,right,left,1
images/003049.jpg,0.3958333333333333,0.5,opencv,1777621722.7579477,1,1,locked_only_right_hard,-38,-0.15833333333333333,202,17,387,370,1,right,left,1
images/003050.jpg,0.5104166666666666,0.5,opencv,1777621722.900471,1,1,locked_only_right_hard,-49,-0.20416666666666666,191,6,376,370,1,right,left,1
images/003051.jpg,0.46875,0.5,opencv,1777621723.0417206,1,1,locked_only_right_hard,-45,-0.1875,195,10,380,370,1,right,left,1
images/003052.jpg,0.09375,0.5,opencv,1777621723.1852467,1,1,locked_only_right_hard,-9,-0.0375,231,46,416,370,1,right,left,2
images/003053.jpg,1.0,0.47,opencv,1777621723.3265429,1,1,locked_only_right_hard,-102,-0.425,138,-47,323,370,1,right,left,1
images/003054.jpg,1.0,0.47,opencv,1777621723.4704926,1,1,locked_only_right_hard,-123,-0.5125,117,-68,302,370,1,right,left,1
images/003055.jpg,1.0,0.45,opencv,1777621723.6118326,1,1,locked_only_right_hard,-142,-0.5916666666666667,98,-87,283,370,1,right,left,1
images/003056.jpg,1.0,0.45,opencv,1777621723.75773,1,1,locked_only_right_hard,-134,-0.5583333333333333,106,-79,291,370,1,right,left,1
images/003057.jpg,1.0,0.47,opencv,1777621723.9006839,1,1,locked_only_right_hard,-130,-0.5416666666666666,110,-75,295,370,1,right,left,1
images/003058.jpg,1.0,0.47,opencv,1777621724.0435135,1,1,locked_only_right_hard,-110,-0.4583333333333333,130,-55,315,370,1,right,left,2
images/003059.jpg,0.8541666666666667,0.47,opencv,1777621724.1871905,1,1,locked_only_right_hard,-82,-0.3416666666666667,158,-27,343,370,1,right,left,1
images/003060.jpg,0.6875,0.5,opencv,1777621724.3290384,1,1,locked_only_right_hard,-66,-0.275,174,-11,359,370,1,right,left,1
images/003061.jpg,0.4895833333333333,0.5,opencv,1777621724.4726033,1,1,locked_only_right_hard,-47,-0.19583333333333333,193,8,378,370,1,right,left,1
images/003062.jpg,0.2916666666666667,0.5,opencv,1777621724.6149206,1,1,locked_both_hard,-28,-0.11666666666666667,212,20,404,372,1,both,none,2
images/003063.jpg,0.3020833333333333,0.5,opencv,1777621724.7574632,1,1,locked_both_hard,-29,-0.12083333333333333,211,25,397,371,1,both,none,2
images/003064.jpg,0.2916666666666667,0.5,opencv,1777621724.900619,1,1,locked_both_hard,-28,-0.11666666666666667,212,26,399,371,1,both,none,2
images/003065.jpg,0.2604166666666667,0.5,opencv,1777621725.0419667,1,1,locked_both_hard,-25,-0.10416666666666667,215,24,407,374,1,both,none,2
images/003066.jpg,0.2916666666666667,0.5,opencv,1777621725.1854093,1,1,locked_both_hard,-28,-0.11666666666666667,212,21,403,375,1,both,none,2
images/003067.jpg,0.3854166666666667,0.5,opencv,1777621725.3277495,1,1,locked_both_hard,-37,-0.15416666666666667,203,21,385,371,1,both,none,2
images/003068.jpg,0.3229166666666667,0.5,opencv,1777621725.46966,1,1,locked_both_hard,-31,-0.12916666666666668,209,18,400,371,1,both,none,2
images/003069.jpg,0.6770833333333333,0.5,opencv,1777621725.6126506,1,1,locked_both_hard,-65,-0.2708333333333333,175,22,328,360,1,both,none,2
images/003070.jpg,0.5,0.5,opencv,1777621725.754414,1,1,locked_both_hard,-48,-0.2,192,24,360,348,1,both,none,2
images/003071.jpg,0.41666666666666663,0.5,opencv,1777621725.8988664,1,1,locked_both_hard,-40,-0.16666666666666666,200,30,370,343,1,both,none,2
images/003072.jpg,0.28125,0.5,opencv,1777621726.042409,1,1,locked_both_hard,-27,-0.1125,213,45,381,340,1,both,none,2
images/003073.jpg,0.05208333333333333,0.5,opencv,1777621726.1840065,1,1,locked_both_hard,-5,-0.020833333333333332,235,56,414,344,1,both,none,2
images/003074.jpg,-0.08333333333333333,0.5,opencv,1777621726.3275821,1,1,locked_both_hard,8,0.03333333333333333,248,67,429,350,1,both,none,2
images/003075.jpg,-0.1875,0.5,opencv,1777621726.469238,1,1,locked_both_hard,18,0.075,258,81,435,352,1,both,none,2
images/003076.jpg,-0.20833333333333331,0.5,opencv,1777621726.6139536,1,1,locked_both_hard,20,0.08333333333333333,260,87,433,350,1,both,none,2
images/003077.jpg,-0.21875,0.5,opencv,1777621726.7581694,1,1,locked_both_hard,21,0.0875,261,89,434,348,1,both,none,2
images/003078.jpg,-0.11458333333333333,0.5,opencv,1777621726.8996058,1,1,locked_both_hard,11,0.04583333333333333,251,80,423,346,1,both,none,3
images/003079.jpg,-0.041666666666666664,0.5,opencv,1777621727.043062,1,1,locked_both_hard,4,0.016666666666666666,244,66,423,348,1,both,none,2
images/003080.jpg,0.07291666666666667,0.5,opencv,1777621727.1839147,1,1,locked_both_hard,-7,-0.029166666666666667,233,46,421,355,1,both,none,2
images/003081.jpg,0.23958333333333334,0.5,opencv,1777621727.3278415,1,1,locked_both_hard,-23,-0.09583333333333334,217,27,407,364,1,both,none,2
images/003082.jpg,0.36458333333333337,0.5,opencv,1777621727.4710612,1,1,locked_both_hard,-35,-0.14583333333333334,205,14,397,369,1,both,none,2
images/003083.jpg,0.35416666666666663,0.5,opencv,1777621727.6121583,1,1,locked_only_right_hard,-34,-0.14166666666666666,206,20,392,372,1,right,left,1
images/003084.jpg,0.3958333333333333,0.5,opencv,1777621727.7553852,1,1,locked_only_right_hard,-38,-0.15833333333333333,202,16,388,372,1,right,left,1
images/003085.jpg,0.35416666666666663,0.5,opencv,1777621727.8961582,1,1,locked_only_right_hard,-34,-0.14166666666666666,206,20,392,372,1,right,left,1
images/003086.jpg,0.5104166666666666,0.5,opencv,1777621728.039281,1,1,locked_only_right_hard,-49,-0.20416666666666666,191,5,377,372,1,right,left,1
images/003087.jpg,0.6041666666666666,0.5,opencv,1777621728.1813662,1,1,locked_only_right_hard,-58,-0.24166666666666667,182,-4,368,372,1,right,left,1
images/003088.jpg,0.8229166666666666,0.47,opencv,1777621728.3223274,1,1,locked_only_right_hard,-79,-0.32916666666666666,161,-25,347,372,1,right,left,2
images/003089.jpg,0.6979166666666667,0.5,opencv,1777621728.4657772,1,1,locked_only_right_hard,-67,-0.2791666666666667,173,-13,359,372,1,right,left,2
images/003090.jpg,0.5416666666666667,0.5,opencv,1777621728.6081629,1,1,locked_only_right_hard,-52,-0.21666666666666667,188,2,374,372,1,right,left,2
images/003091.jpg,0.4791666666666667,0.5,opencv,1777621728.751096,1,1,locked_only_right_hard,-46,-0.19166666666666668,194,8,380,372,1,right,left,2
images/003092.jpg,0.36458333333333337,0.5,opencv,1777621728.8961926,1,1,locked_only_right_hard,-35,-0.14583333333333334,205,19,391,372,1,right,left,1
images/003093.jpg,0.2916666666666667,0.5,opencv,1777621729.0376616,1,1,locked_only_right_hard,-28,-0.11666666666666667,212,26,398,372,1,right,left,1
images/003094.jpg,0.375,0.5,opencv,1777621729.18252,1,1,locked_only_right_hard,-36,-0.15,204,18,390,372,1,right,left,1
images/003095.jpg,0.4583333333333333,0.5,opencv,1777621729.3247063,1,1,locked_only_right_hard,-44,-0.18333333333333332,196,10,382,372,1,right,left,1
images/003096.jpg,0.6770833333333333,0.5,opencv,1777621729.467111,1,1,locked_only_right_hard,-65,-0.2708333333333333,175,-11,361,372,1,right,left,1
images/003097.jpg,0.7083333333333333,0.5,opencv,1777621729.6078484,1,1,locked_only_right_hard,-68,-0.2833333333333333,172,-14,358,372,1,right,left,1
images/003098.jpg,0.6875,0.5,opencv,1777621729.7507782,1,1,locked_only_right_hard,-66,-0.275,174,-12,360,372,1,right,left,1
images/003099.jpg,0.4375,0.5,opencv,1777621729.8940976,1,1,locked_both_hard,-42,-0.175,198,12,384,372,1,both,none,2
images/003100.jpg,0.27083333333333337,0.5,opencv,1777621730.0363204,1,1,locked_both_hard,-26,-0.10833333333333334,214,25,403,373,1,both,none,2
images/003101.jpg,0.17708333333333331,0.5,opencv,1777621730.1776984,1,1,locked_both_hard,-17,-0.07083333333333333,223,41,405,372,1,both,none,2
images/003102.jpg,0.09375,0.5,opencv,1777621730.3216808,1,1,locked_both_hard,-9,-0.0375,231,51,411,368,1,both,none,2
images/003103.jpg,0.07291666666666667,0.5,opencv,1777621730.463134,1,1,locked_both_hard,-7,-0.029166666666666667,233,48,418,367,1,both,none,2
images/003104.jpg,-0.03125,0.5,opencv,1777621730.6069338,1,1,locked_both_hard,3,0.0125,243,65,422,365,1,both,none,2
images/003105.jpg,-0.10416666666666666,0.5,opencv,1777621730.7490947,1,1,locked_both_hard,10,0.041666666666666664,250,75,425,360,1,both,none,2
images/003106.jpg,-0.15625,0.5,opencv,1777621730.8903558,1,1,locked_both_hard,15,0.0625,255,79,431,356,1,both,none,2
images/003107.jpg,-0.125,0.5,opencv,1777621731.0347013,1,1,locked_both_hard,12,0.05,252,83,422,350,1,both,none,2
images/003108.jpg,-0.14583333333333334,0.5,opencv,1777621731.1776342,1,1,locked_both_hard,14,0.058333333333333334,254,80,429,347,1,both,none,2
images/003109.jpg,-0.23958333333333334,0.5,opencv,1777621731.3213353,1,1,locked_both_hard,23,0.09583333333333334,263,86,440,348,1,both,none,2
images/003110.jpg,-0.07291666666666667,0.5,opencv,1777621731.4634788,1,1,locked_both_hard,7,0.029166666666666667,247,62,432,353,1,both,none,2
images/003111.jpg,0.14583333333333334,0.5,opencv,1777621731.6052048,1,1,locked_both_hard,-14,-0.058333333333333334,226,33,420,363,1,both,none,2
images/003112.jpg,0.375,0.5,opencv,1777621731.748988,1,1,locked_both_hard,-36,-0.15,204,11,398,371,1,both,none,2
images/003113.jpg,0.41666666666666663,0.5,opencv,1777621731.89209,1,1,locked_only_right_hard,-40,-0.16666666666666666,200,14,385,371,1,right,left,1
images/003114.jpg,0.40625,0.5,opencv,1777621732.036012,1,1,locked_only_right_hard,-39,-0.1625,201,15,386,371,1,right,left,1
images/003115.jpg,0.46875,0.5,opencv,1777621732.1783357,1,1,locked_only_right_hard,-45,-0.1875,195,9,380,371,1,right,left,1
images/003116.jpg,0.5833333333333334,0.5,opencv,1777621732.3193674,1,1,locked_only_right_hard,-56,-0.23333333333333334,184,-2,369,371,1,right,left,1
images/003117.jpg,0.53125,0.5,opencv,1777621732.467724,1,1,locked_only_right_hard,-51,-0.2125,189,3,374,371,1,right,left,1
images/003118.jpg,0.10416666666666666,0.5,opencv,1777621732.6096416,1,1,locked_only_right_hard,-10,-0.041666666666666664,230,44,415,371,1,right,left,2
images/003119.jpg,0.1875,0.5,opencv,1777621732.7514021,1,1,locked_only_right_hard,-18,-0.075,222,36,407,371,1,right,left,2
images/003120.jpg,1.0,0.47,opencv,1777621732.8949456,1,1,locked_only_right_hard,-104,-0.43333333333333335,136,-50,321,371,1,right,left,1
images/003121.jpg,1.0,0.45,opencv,1777621733.0370061,1,1,locked_only_right_hard,-134,-0.5583333333333333,106,-80,291,371,1,right,left,1
images/003122.jpg,1.0,0.45,opencv,1777621733.1813426,1,1,locked_only_right_hard,-134,-0.5583333333333333,106,-80,291,371,1,right,left,1
images/003123.jpg,1.0,0.47,opencv,1777621733.324917,1,1,locked_only_right_hard,-121,-0.5041666666666667,119,-67,304,371,1,right,left,1
images/003124.jpg,1.0,0.47,opencv,1777621733.4692016,1,1,locked_only_right_hard,-96,-0.4,144,-42,329,371,1,right,left,1
images/003125.jpg,0.8125,0.47,opencv,1777621733.6118999,1,1,locked_only_right_hard,-78,-0.325,162,-24,347,371,1,right,left,1
images/003126.jpg,0.5729166666666666,0.5,opencv,1777621733.7540264,1,1,locked_only_right_hard,-55,-0.22916666666666666,185,-1,370,371,1,right,left,1
images/003127.jpg,0.375,0.5,opencv,1777621733.9012303,1,1,locked_both_hard,-36,-0.15,204,17,392,371,1,both,none,2
images/003128.jpg,0.3229166666666667,0.5,opencv,1777621734.0433104,1,1,locked_both_hard,-31,-0.12916666666666668,209,22,396,373,1,both,none,2
images/003129.jpg,0.25,0.5,opencv,1777621734.1870325,1,1,locked_both_hard,-24,-0.1,216,28,404,373,1,both,none,2
images/003130.jpg,0.2604166666666667,0.5,opencv,1777621734.329179,1,1,locked_both_hard,-25,-0.10416666666666667,215,26,405,374,1,both,none,2
images/003131.jpg,0.28125,0.5,opencv,1777621734.4703054,1,1,locked_both_hard,-27,-0.1125,213,23,403,376,1,both,none,2
images/003132.jpg,0.34375,0.5,opencv,1777621734.6133487,1,1,locked_both_hard,-33,-0.1375,207,23,391,375,1,both,none,2
images/003133.jpg,0.3020833333333333,0.5,opencv,1777621734.7564166,1,1,locked_both_hard,-29,-0.12083333333333333,211,20,403,375,1,both,none,2
images/003134.jpg,0.14583333333333334,0.5,opencv,1777621734.9003303,1,1,locked_both_hard,-14,-0.058333333333333334,226,21,431,383,1,both,none,3
images/003135.jpg,0.5625,0.5,opencv,1777621735.0444527,1,1,locked_both_hard,-54,-0.225,186,22,350,359,1,both,none,2
images/003136.jpg,0.6458333333333334,0.5,opencv,1777621735.1852334,1,1,locked_both_hard,-62,-0.25833333333333336,178,19,337,345,1,both,none,2
images/003137.jpg,0.5208333333333334,0.5,opencv,1777621735.3287728,1,1,locked_both_hard,-50,-0.20833333333333334,190,30,351,336,1,both,none,2
images/003138.jpg,0.2604166666666667,0.5,opencv,1777621735.4689767,1,1,locked_both_hard,-25,-0.10416666666666667,215,45,385,334,1,both,none,2
images/003139.jpg,-0.041666666666666664,0.5,opencv,1777621735.6107593,1,1,locked_both_hard,4,0.016666666666666666,244,65,424,341,1,both,none,2
