image,steering,throttle,source,timestamp,can_drive,auto_enabled,mode,error,error_norm,lane_center,left_x,right_x,lane_width,lane_locked,visible_side,missing_side,contours
images/000001.jpg,0.0,0.20619830927457503,fpv,1777627758.0029504,1,0,fpv_remote_remote,,,,,,,,,,
images/000002.jpg,0.0,0.29383220923490094,fpv,1777627758.1285737,1,0,fpv_remote_remote,,,,,,,,,,
images/000003.jpg,0.37940610980559714,0.28867458113345745,fpv,1777627758.2557418,1,0,fpv_remote_remote,,,,,,,,,,
images/000004.jpg,0.1814508499404889,0.28867458113345745,fpv,1777627758.3832257,1,0,fpv_remote_remote,,,,,,,,,,
images/000005.jpg,0.0,0.2835169530320139,fpv,1777627758.5106342,1,0,fpv_remote_remote,,,,,,,,,,
images/000006.jpg,0.0,0.2783593249305704,fpv,1777627758.6376216,1,0,fpv_remote_remote,,,,,,,,,,
images/000007.jpg,0.13198644978179266,0.2783593249305704,fpv,1777627758.766964,1,0,fpv_remote_remote,,,,,,,,,,
images/000008.jpg,0.49486373485518964,0.2783593249305704,fpv,1777627758.8945987,1,0,fpv_remote_remote,,,,,,,,,,
images/000009.jpg,0.8,0.2783593249305704,fpv,1777627759.02275,1,0,fpv_remote_remote,,,,,,,,,,
images/000010.jpg,0.8,0.2783593249305704,fpv,1777627759.1490421,1,0,fpv_remote_remote,,,,,,,,,,
images/000011.jpg,0.0,0.2783593249305704,fpv,1777627759.2759593,1,0,fpv_remote_remote,,,,,,,,,,
images/000012.jpg,0.0,0.27321695608386487,fpv,1777627759.4033675,1,0,fpv_remote_remote,,,,,,,,,,
images/000013.jpg,0.0,0.2680593279824213,fpv,1777627759.5311718,1,0,fpv_remote_remote,,,,,,,,,,
images/000014.jpg,0.0,0.26290169988097783,fpv,1777627759.6605875,1,0,fpv_remote_remote,,,,,,,,,,
images/000015.jpg,0.8,0.26290169988097783,fpv,1777627759.786664,1,0,fpv_remote_remote,,,,,,,,,,
images/000016.jpg,0.0,0.26290169988097783,fpv,1777627759.914583,1,0,fpv_remote_remote,,,,,,,,,,
images/000017.jpg,0.0,0.26290169988097783,fpv,1777627760.0404723,1,0,fpv_remote_remote,,,,,,,,,,
images/000018.jpg,0.0,0.26290169988097783,fpv,1777627760.1692073,1,0,fpv_remote_remote,,,,,,,,,,
images/000019.jpg,0.0,0.26290169988097783,fpv,1777627760.2984438,1,0,fpv_remote_remote,,,,,,,,,,
images/000020.jpg,0.0,0.26290169988097783,fpv,1777627760.4258597,1,0,fpv_remote_remote,,,,,,,,,,
images/000021.jpg,0.0,0.26290169988097783,fpv,1777627760.5520813,1,0,fpv_remote_remote,,,,,,,,,,
images/000022.jpg,0.8,0.26290169988097783,fpv,1777627760.679834,1,0,fpv_remote_remote,,,,,,,,,,
images/000023.jpg,0.0,0.26290169988097783,fpv,1777627760.80612,1,0,fpv_remote_remote,,,,,,,,,,
images/000024.jpg,0.0,0.26290169988097783,fpv,1777627760.934765,1,0,fpv_remote_remote,,,,,,,,,,
images/000025.jpg,0.0,0.26290169988097783,fpv,1777627761.0615664,1,0,fpv_remote_remote,,,,,,,,,,
images/000026.jpg,0.0,0.26290169988097783,fpv,1777627761.1887724,1,0,fpv_remote_remote,,,,,,,,,,
images/000027.jpg,0.0,0.26290169988097783,fpv,1777627761.3158917,1,0,fpv_remote_remote,,,,,,,,,,
images/000028.jpg,0.0,0.26290169988097783,fpv,1777627761.4443464,1,0,fpv_remote_remote,,,,,,,,,,
images/000029.jpg,0.8,0.26290169988097783,fpv,1777627761.5717063,1,0,fpv_remote_remote,,,,,,,,,,
images/000030.jpg,0.3629016998809778,0.29383220923490094,fpv,1777627761.6992044,1,0,fpv_remote_remote,,,,,,,,,,
images/000031.jpg,0.0,0.31444746238593707,fpv,1777627761.827707,1,0,fpv_remote_remote,,,,,,,,,,
images/000032.jpg,0.0,0.4226966154972991,fpv,1777627761.9532127,1,0,fpv_remote_remote,,,,,,,,,,
images/000033.jpg,0.0,0.5,fpv,1777627762.0800447,1,0,fpv_remote_remote,,,,,,,,,,
images/000034.jpg,0.0,0.5,fpv,1777627762.2058678,1,0,fpv_remote_remote,,,,,,,,,,
images/000035.jpg,0.0,0.5,fpv,1777627762.3360438,1,0,fpv_remote_remote,,,,,,,,,,
images/000036.jpg,0.0,0.5,fpv,1777627762.4628463,1,0,fpv_remote_remote,,,,,,,,,,
images/000037.jpg,0.0,0.5,fpv,1777627762.5918775,1,0,fpv_remote_remote,,,,,,,,,,
images/000038.jpg,0.0,0.5,fpv,1777627762.7183273,1,0,fpv_remote_remote,,,,,,,,,,
images/000039.jpg,0.8,0.5,fpv,1777627762.8461366,1,0,fpv_remote_remote,,,,,,,,,,
images/000040.jpg,0.8,0.5,fpv,1777627762.9740264,1,0,fpv_remote_remote,,,,,,,,,,
images/000041.jpg,0.8,0.4433271279030732,fpv,1777627763.1056664,1,0,fpv_remote_remote,,,,,,,,,,
images/000042.jpg,0.0,0.10310678426465651,fpv,1777627763.230953,1,0,fpv_remote_remote,,,,,,,,,,
images/000043.jpg,0.0,0.08249153111362041,fpv,1777627763.3568962,1,0,fpv_remote_remote,,,,,,,,,,
images/000044.jpg,-0.8,0.15465254676961576,fpv,1777627764.0722075,1,0,fpv_remote_remote,,,,,,,,,,
images/000045.jpg,-0.8,0.2165135654774621,fpv,1777627764.2014043,1,0,fpv_remote_remote,,,,,,,,,,
images/000046.jpg,-0.5360759300515764,0.26290169988097783,fpv,1777627764.3279366,1,0,fpv_remote_remote,,,,,,,,,,
images/000047.jpg,-0.42061830500198377,0.27321695608386487,fpv,1777627764.4572434,1,0,fpv_remote_remote,,,,,,,,,,
images/000048.jpg,-0.4288705099642933,0.2835169530320139,fpv,1777627764.584832,1,0,fpv_remote_remote,,,,,,,,,,
images/000049.jpg,-0.8,0.2835169530320139,fpv,1777627764.7127047,1,0,fpv_remote_remote,,,,,,,,,,
images/000050.jpg,0.0,0.2783593249305704,fpv,1777627764.8383176,1,0,fpv_remote_remote,,,,,,,,,,
images/000051.jpg,0.0,0.2783593249305704,fpv,1777627764.967065,1,0,fpv_remote_remote,,,,,,,,,,
images/000052.jpg,0.0,0.2783593249305704,fpv,1777627765.0938652,1,0,fpv_remote_remote,,,,,,,,,,
images/000053.jpg,0.0,0.2783593249305704,fpv,1777627765.220855,1,0,fpv_remote_remote,,,,,,,,,,
images/000054.jpg,0.0,0.2783593249305704,fpv,1777627765.3491187,1,0,fpv_remote_remote,,,,,,,,,,
images/000055.jpg,0.0,0.2783593249305704,fpv,1777627765.47478,1,0,fpv_remote_remote,,,,,,,,,,
images/000056.jpg,0.0,0.2783593249305704,fpv,1777627765.6024117,1,0,fpv_remote_remote,,,,,,,,,,
images/000057.jpg,0.0,0.2783593249305704,fpv,1777627765.728644,1,0,fpv_remote_remote,,,,,,,,,,
images/000058.jpg,0.0,0.2783593249305704,fpv,1777627765.8581438,1,0,fpv_remote_remote,,,,,,,,,,
images/000059.jpg,-0.5030915250099185,0.2783593249305704,fpv,1777627765.9850016,1,0,fpv_remote_remote,,,,,,,,,,
images/000060.jpg,-0.3216406750694296,0.29383220923490094,fpv,1777627766.1128786,1,0,fpv_remote_remote,,,,,,,,,,
images/000061.jpg,0.0,0.40723899044770656,fpv,1777627766.238747,1,0,fpv_remote_remote,,,,,,,,,,
images/000062.jpg,0.0,0.4330118717001862,fpv,1777627766.3661265,1,0,fpv_remote_remote,,,,,,,,,,
images/000063.jpg,0.0,0.4845576342051454,fpv,1777627766.4909084,1,0,fpv_remote_remote,,,,,,,,,,
images/000064.jpg,0.0,0.5,fpv,1777627766.617427,1,0,fpv_remote_remote,,,,,,,,,,
images/000065.jpg,0.0,0.5,fpv,1777627766.7440238,1,0,fpv_remote_remote,,,,,,,,,,
images/000066.jpg,0.0,0.5,fpv,1777627766.8718228,1,0,fpv_remote_remote,,,,,,,,,,
images/000067.jpg,-0.3546494949186682,0.5,fpv,1777627766.9980247,1,0,fpv_remote_remote,,,,,,,,,,
images/000068.jpg,-0.4948393200476089,0.5,fpv,1777627767.1256151,1,0,fpv_remote_remote,,,,,,,,,,
images/000069.jpg,-0.23091525009918518,0.5,fpv,1777627767.2513738,1,0,fpv_remote_remote,,,,,,,,,,
images/000070.jpg,0.0,0.5,fpv,1777627767.3822238,1,0,fpv_remote_remote,,,,,,,,,,
images/000071.jpg,0.0,0.5,fpv,1777627767.5086532,1,0,fpv_remote_remote,,,,,,,,,,
images/000072.jpg,0.0,0.5,fpv,1777627767.6423137,1,0,fpv_remote_remote,,,,,,,,,,
images/000073.jpg,0.0,0.5,fpv,1777627767.7709143,1,0,fpv_remote_remote,,,,,,,,,,
images/000074.jpg,0.8,0.5,fpv,1777627767.8982365,1,0,fpv_remote_remote,,,,,,,,,,
images/000075.jpg,0.8,0.5,fpv,1777627768.02762,1,0,fpv_remote_remote,,,,,,,,,,
images/000076.jpg,0.8,0.5,fpv,1777627768.1527202,1,0,fpv_remote_remote,,,,,,,,,,
images/000077.jpg,0.8,0.5,fpv,1777627768.2828403,1,0,fpv_remote_remote,,,,,,,,,,
images/000078.jpg,0.8,0.5,fpv,1777627768.410558,1,0,fpv_remote_remote,,,,,,,,,,
images/000079.jpg,0.0,0.5,fpv,1777627768.5392263,1,0,fpv_remote_remote,,,,,,,,,,
images/000080.jpg,0.0,0.5,fpv,1777627768.6658,1,0,fpv_remote_remote,,,,,,,,,,
images/000081.jpg,0.0,0.4845576342051454,fpv,1777627768.7936268,1,0,fpv_remote_remote,,,,,,,,,,
images/000082.jpg,0.0,0.3196050904873806,fpv,1777627768.9209085,1,0,fpv_remote_remote,,,,,,,,,,
images/000083.jpg,0.8,-0.5,fpv,1777627770.455133,1,0,fpv_remote_remote,,,,,,,,,,
images/000084.jpg,0.8,-0.5,fpv,1777627770.582711,1,0,fpv_remote_remote,,,,,,,,,,
images/000085.jpg,0.8,-0.5,fpv,1777627770.7117763,1,0,fpv_remote_remote,,,,,,,,,,
images/000086.jpg,0.0,-0.12886440626239815,fpv,1777627770.8379803,1,0,fpv_remote_remote,,,,,,,,,,
images/000087.jpg,-0.8,0.5,fpv,1777627771.4747307,1,0,fpv_remote_remote,,,,,,,,,,
images/000088.jpg,-0.8,0.5,fpv,1777627771.600879,1,0,fpv_remote_remote,,,,,,,,,,
images/000089.jpg,-0.8,0.5,fpv,1777627771.7288573,1,0,fpv_remote_remote,,,,,,,,,,
images/000090.jpg,0.0,0.5,fpv,1777627771.8554199,1,0,fpv_remote_remote,,,,,,,,,,
images/000091.jpg,0.0,0.5,fpv,1777627771.9814188,1,0,fpv_remote_remote,,,,,,,,,,
images/000092.jpg,0.0,0.5,fpv,1777627772.108805,1,0,fpv_remote_remote,,,,,,,,,,
images/000093.jpg,0.8,0.5,fpv,1777627772.2370849,1,0,fpv_remote_remote,,,,,,,,,,
images/000094.jpg,0.0,0.5,fpv,1777627772.364322,1,0,fpv_remote_remote,,,,,,,,,,
images/000095.jpg,0.0,0.5,fpv,1777627772.492376,1,0,fpv_remote_remote,,,,,,,,,,
images/000096.jpg,0.0,0.5,fpv,1777627772.6186452,1,0,fpv_remote_remote,,,,,,,,,,
images/000097.jpg,0.0,0.5,fpv,1777627772.7467902,1,0,fpv_remote_remote,,,,,,,,,,
images/000098.jpg,0.0,0.5,fpv,1777627772.8735144,1,0,fpv_remote_remote,,,,,,,,,,
images/000099.jpg,0.0,0.5,fpv,1777627773.000213,1,0,fpv_remote_remote,,,,,,,,,,
images/000100.jpg,0.0,0.5,fpv,1777627773.12832,1,0,fpv_remote_remote,,,,,,,,,,
images/000101.jpg,0.0,0.5,fpv,1777627773.2551148,1,0,fpv_remote_remote,,,,,,,,,,
images/000102.jpg,0.0,0.5,fpv,1777627773.3821132,1,0,fpv_remote_remote,,,,,,,,,,
images/000103.jpg,0.0,0.5,fpv,1777627773.508478,1,0,fpv_remote_remote,,,,,,,,,,
images/000104.jpg,0.0,0.5,fpv,1777627773.6360002,1,0,fpv_remote_remote,,,,,,,,,,
images/000105.jpg,0.0,0.5,fpv,1777627773.7629402,1,0,fpv_remote_remote,,,,,,,,,,
images/000106.jpg,0.8,0.5,fpv,1777627773.8915462,1,0,fpv_remote_remote,,,,,,,,,,
images/000107.jpg,0.8,0.5,fpv,1777627774.0180883,1,0,fpv_remote_remote,,,,,,,,,,
images/000108.jpg,0.8,0.5,fpv,1777627774.145915,1,0,fpv_remote_remote,,,,,,,,,,
images/000109.jpg,0.8,0.5,fpv,1777627774.271497,1,0,fpv_remote_remote,,,,,,,,,,
images/000110.jpg,0.4701315347758415,0.5,fpv,1777627774.3996425,1,0,fpv_remote_remote,,,,,,,,,,
images/000111.jpg,0.0,0.5,fpv,1777627774.5261445,1,0,fpv_remote_remote,,,,,,,,,,
images/000112.jpg,0.0,0.5,fpv,1777627774.6525595,1,0,fpv_remote_remote,,,,,,,,,,
images/000113.jpg,0.0,0.5,fpv,1777627774.779049,1,0,fpv_remote_remote,,,,,,,,,,
images/000114.jpg,0.0,0.5,fpv,1777627774.907897,1,0,fpv_remote_remote,,,,,,,,,,
images/000115.jpg,0.0,0.5,fpv,1777627775.0346491,1,0,fpv_remote_remote,,,,,,,,,,
images/000116.jpg,0.0,0.5,fpv,1777627775.16499,1,0,fpv_remote_remote,,,,,,,,,,
images/000117.jpg,0.0,0.5,fpv,1777627775.291654,1,0,fpv_remote_remote,,,,,,,,,,
images/000118.jpg,0.0,0.5,fpv,1777627775.418483,1,0,fpv_remote_remote,,,,,,,,,,
images/000119.jpg,0.0,0.5,fpv,1777627775.5451214,1,0,fpv_remote_remote,,,,,,,,,,
images/000120.jpg,0.0,0.43816949980162967,fpv,1777627775.6742551,1,0,fpv_remote_remote,,,,,,,,,,
images/000121.jpg,0.0,0.4330118717001862,fpv,1777627775.8012443,1,0,fpv_remote_remote,,,,,,,,,,
images/000122.jpg,0.0,0.4175389873958556,fpv,1777627775.9279814,1,0,fpv_remote_remote,,,,,,,,,,
images/000123.jpg,0.0,0.38662373729667043,fpv,1777627776.056435,1,0,fpv_remote_remote,,,,,,,,,,
images/000124.jpg,0.0,0.3608508560441908,fpv,1777627776.1840794,1,0,fpv_remote_remote,,,,,,,,,,
images/000125.jpg,0.0,0.35569322794274727,fpv,1777627776.3115387,1,0,fpv_remote_remote,,,,,,,,,,
images/000126.jpg,0.0,0.3402203436384167,fpv,1777627776.438415,1,0,fpv_remote_remote,,,,,,,,,,
images/000127.jpg,0.0,0.3402203436384167,fpv,1777627776.5653265,1,0,fpv_remote_remote,,,,,,,,,,
images/000128.jpg,0.0,0.27321695608386487,fpv,1777627776.693562,1,0,fpv_remote_remote,,,,,,,,,,
images/000129.jpg,0.0,0.2577440717795343,fpv,1777627776.821429,1,0,fpv_remote_remote,,,,,,,,,,
images/000130.jpg,0.0,0.2577440717795343,fpv,1777627776.9492745,1,0,fpv_remote_remote,,,,,,,,,,
images/000131.jpg,0.0,0.2577440717795343,fpv,1777627777.0774503,1,0,fpv_remote_remote,,,,,,,,,,
images/000132.jpg,0.0,0.26290169988097783,fpv,1777627777.2040899,1,0,fpv_remote_remote,,,,,,,,,,
images/000133.jpg,0.0,0.5,fpv,1777627777.3313537,1,0,fpv_remote_remote,,,,,,,,,,
images/000134.jpg,0.0,0.5,fpv,1777627777.4572766,1,0,fpv_remote_remote,,,,,,,,,,
images/000135.jpg,0.0,0.5,fpv,1777627777.584891,1,0,fpv_remote_remote,,,,,,,,,,
images/000136.jpg,0.0,0.5,fpv,1777627777.710834,1,0,fpv_remote_remote,,,,,,,,,,
images/000137.jpg,0.0,0.5,fpv,1777627777.8367462,1,0,fpv_remote_remote,,,,,,,,,,
images/000138.jpg,0.0,0.5,fpv,1777627777.9642875,1,0,fpv_remote_remote,,,,,,,,,,
images/000139.jpg,0.0,0.5,fpv,1777627778.09027,1,0,fpv_remote_remote,,,,,,,,,,
images/000140.jpg,0.0,0.5,fpv,1777627778.217654,1,0,fpv_remote_remote,,,,,,,,,,
images/000141.jpg,0.0,0.5,fpv,1777627778.3439412,1,0,fpv_remote_remote,,,,,,,,,,
images/000142.jpg,0.0,0.5,fpv,1777627778.4701083,1,0,fpv_remote_remote,,,,,,,,,,
images/000143.jpg,0.0,0.5,fpv,1777627778.597644,1,0,fpv_remote_remote,,,,,,,,,,
images/000144.jpg,0.0,0.5,fpv,1777627778.72261,1,0,fpv_remote_remote,,,,,,,,,,
images/000145.jpg,0.8,0.5,fpv,1777627778.848067,1,0,fpv_remote_remote,,,,,,,,,,
images/000146.jpg,0.7835444196905423,0.5,fpv,1777627778.974502,1,0,fpv_remote_remote,,,,,,,,,,
images/000147.jpg,0.7093234046449172,0.5,fpv,1777627779.1039665,1,0,fpv_remote_remote,,,,,,,,,,
images/000148.jpg,0.6433301797540208,0.5,fpv,1777627779.2300742,1,0,fpv_remote_remote,,,,,,,,,,
images/000149.jpg,0.0,0.5,fpv,1777627779.3572092,1,0,fpv_remote_remote,,,,,,,,,,
images/000150.jpg,0.0,0.5,fpv,1777627779.4844122,1,0,fpv_remote_remote,,,,,,,,,,
images/000151.jpg,0.0,0.5,fpv,1777627779.6114872,1,0,fpv_remote_remote,,,,,,,,,,
images/000152.jpg,-0.8,0.5,fpv,1777627779.7365482,1,0,fpv_remote_remote,,,,,,,,,,
images/000153.jpg,-0.8,0.5,fpv,1777627779.8645072,1,0,fpv_remote_remote,,,,,,,,,,
images/000154.jpg,0.0,0.5,fpv,1777627779.9918482,1,0,fpv_remote_remote,,,,,,,,,,
images/000155.jpg,0.0,0.5,fpv,1777627780.12002,1,0,fpv_remote_remote,,,,,,,,,,
images/000156.jpg,0.5691091647083957,0.5,fpv,1777627780.2486043,1,0,fpv_remote_remote,,,,,,,,,,
images/000157.jpg,0.8,0.5,fpv,1777627780.3765044,1,0,fpv_remote_remote,,,,,,,,,,
images/000158.jpg,0.8,0.5,fpv,1777627780.504656,1,0,fpv_remote_remote,,,,,,,,,,
images/000159.jpg,0.8,0.5,fpv,1777627780.6339636,1,0,fpv_remote_remote,,,,,,,,,,
images/000160.jpg,0.0,0.5,fpv,1777627780.760828,1,0,fpv_remote_remote,,,,,,,,,,
images/000161.jpg,0.0,0.5,fpv,1777627780.8886616,1,0,fpv_remote_remote,,,,,,,,,,
images/000162.jpg,0.0,0.5,fpv,1777627781.0159621,1,0,fpv_remote_remote,,,,,,,,,,
images/000163.jpg,0.0,0.5,fpv,1777627781.1417542,1,0,fpv_remote_remote,,,,,,,,,,
images/000164.jpg,0.0,0.5,fpv,1777627781.2698307,1,0,fpv_remote_remote,,,,,,,,,,
images/000165.jpg,0.8,0.5,fpv,1777627781.3974836,1,0,fpv_remote_remote,,,,,,,,,,
images/000166.jpg,0.8,0.5,fpv,1777627781.5264504,1,0,fpv_remote_remote,,,,,,,,,,
images/000167.jpg,0.8,0.5,fpv,1777627781.6546412,1,0,fpv_remote_remote,,,,,,,,,,
images/000168.jpg,0.8,0.5,fpv,1777627781.7821496,1,0,fpv_remote_remote,,,,,,,,,,
images/000169.jpg,0.8,0.5,fpv,1777627781.9089096,1,0,fpv_remote_remote,,,,,,,,,,
images/000170.jpg,0.0,0.5,fpv,1777627782.0366602,1,0,fpv_remote_remote,,,,,,,,,,
images/000171.jpg,0.0,0.5,fpv,1777627782.163394,1,0,fpv_remote_remote,,,,,,,,,,
images/000172.jpg,0.0,0.5,fpv,1777627782.2892163,1,0,fpv_remote_remote,,,,,,,,,,
images/000173.jpg,0.0,0.5,fpv,1777627782.416869,1,0,fpv_remote_remote,,,,,,,,,,
images/000174.jpg,-0.7917722098452712,0.5,fpv,1777627782.543012,1,0,fpv_remote_remote,,,,,,,,,,
images/000175.jpg,-0.8,0.5,fpv,1777627782.6709626,1,0,fpv_remote_remote,,,,,,,,,,
images/000176.jpg,0.0,0.5,fpv,1777627782.7994347,1,0,fpv_remote_remote,,,,,,,,,,
images/000177.jpg,0.0,0.5,fpv,1777627782.926792,1,0,fpv_remote_remote,,,,,,,,,,
images/000178.jpg,0.0,0.5,fpv,1777627783.051878,1,0,fpv_remote_remote,,,,,,,,,,
images/000179.jpg,0.0,0.5,fpv,1777627783.1790576,1,0,fpv_remote_remote,,,,,,,,,,
images/000180.jpg,0.0,0.5,fpv,1777627783.3045812,1,0,fpv_remote_remote,,,,,,,,,,
images/000181.jpg,0.0,0.5,fpv,1777627783.4344735,1,0,fpv_remote_remote,,,,,,,,,,
images/000182.jpg,-0.8,0.5,fpv,1777627783.5601263,1,0,fpv_remote_remote,,,,,,,,,,
images/000183.jpg,-0.8,0.5,fpv,1777627783.687416,1,0,fpv_remote_remote,,,,,,,,,,
images/000184.jpg,0.0,0.5,fpv,1777627783.8126767,1,0,fpv_remote_remote,,,,,,,,,,
images/000185.jpg,0.0,0.5,fpv,1777627783.9406476,1,0,fpv_remote_remote,,,,,,,,,,
images/000186.jpg,0.0,0.5,fpv,1777627784.0680718,1,0,fpv_remote_remote,,,,,,,,,,
images/000187.jpg,0.0,0.5,fpv,1777627784.1952488,1,0,fpv_remote_remote,,,,,,,,,,
images/000188.jpg,0.0,0.5,fpv,1777627784.3210473,1,0,fpv_remote_remote,,,,,,,,,,
images/000189.jpg,0.0,0.5,fpv,1777627784.4497771,1,0,fpv_remote_remote,,,,,,,,,,
images/000190.jpg,0.0,0.5,fpv,1777627784.5764139,1,0,fpv_remote_remote,,,,,,,,,,
images/000191.jpg,0.1402142399365215,0.5,fpv,1777627784.7041624,1,0,fpv_remote_remote,,,,,,,,,,
images/000192.jpg,0.8,0.5,fpv,1777627784.8329148,1,0,fpv_remote_remote,,,,,,,,,,
images/000193.jpg,0.8,0.5,fpv,1777627784.9583313,1,0,fpv_remote_remote,,,,,,,,,,
images/000194.jpg,0.0,0.5,fpv,1777627785.0846944,1,0,fpv_remote_remote,,,,,,,,,,
images/000195.jpg,0.8,0.5,fpv,1777627785.2114651,1,0,fpv_remote_remote,,,,,,,,,,
images/000196.jpg,0.8,0.5,fpv,1777627785.340146,1,0,fpv_remote_remote,,,,,,,,,,
images/000197.jpg,0.0,0.5,fpv,1777627785.4666808,1,0,fpv_remote_remote,,,,,,,,,,
images/000198.jpg,0.0,0.5,fpv,1777627785.595359,1,0,fpv_remote_remote,,,,,,,,,,
images/000199.jpg,0.0,0.5,fpv,1777627785.722857,1,0,fpv_remote_remote,,,,,,,,,,
images/000200.jpg,0.0,0.5,fpv,1777627785.8508093,1,0,fpv_remote_remote,,,,,,,,,,
images/000201.jpg,0.0,0.5,fpv,1777627785.978305,1,0,fpv_remote_remote,,,,,,,,,,
images/000202.jpg,0.0,0.5,fpv,1777627786.1060116,1,0,fpv_remote_remote,,,,,,,,,,
images/000203.jpg,0.8,0.5,fpv,1777627786.235874,1,0,fpv_remote_remote,,,,,,,,,,
images/000204.jpg,0.0,0.5,fpv,1777627786.3634818,1,0,fpv_remote_remote,,,,,,,,,,
images/000205.jpg,0.0,0.5,fpv,1777627786.492072,1,0,fpv_remote_remote,,,,,,,,,,
images/000206.jpg,0.0,0.5,fpv,1777627786.6178527,1,0,fpv_remote_remote,,,,,,,,,,
images/000207.jpg,0.0,0.5,fpv,1777627786.746816,1,0,fpv_remote_remote,,,,,,,,,,
images/000208.jpg,0.0,0.5,fpv,1777627786.8759184,1,0,fpv_remote_remote,,,,,,,,,,
images/000209.jpg,-0.8,0.5,fpv,1777627787.003417,1,0,fpv_remote_remote,,,,,,,,,,
images/000210.jpg,-0.8,0.5,fpv,1777627787.1312752,1,0,fpv_remote_remote,,,,,,,,,,
images/000211.jpg,-0.8,0.5,fpv,1777627787.25973,1,0,fpv_remote_remote,,,,,,,,,,
images/000212.jpg,-0.8,0.5,fpv,1777627787.3875241,1,0,fpv_remote_remote,,,,,,,,,,
images/000213.jpg,0.0,0.5,fpv,1777627787.5146673,1,0,fpv_remote_remote,,,,,,,,,,
images/000214.jpg,0.8,0.5,fpv,1777627787.6423905,1,0,fpv_remote_remote,,,,,,,,,,
images/000215.jpg,0.8,0.5,fpv,1777627787.769081,1,0,fpv_remote_remote,,,,,,,,,,
images/000216.jpg,0.8,0.5,fpv,1777627787.896829,1,0,fpv_remote_remote,,,,,,,,,,
images/000217.jpg,0.8,0.5,fpv,1777627788.0235481,1,0,fpv_remote_remote,,,,,,,,,,
images/000218.jpg,0.8,0.5,fpv,1777627788.1518629,1,0,fpv_remote_remote,,,,,,,,,,
images/000219.jpg,0.0,0.5,fpv,1777627788.2826083,1,0,fpv_remote_remote,,,,,,,,,,
images/000220.jpg,0.0,0.5,fpv,1777627788.4119618,1,0,fpv_remote_remote,,,,,,,,,,
images/000221.jpg,0.0,0.5,fpv,1777627788.538907,1,0,fpv_remote_remote,,,,,,,,,,
images/000222.jpg,0.0,0.5,fpv,1777627788.6654975,1,0,fpv_remote_remote,,,,,,,,,,
images/000223.jpg,0.8,0.5,fpv,1777627788.793567,1,0,fpv_remote_remote,,,,,,,,,,
images/000224.jpg,0.8,0.5,fpv,1777627788.9203875,1,0,fpv_remote_remote,,,,,,,,,,
images/000225.jpg,0.8,0.5,fpv,1777627789.0479903,1,0,fpv_remote_remote,,,,,,,,,,
images/000226.jpg,0.8,0.5,fpv,1777627789.1752846,1,0,fpv_remote_remote,,,,,,,,,,
images/000227.jpg,0.8,0.5,fpv,1777627789.3033347,1,0,fpv_remote_remote,,,,,,,,,,
images/000228.jpg,0.0,0.5,fpv,1777627789.4309857,1,0,fpv_remote_remote,,,,,,,,,,
images/000229.jpg,0.0,0.5,fpv,1777627789.5599668,1,0,fpv_remote_remote,,,,,,,,,,
images/000230.jpg,0.0,0.5,fpv,1777627789.6892118,1,0,fpv_remote_remote,,,,,,,,,,
images/000231.jpg,0.0,0.5,fpv,1777627789.815441,1,0,fpv_remote_remote,,,,,,,,,,
images/000232.jpg,0.0,-0.5,fpv,1777627790.06879,1,0,fpv_remote_remote,,,,,,,,,,
images/000233.jpg,-0.8,-0.5,fpv,1777627790.194879,1,0,fpv_remote_remote,,,,,,,,,,
images/000234.jpg,-0.8,-0.5,fpv,1777627790.3224363,1,0,fpv_remote_remote,,,,,,,,,,
images/000235.jpg,-0.8,-0.5,fpv,1777627790.4497197,1,0,fpv_remote_remote,,,,,,,,,,
images/000236.jpg,-0.8,-0.5,fpv,1777627790.576128,1,0,fpv_remote_remote,,,,,,,,,,
images/000237.jpg,0.0,-0.34536271248512224,fpv,1777627790.7032332,1,0,fpv_remote_remote,,,,,,,,,,
images/000238.jpg,0.0,0.5,fpv,1777627791.3396924,1,0,fpv_remote_remote,,,,,,,,,,
images/000239.jpg,0.0,0.5,fpv,1777627791.4684033,1,0,fpv_remote_remote,,,,,,,,,,
images/000240.jpg,0.0,0.5,fpv,1777627791.5946112,1,0,fpv_remote_remote,,,,,,,,,,
images/000241.jpg,0.0,0.5,fpv,1777627791.7224522,1,0,fpv_remote_remote,,,,,,,,,,
images/000242.jpg,-0.8,0.5,fpv,1777627791.848263,1,0,fpv_remote_remote,,,,,,,,,,
images/000243.jpg,0.0,0.5,fpv,1777627791.9782758,1,0,fpv_remote_remote,,,,,,,,,,
images/000244.jpg,0.0,0.5,fpv,1777627792.1062074,1,0,fpv_remote_remote,,,,,,,,,,
images/000245.jpg,0.0,0.5,fpv,1777627792.2342098,1,0,fpv_remote_remote,,,,,,,,,,
images/000246.jpg,0.0,0.5,fpv,1777627792.361738,1,0,fpv_remote_remote,,,,,,,,,,
images/000247.jpg,0.0,-0.5,fpv,1777627792.698207,1,0,fpv_remote_remote,,,,,,,,,,
images/000248.jpg,0.0,-0.5,fpv,1777627792.8259552,1,0,fpv_remote_remote,,,,,,,,,,
images/000249.jpg,0.0,-0.5,fpv,1777627792.9513605,1,0,fpv_remote_remote,,,,,,,,,,
images/000250.jpg,0.0,-0.5,fpv,1777627793.0811272,1,0,fpv_remote_remote,,,,,,,,,,
images/000251.jpg,0.0,-0.5,fpv,1777627793.208701,1,0,fpv_remote_remote,,,,,,,,,,
images/000252.jpg,-0.8,0.3350627155369732,fpv,1777627794.3114674,1,0,fpv_remote_remote,,,,,,,,,,
images/000253.jpg,-0.8,0.5,fpv,1777627794.4398224,1,0,fpv_remote_remote,,,,,,,,,,
images/000254.jpg,-0.8,0.5,fpv,1777627794.566897,1,0,fpv_remote_remote,,,,,,,,,,
images/000255.jpg,-0.8,0.5,fpv,1777627794.6953926,1,0,fpv_remote_remote,,,,,,,,,,
images/000256.jpg,-0.8,0.5,fpv,1777627794.8229694,1,0,fpv_remote_remote,,,,,,,,,,
images/000257.jpg,0.0,0.5,fpv,1777627794.9498844,1,0,fpv_remote_remote,,,,,,,,,,
images/000258.jpg,0.8,0.5,fpv,1777627795.0754728,1,0,fpv_remote_remote,,,,,,,,,,
images/000259.jpg,0.8,0.5,fpv,1777627795.204624,1,0,fpv_remote_remote,,,,,,,,,,
images/000260.jpg,0.8,0.5,fpv,1777627795.3309064,1,0,fpv_remote_remote,,,,,,,,,,
images/000261.jpg,0.8,0.5,fpv,1777627795.4585376,1,0,fpv_remote_remote,,,,,,,,,,
images/000262.jpg,0.8,0.5,fpv,1777627795.5859003,1,0,fpv_remote_remote,,,,,,,,,,
images/000263.jpg,0.0,0.5,fpv,1777627795.7142513,1,0,fpv_remote_remote,,,,,,,,,,
images/000264.jpg,-0.8,-0.5,fpv,1777627796.0090013,1,0,fpv_remote_remote,,,,,,,,,,
images/000265.jpg,-0.8,-0.5,fpv,1777627796.1358004,1,0,fpv_remote_remote,,,,,,,,,,
images/000266.jpg,-0.8,-0.5,fpv,1777627796.262394,1,0,fpv_remote_remote,,,,,,,,,,
images/000267.jpg,-0.8,-0.5,fpv,1777627796.3878932,1,0,fpv_remote_remote,,,,,,,,,,
images/000268.jpg,-0.8,-0.5,fpv,1777627796.5145438,1,0,fpv_remote_remote,,,,,,,,,,
images/000269.jpg,-0.8,-0.5,fpv,1777627796.6403475,1,0,fpv_remote_remote,,,,,,,,,,
images/000270.jpg,0.0,0.32992034669026765,fpv,1777627797.7806084,1,0,fpv_remote_remote,,,,,,,,,,
images/000271.jpg,0.8,0.3814661091952269,fpv,1777627797.9069166,1,0,fpv_remote_remote,,,,,,,,,,
images/000272.jpg,0.8,0.5,fpv,1777627798.0346382,1,0,fpv_remote_remote,,,,,,,,,,
images/000273.jpg,0.8,0.5,fpv,1777627798.161356,1,0,fpv_remote_remote,,,,,,,,,,
images/000274.jpg,0.12373424481948302,0.5,fpv,1777627798.291566,1,0,fpv_remote_remote,,,,,,,,,,
images/000275.jpg,0.0,0.5,fpv,1777627798.4181824,1,0,fpv_remote_remote,,,,,,,,,,
images/000276.jpg,0.0,0.5,fpv,1777627798.546601,1,0,fpv_remote_remote,,,,,,,,,,
images/000277.jpg,-0.6268013550218208,0.5,fpv,1777627798.6731436,1,0,fpv_remote_remote,,,,,,,,,,
images/000278.jpg,-0.8,0.5,fpv,1777627798.7996619,1,0,fpv_remote_remote,,,,,,,,,,
images/000279.jpg,-0.8,0.5,fpv,1777627798.92632,1,0,fpv_remote_remote,,,,,,,,,,
images/000280.jpg,-0.8,0.47940000610370187,fpv,1777627799.053668,1,0,fpv_remote_remote,,,,,,,,,,
images/000281.jpg,-0.8,0.3608508560441908,fpv,1777627799.18046,1,0,fpv_remote_remote,,,,,,,,,,
images/000282.jpg,0.0,-0.49485763115329445,fpv,1777627799.3923376,1,0,fpv_remote_remote,,,,,,,,,,
images/000283.jpg,0.0,-0.5,fpv,1777627799.518059,1,0,fpv_remote_remote,,,,,,,,,,
images/000284.jpg,0.0,-0.5,fpv,1777627799.645145,1,0,fpv_remote_remote,,,,,,,,,,
images/000285.jpg,0.2391918698690756,-0.5,fpv,1777627799.7724812,1,0,fpv_remote_remote,,,,,,,,,,
images/000286.jpg,0.8,-0.5,fpv,1777627799.9008567,1,0,fpv_remote_remote,,,,,,,,,,
images/000287.jpg,0.8,-0.5,fpv,1777627800.0273006,1,0,fpv_remote_remote,,,,,,,,,,
images/000288.jpg,0.8,-0.5,fpv,1777627800.1564617,1,0,fpv_remote_remote,,,,,,,,,,
images/000289.jpg,0.8,-0.5,fpv,1777627801.0873349,1,0,fpv_remote_remote,,,,,,,,,,
images/000290.jpg,0.8,-0.5,fpv,1777627801.216769,1,0,fpv_remote_remote,,,,,,,,,,
images/000291.jpg,-0.8,0.5,fpv,1777627801.9399598,1,0,fpv_remote_remote,,,,,,,,,,
images/000292.jpg,-0.8,0.5,fpv,1777627802.068111,1,0,fpv_remote_remote,,,,,,,,,,
images/000293.jpg,-0.8,0.5,fpv,1777627802.194431,1,0,fpv_remote_remote,,,,,,,,,,
images/000294.jpg,-0.8,0.5,fpv,1777627802.3230226,1,0,fpv_remote_remote,,,,,,,,,,
images/000295.jpg,-0.8,0.5,fpv,1777627802.4485939,1,0,fpv_remote_remote,,,,,,,,,,
images/000296.jpg,0.0,0.5,fpv,1777627802.5762036,1,0,fpv_remote_remote,,,,,,,,,,
images/000297.jpg,0.8,0.5,fpv,1777627802.7028115,1,0,fpv_remote_remote,,,,,,,,,,
images/000298.jpg,0.8,0.5,fpv,1777627802.8307254,1,0,fpv_remote_remote,,,,,,,,,,
images/000299.jpg,0.8,0.5,fpv,1777627802.9566486,1,0,fpv_remote_remote,,,,,,,,,,
images/000300.jpg,0.8,0.5,fpv,1777627803.0863037,1,0,fpv_remote_remote,,,,,,,,,,
images/000301.jpg,0.1567186498611408,0.5,fpv,1777627803.2142134,1,0,fpv_remote_remote,,,,,,,,,,
images/000302.jpg,0.0,0.40723899044770656,fpv,1777627803.3423462,1,0,fpv_remote_remote,,,,,,,,,,
images/000303.jpg,0.0,0.2422864467299417,fpv,1777627803.4717698,1,0,fpv_remote_remote,,,,,,,,,,
images/000304.jpg,0.0,0.097949156163213,fpv,1777627803.5985372,1,0,fpv_remote_remote,,,,,,,,,,
images/000305.jpg,0.0,0.5,fpv,1777627803.939425,1,0,fpv_remote_remote,,,,,,,,,,
images/000306.jpg,0.0,0.5,fpv,1777627804.0672581,1,0,fpv_remote_remote,,,,,,,,,,
images/000307.jpg,0.0,0.5,fpv,1777627804.1968493,1,0,fpv_remote_remote,,,,,,,,,,
images/000308.jpg,0.0,0.5,fpv,1777627804.323752,1,0,fpv_remote_remote,,,,,,,,,,
images/000309.jpg,0.0,0.5,fpv,1777627804.4515166,1,0,fpv_remote_remote,,,,,,,,,,
images/000310.jpg,0.0,0.5,fpv,1777627804.579597,1,0,fpv_remote_remote,,,,,,,,,,
images/000311.jpg,0.0,0.5,fpv,1777627804.7057657,1,0,fpv_remote_remote,,,,,,,,,,
images/000312.jpg,0.0,0.5,fpv,1777627804.8351047,1,0,fpv_remote_remote,,,,,,,,,,
images/000313.jpg,0.0,0.5,fpv,1777627804.9619284,1,0,fpv_remote_remote,,,,,,,,,,
images/000314.jpg,0.0,0.5,fpv,1777627805.0922198,1,0,fpv_remote_remote,,,,,,,,,,
images/000315.jpg,0.0,0.5,fpv,1777627805.2193563,1,0,fpv_remote_remote,,,,,,,,,,
images/000316.jpg,0.0,0.5,fpv,1777627805.348088,1,0,fpv_remote_remote,,,,,,,,,,
images/000317.jpg,0.0,0.5,fpv,1777627805.4755378,1,0,fpv_remote_remote,,,,,,,,,,
images/000318.jpg,0.0,0.5,fpv,1777627805.6030018,1,0,fpv_remote_remote,,,,,,,,,,
images/000319.jpg,0.0,0.5,fpv,1777627805.7298896,1,0,fpv_remote_remote,,,,,,,,,,
images/000320.jpg,0.0,0.5,fpv,1777627805.857939,1,0,fpv_remote_remote,,,,,,,,,,
images/000321.jpg,0.0,0.5,fpv,1777627805.9844236,1,0,fpv_remote_remote,,,,,,,,,,
images/000322.jpg,0.0,0.5,fpv,1777627806.1145067,1,0,fpv_remote_remote,,,,,,,,,,
images/000323.jpg,0.0,0.5,fpv,1777627806.2414744,1,0,fpv_remote_remote,,,,,,,,,,
images/000324.jpg,0.0,0.5,fpv,1777627806.369646,1,0,fpv_remote_remote,,,,,,,,,,
images/000325.jpg,0.0,0.5,fpv,1777627806.4992561,1,0,fpv_remote_remote,,,,,,,,,,
images/000326.jpg,0.0,0.5,fpv,1777627806.6256766,1,0,fpv_remote_remote,,,,,,,,,,
images/000327.jpg,0.0,0.5,fpv,1777627806.752233,1,0,fpv_remote_remote,,,,,,,,,,
images/000328.jpg,0.0,0.5,fpv,1777627806.8792622,1,0,fpv_remote_remote,,,,,,,,,,
images/000329.jpg,0.0,0.5,fpv,1777627807.006605,1,0,fpv_remote_remote,,,,,,,,,,
images/000330.jpg,0.0,0.5,fpv,1777627807.1343153,1,0,fpv_remote_remote,,,,,,,,,,
images/000331.jpg,0.0,0.5,fpv,1777627807.264867,1,0,fpv_remote_remote,,,,,,,,,,
images/000332.jpg,0.0,0.5,fpv,1777627807.3920755,1,0,fpv_remote_remote,,,,,,,,,,
images/000333.jpg,0.0,0.5,fpv,1777627807.5196667,1,0,fpv_remote_remote,,,,,,,,,,
images/000334.jpg,0.0,0.5,fpv,1777627807.6468213,1,0,fpv_remote_remote,,,,,,,,,,
images/000335.jpg,0.0,0.5,fpv,1777627807.775684,1,0,fpv_remote_remote,,,,,,,,,,
images/000336.jpg,0.0,0.5,fpv,1777627807.9036217,1,0,fpv_remote_remote,,,,,,,,,,
images/000337.jpg,0.0,0.5,fpv,1777627808.032784,1,0,fpv_remote_remote,,,,,,,,,,
images/000338.jpg,0.0,0.5,fpv,1777627808.1609735,1,0,fpv_remote_remote,,,,,,,,,,
images/000339.jpg,0.0,0.5,fpv,1777627808.2893271,1,0,fpv_remote_remote,,,,,,,,,,
images/000340.jpg,0.0,0.5,fpv,1777627808.4178553,1,0,fpv_remote_remote,,,,,,,,,,
images/000341.jpg,0.0,0.5,fpv,1777627808.5453959,1,0,fpv_remote_remote,,,,,,,,,,
images/000342.jpg,0.0,0.5,fpv,1777627808.6751058,1,0,fpv_remote_remote,,,,,,,,,,
images/000343.jpg,0.0,0.5,fpv,1777627808.8023002,1,0,fpv_remote_remote,,,,,,,,,,
images/000344.jpg,0.0,0.5,fpv,1777627808.9327362,1,0,fpv_remote_remote,,,,,,,,,,
images/000345.jpg,0.0,0.5,fpv,1777627809.0611134,1,0,fpv_remote_remote,,,,,,,,,,
images/000346.jpg,0.0,0.5,fpv,1777627809.188708,1,0,fpv_remote_remote,,,,,,,,,,
images/000347.jpg,0.0,0.5,fpv,1777627809.3161824,1,0,fpv_remote_remote,,,,,,,,,,
images/000348.jpg,0.0,0.5,fpv,1777627809.4426425,1,0,fpv_remote_remote,,,,,,,,,,
images/000349.jpg,0.0,0.5,fpv,1777627809.5709312,1,0,fpv_remote_remote,,,,,,,,,,
images/000350.jpg,0.0,0.5,fpv,1777627809.6980739,1,0,fpv_remote_remote,,,,,,,,,,
images/000351.jpg,0.0,0.5,fpv,1777627809.8264687,1,0,fpv_remote_remote,,,,,,,,,,
images/000352.jpg,0.0,0.5,fpv,1777627809.9531353,1,0,fpv_remote_remote,,,,,,,,,,
images/000353.jpg,0.0,0.5,fpv,1777627810.0805306,1,0,fpv_remote_remote,,,,,,,,,,
images/000354.jpg,0.0,0.5,fpv,1777627810.209175,1,0,fpv_remote_remote,,,,,,,,,,
images/000355.jpg,0.0,0.5,fpv,1777627810.337717,1,0,fpv_remote_remote,,,,,,,,,,
images/000356.jpg,0.0,0.5,fpv,1777627810.4648228,1,0,fpv_remote_remote,,,,,,,,,,
images/000357.jpg,0.0,0.5,fpv,1777627810.5941234,1,0,fpv_remote_remote,,,,,,,,,,
images/000358.jpg,0.0,0.5,fpv,1777627810.7206426,1,0,fpv_remote_remote,,,,,,,,,,
images/000359.jpg,0.0,0.5,fpv,1777627810.849413,1,0,fpv_remote_remote,,,,,,,,,,
images/000360.jpg,0.0,0.5,fpv,1777627810.9776547,1,0,fpv_remote_remote,,,,,,,,,,
images/000361.jpg,0.0,0.5,fpv,1777627811.105039,1,0,fpv_remote_remote,,,,,,,,,,
images/000362.jpg,0.0,0.5,fpv,1777627811.2337446,1,0,fpv_remote_remote,,,,,,,,,,
images/000363.jpg,0.0,0.5,fpv,1777627811.363244,1,0,fpv_remote_remote,,,,,,,,,,
images/000364.jpg,0.0,0.5,fpv,1777627811.4904413,1,0,fpv_remote_remote,,,,,,,,,,
images/000365.jpg,0.0,0.5,fpv,1777627811.6230824,1,0,fpv_remote_remote,,,,,,,,,,
images/000366.jpg,0.0,0.5,fpv,1777627811.7506151,1,0,fpv_remote_remote,,,,,,,,,,
images/000367.jpg,0.0,0.5,fpv,1777627811.8796153,1,0,fpv_remote_remote,,,,,,,,,,
images/000368.jpg,0.0,0.5,fpv,1777627812.0079272,1,0,fpv_remote_remote,,,,,,,,,,
images/000369.jpg,0.0,0.5,fpv,1777627812.1363504,1,0,fpv_remote_remote,,,,,,,,,,
images/000370.jpg,0.0,0.5,fpv,1777627812.265766,1,0,fpv_remote_remote,,,,,,,,,,
images/000371.jpg,0.0,0.5,fpv,1777627812.3924403,1,0,fpv_remote_remote,,,,,,,,,,
images/000372.jpg,0.0,0.5,fpv,1777627812.5188456,1,0,fpv_remote_remote,,,,,,,,,,
images/000373.jpg,0.0,0.5,fpv,1777627812.6435657,1,0,fpv_remote_remote,,,,,,,,,,
images/000374.jpg,0.0,0.5,fpv,1777627812.7716014,1,0,fpv_remote_remote,,,,,,,,,,
images/000375.jpg,0.0,0.5,fpv,1777627812.898415,1,0,fpv_remote_remote,,,,,,,,,,
images/000376.jpg,-0.8,0.5,fpv,1777627813.0264013,1,0,fpv_remote_remote,,,,,,,,,,
images/000377.jpg,-0.8,0.5,fpv,1777627813.1540723,1,0,fpv_remote_remote,,,,,,,,,,
images/000378.jpg,-0.8,0.5,fpv,1777627813.281433,1,0,fpv_remote_remote,,,,,,,,,,
images/000379.jpg,0.0,0.5,fpv,1777627813.4075472,1,0,fpv_remote_remote,,,,,,,,,,
images/000380.jpg,0.0,0.5,fpv,1777627813.5353436,1,0,fpv_remote_remote,,,,,,,,,,
images/000381.jpg,0.0,0.5,fpv,1777627813.6620758,1,0,fpv_remote_remote,,,,,,,,,,
images/000382.jpg,0.0,0.5,fpv,1777627813.7916746,1,0,fpv_remote_remote,,,,,,,,,,
images/000383.jpg,0.0,0.5,fpv,1777627813.9196296,1,0,fpv_remote_remote,,,,,,,,,,
images/000384.jpg,0.0,0.5,fpv,1777627814.0470934,1,0,fpv_remote_remote,,,,,,,,,,
images/000385.jpg,-0.6103213599047823,0.5,fpv,1777627814.1754634,1,0,fpv_remote_remote,,,,,,,,,,
images/000386.jpg,-0.28040406506546217,0.5,fpv,1777627814.3062468,1,0,fpv_remote_remote,,,,,,,,,,
images/000387.jpg,0.0,0.5,fpv,1777627814.434599,1,0,fpv_remote_remote,,,,,,,,,,
images/000388.jpg,0.0,0.5,fpv,1777627814.560266,1,0,fpv_remote_remote,,,,,,,,,,
images/000389.jpg,0.0,0.5,fpv,1777627814.6894586,1,0,fpv_remote_remote,,,,,,,,,,
images/000390.jpg,0.0,0.5,fpv,1777627814.8158774,1,0,fpv_remote_remote,,,,,,,,,,
images/000391.jpg,0.0,0.5,fpv,1777627814.9446018,1,0,fpv_remote_remote,,,,,,,,,,
images/000392.jpg,0.0,0.5,fpv,1777627815.071623,1,0,fpv_remote_remote,,,,,,,,,,
images/000393.jpg,0.0,0.5,fpv,1777627815.201875,1,0,fpv_remote_remote,,,,,,,,,,
images/000394.jpg,0.0,0.5,fpv,1777627815.3284533,1,0,fpv_remote_remote,,,,,,,,,,
images/000395.jpg,0.0,0.5,fpv,1777627815.4555945,1,0,fpv_remote_remote,,,,,,,,,,
images/000396.jpg,0.0,0.5,fpv,1777627815.5839596,1,0,fpv_remote_remote,,,,,,,,,,
images/000397.jpg,0.0,0.5,fpv,1777627815.7099721,1,0,fpv_remote_remote,,,,,,,,,,
images/000398.jpg,0.6350779747917112,0.5,fpv,1777627815.8384407,1,0,fpv_remote_remote,,,,,,,,,,
images/000399.jpg,0.4783837397381512,0.5,fpv,1777627815.96496,1,0,fpv_remote_remote,,,,,,,,,,
images/000400.jpg,0.0,0.5,fpv,1777627816.0916405,1,0,fpv_remote_remote,,,,,,,,,,
images/000401.jpg,0.0,0.5,fpv,1777627816.21979,1,0,fpv_remote_remote,,,,,,,,,,
images/000402.jpg,0.0,0.5,fpv,1777627816.3469129,1,0,fpv_remote_remote,,,,,,,,,,
images/000403.jpg,0.0,0.5,fpv,1777627816.4743202,1,0,fpv_remote_remote,,,,,,,,,,
images/000404.jpg,0.0,0.5,fpv,1777627816.6018202,1,0,fpv_remote_remote,,,,,,,,,,
images/000405.jpg,0.8,0.5,fpv,1777627816.728006,1,0,fpv_remote_remote,,,,,,,,,,
images/000406.jpg,0.8,0.5,fpv,1777627816.8562233,1,0,fpv_remote_remote,,,,,,,,,,
images/000407.jpg,0.0,0.5,fpv,1777627816.9823616,1,0,fpv_remote_remote,,,,,,,,,,
images/000408.jpg,0.0,0.5,fpv,1777627817.1117282,1,0,fpv_remote_remote,,,,,,,,,,
images/000409.jpg,0.0,0.5,fpv,1777627817.2378886,1,0,fpv_remote_remote,,,,,,,,,,
images/000410.jpg,0.0,0.5,fpv,1777627817.3665562,1,0,fpv_remote_remote,,,,,,,,,,
images/000411.jpg,0.0,0.5,fpv,1777627817.4930036,1,0,fpv_remote_remote,,,,,,,,,,
images/000412.jpg,0.0,0.5,fpv,1777627817.6210923,1,0,fpv_remote_remote,,,,,,,,,,
images/000413.jpg,0.8,0.5,fpv,1777627817.7491577,1,0,fpv_remote_remote,,,,,,,,,,
images/000414.jpg,0.2391918698690756,0.5,fpv,1777627817.8774023,1,0,fpv_remote_remote,,,,,,,,,,
images/000415.jpg,0.0,0.5,fpv,1777627818.003652,1,0,fpv_remote_remote,,,,,,,,,,
images/000416.jpg,0.0,0.5,fpv,1777627818.1314936,1,0,fpv_remote_remote,,,,,,,,,,
images/000417.jpg,0.0,0.5,fpv,1777627818.2627969,1,0,fpv_remote_remote,,,,,,,,,,
images/000418.jpg,0.0,0.5,fpv,1777627818.3902125,1,0,fpv_remote_remote,,,,,,,,,,
images/000419.jpg,0.0,0.5,fpv,1777627818.5154748,1,0,fpv_remote_remote,,,,,,,,,,
images/000420.jpg,0.0,0.5,fpv,1777627818.6440744,1,0,fpv_remote_remote,,,,,,,,,,
images/000421.jpg,0.0,0.5,fpv,1777627818.771052,1,0,fpv_remote_remote,,,,,,,,,,
images/000422.jpg,0.0,0.5,fpv,1777627818.8987894,1,0,fpv_remote_remote,,,,,,,,,,
images/000423.jpg,0.0,0.5,fpv,1777627819.0276558,1,0,fpv_remote_remote,,,,,,,,,,
images/000424.jpg,0.0,0.5,fpv,1777627819.1540089,1,0,fpv_remote_remote,,,,,,,,,,
images/000425.jpg,0.0,0.5,fpv,1777627819.2817867,1,0,fpv_remote_remote,,,,,,,,,,
images/000426.jpg,0.8,0.5,fpv,1777627819.4084694,1,0,fpv_remote_remote,,,,,,,,,,
images/000427.jpg,0.0,0.5,fpv,1777627819.5384314,1,0,fpv_remote_remote,,,,,,,,,,
images/000428.jpg,0.0,0.5,fpv,1777627819.6639414,1,0,fpv_remote_remote,,,,,,,,,,
images/000429.jpg,0.0,0.5,fpv,1777627819.7929888,1,0,fpv_remote_remote,,,,,,,,,,
images/000430.jpg,0.0,0.5,fpv,1777627819.9188836,1,0,fpv_remote_remote,,,,,,,,,,
images/000431.jpg,0.0,0.5,fpv,1777627820.046484,1,0,fpv_remote_remote,,,,,,,,,,
images/000432.jpg,0.0,0.5,fpv,1777627820.1740398,1,0,fpv_remote_remote,,,,,,,,,,
images/000433.jpg,0.0,0.5,fpv,1777627820.3019483,1,0,fpv_remote_remote,,,,,,,,,,
images/000434.jpg,0.0,0.5,fpv,1777627820.4309034,1,0,fpv_remote_remote,,,,,,,,,,
images/000435.jpg,0.0,0.5,fpv,1777627820.5570316,1,0,fpv_remote_remote,,,,,,,,,,
images/000436.jpg,0.0,0.5,fpv,1777627820.684402,1,0,fpv_remote_remote,,,,,,,,,,
images/000437.jpg,0.0,0.5,fpv,1777627820.8120396,1,0,fpv_remote_remote,,,,,,,,,,
images/000438.jpg,0.0,0.5,fpv,1777627820.942348,1,0,fpv_remote_remote,,,,,,,,,,
images/000439.jpg,0.0,0.5,fpv,1777627821.0690176,1,0,fpv_remote_remote,,,,,,,,,,
images/000440.jpg,-0.8,0.5,fpv,1777627821.1984692,1,0,fpv_remote_remote,,,,,,,,,,
images/000441.jpg,-0.8,0.5,fpv,1777627821.3244748,1,0,fpv_remote_remote,,,,,,,,,,
images/000442.jpg,-0.8,0.5,fpv,1777627821.4531362,1,0,fpv_remote_remote,,,,,,,,,,
images/000443.jpg,-0.42061830500198377,0.5,fpv,1777627821.5812287,1,0,fpv_remote_remote,,,,,,,,,,
images/000444.jpg,0.0,0.5,fpv,1777627821.7084136,1,0,fpv_remote_remote,,,,,,,,,,
images/000445.jpg,0.0,0.5,fpv,1777627821.834477,1,0,fpv_remote_remote,,,,,,,,,,
images/000446.jpg,0.5361003448591571,0.5,fpv,1777627821.9638805,1,0,fpv_remote_remote,,,,,,,,,,
images/000447.jpg,0.8,0.5,fpv,1777627822.0914447,1,0,fpv_remote_remote,,,,,,,,,,
images/000448.jpg,0.8,0.5,fpv,1777627822.2189257,1,0,fpv_remote_remote,,,,,,,,,,
images/000449.jpg,0.2556962797936949,0.5,fpv,1777627822.343938,1,0,fpv_remote_remote,,,,,,,,,,
images/000450.jpg,0.0,0.5,fpv,1777627822.4703724,1,0,fpv_remote_remote,,,,,,,,,,
images/000451.jpg,0.0,0.5,fpv,1777627822.5969748,1,0,fpv_remote_remote,,,,,,,,,,
images/000452.jpg,0.0,0.5,fpv,1777627822.72273,1,0,fpv_remote_remote,,,,,,,,,,
images/000453.jpg,0.0,0.5,fpv,1777627822.8473122,1,0,fpv_remote_remote,,,,,,,,,,
images/000454.jpg,0.0,0.5,fpv,1777627822.9792125,1,0,fpv_remote_remote,,,,,,,,,,
images/000455.jpg,0.8,0.5,fpv,1777627823.1082242,1,0,fpv_remote_remote,,,,,,,,,,
images/000456.jpg,0.0,0.5,fpv,1777627823.2356758,1,0,fpv_remote_remote,,,,,,,,,,
images/000457.jpg,0.0,0.5,fpv,1777627823.3633773,1,0,fpv_remote_remote,,,,,,,,,,
images/000458.jpg,0.0,0.5,fpv,1777627823.4892638,1,0,fpv_remote_remote,,,,,,,,,,
images/000459.jpg,0.0,0.5,fpv,1777627823.616993,1,0,fpv_remote_remote,,,,,,,,,,
images/000460.jpg,0.0,0.5,fpv,1777627823.7460983,1,0,fpv_remote_remote,,,,,,,,,,
images/000461.jpg,0.0,0.5,fpv,1777627823.874857,1,0,fpv_remote_remote,,,,,,,,,,
images/000462.jpg,0.8,0.5,fpv,1777627824.0010462,1,0,fpv_remote_remote,,,,,,,,,,
images/000463.jpg,0.0,0.5,fpv,1777627824.1302035,1,0,fpv_remote_remote,,,,,,,,,,
images/000464.jpg,0.0,0.5,fpv,1777627824.2566338,1,0,fpv_remote_remote,,,,,,,,,,
images/000465.jpg,0.0,0.5,fpv,1777627824.3858879,1,0,fpv_remote_remote,,,,,,,,,,
images/000466.jpg,0.0,0.5,fpv,1777627824.5118666,1,0,fpv_remote_remote,,,,,,,,,,
images/000467.jpg,0.0,0.5,fpv,1777627824.640484,1,0,fpv_remote_remote,,,,,,,,,,
images/000468.jpg,0.2391918698690756,0.5,fpv,1777627824.7684488,1,0,fpv_remote_remote,,,,,,,,,,
images/000469.jpg,0.668062379833369,0.5,fpv,1777627824.8953938,1,0,fpv_remote_remote,,,,,,,,,,
images/000470.jpg,0.668062379833369,0.5,fpv,1777627825.0228426,1,0,fpv_remote_remote,,,,,,,,,,
images/000471.jpg,0.668062379833369,0.5,fpv,1777627825.1498482,1,0,fpv_remote_remote,,,,,,,,,,
images/000472.jpg,0.0,0.5,fpv,1777627825.2778978,1,0,fpv_remote_remote,,,,,,,,,,
images/000473.jpg,0.0,0.5,fpv,1777627825.4065115,1,0,fpv_remote_remote,,,,,,,,,,
images/000474.jpg,0.0,0.5,fpv,1777627825.5342324,1,0,fpv_remote_remote,,,,,,,,,,
images/000475.jpg,0.668062379833369,0.5,fpv,1777627825.6628945,1,0,fpv_remote_remote,,,,,,,,,,
images/000476.jpg,0.8,0.5,fpv,1777627825.7889276,1,0,fpv_remote_remote,,,,,,,,,,
images/000477.jpg,0.8,0.5,fpv,1777627825.918623,1,0,fpv_remote_remote,,,,,,,,,,
images/000478.jpg,0.8,0.5,fpv,1777627826.0466084,1,0,fpv_remote_remote,,,,,,,,,,
images/000479.jpg,0.8,0.5,fpv,1777627826.1740727,1,0,fpv_remote_remote,,,,,,,,,,
images/000480.jpg,0.8,0.5,fpv,1777627826.301631,1,0,fpv_remote_remote,,,,,,,,,,
images/000481.jpg,0.0,0.5,fpv,1777627826.4278758,1,0,fpv_remote_remote,,,,,,,,,,
images/000482.jpg,0.0,0.5,fpv,1777627826.554582,1,0,fpv_remote_remote,,,,,,,,,,
images/000483.jpg,0.0,0.5,fpv,1777627826.6824944,1,0,fpv_remote_remote,,,,,,,,,,
images/000484.jpg,0.0,0.5,fpv,1777627826.8088722,1,0,fpv_remote_remote,,,,,,,,,,
images/000485.jpg,0.0,0.5,fpv,1777627826.935552,1,0,fpv_remote_remote,,,,,,,,,,
images/000486.jpg,0.0,0.5,fpv,1777627827.0615911,1,0,fpv_remote_remote,,,,,,,,,,
images/000487.jpg,-0.8,0.5,fpv,1777627827.1892815,1,0,fpv_remote_remote,,,,,,,,,,
images/000488.jpg,-0.8,0.5,fpv,1777627827.3173752,1,0,fpv_remote_remote,,,,,,,,,,
images/000489.jpg,0.0,0.5,fpv,1777627827.4439774,1,0,fpv_remote_remote,,,,,,,,,,
images/000490.jpg,0.0,0.5,fpv,1777627827.5711782,1,0,fpv_remote_remote,,,,,,,,,,
images/000491.jpg,0.0,0.5,fpv,1777627827.6971424,1,0,fpv_remote_remote,,,,,,,,,,
images/000492.jpg,-0.8,0.5,fpv,1777627827.8261077,1,0,fpv_remote_remote,,,,,,,,,,
images/000493.jpg,-0.8,0.5,fpv,1777627827.953661,1,0,fpv_remote_remote,,,,,,,,,,
images/000494.jpg,0.0,0.5,fpv,1777627828.0807455,1,0,fpv_remote_remote,,,,,,,,,,
images/000495.jpg,0.0,0.5,fpv,1777627828.2101018,1,0,fpv_remote_remote,,,,,,,,,,
images/000496.jpg,-0.8,0.5,fpv,1777627828.336426,1,0,fpv_remote_remote,,,,,,,,,,
images/000497.jpg,0.0,0.5,fpv,1777627828.463576,1,0,fpv_remote_remote,,,,,,,,,,
images/000498.jpg,0.0,0.5,fpv,1777627828.590619,1,0,fpv_remote_remote,,,,,,,,,,
images/000499.jpg,0.0,0.5,fpv,1777627828.718325,1,0,fpv_remote_remote,,,,,,,,,,
images/000500.jpg,0.0,0.5,fpv,1777627828.844279,1,0,fpv_remote_remote,,,,,,,,,,
images/000501.jpg,0.0,0.5,fpv,1777627828.9710138,1,0,fpv_remote_remote,,,,,,,,,,
images/000502.jpg,0.0,0.5,fpv,1777627829.0972555,1,0,fpv_remote_remote,,,,,,,,,,
images/000503.jpg,0.0,0.5,fpv,1777627829.2244031,1,0,fpv_remote_remote,,,,,,,,,,
images/000504.jpg,0.0,0.5,fpv,1777627829.350427,1,0,fpv_remote_remote,,,,,,,,,,
images/000505.jpg,0.0,0.5,fpv,1777627829.4788368,1,0,fpv_remote_remote,,,,,,,,,,
images/000506.jpg,0.8,0.5,fpv,1777627829.6056042,1,0,fpv_remote_remote,,,,,,,,,,
images/000507.jpg,0.0,0.5,fpv,1777627829.7321796,1,0,fpv_remote_remote,,,,,,,,,,
images/000508.jpg,0.0,0.5,fpv,1777627829.8580678,1,0,fpv_remote_remote,,,,,,,,,,
images/000509.jpg,0.0,0.5,fpv,1777627829.9852767,1,0,fpv_remote_remote,,,,,,,,,,
images/000510.jpg,0.8,0.5,fpv,1777627830.1126602,1,0,fpv_remote_remote,,,,,,,,,,
images/000511.jpg,0.5773613696707053,0.5,fpv,1777627830.241661,1,0,fpv_remote_remote,,,,,,,,,,
images/000512.jpg,0.0,0.5,fpv,1777627830.3673742,1,0,fpv_remote_remote,,,,,,,,,,
images/000513.jpg,0.0,0.5,fpv,1777627830.495192,1,0,fpv_remote_remote,,,,,,,,,,
images/000514.jpg,0.2639484847560045,0.5,fpv,1777627830.6209164,1,0,fpv_remote_remote,,,,,,,,,,
images/000515.jpg,0.7093234046449172,0.5,fpv,1777627830.7513587,1,0,fpv_remote_remote,,,,,,,,,,
images/000516.jpg,0.0,0.5,fpv,1777627830.8776443,1,0,fpv_remote_remote,,,,,,,,,,
images/000517.jpg,0.0,0.5,fpv,1777627831.0039146,1,0,fpv_remote_remote,,,,,,,,,,
images/000518.jpg,0.0,0.5,fpv,1777627831.1319828,1,0,fpv_remote_remote,,,,,,,,,,
images/000519.jpg,0.0,0.5,fpv,1777627831.2595012,1,0,fpv_remote_remote,,,,,,,,,,
images/000520.jpg,0.0,0.5,fpv,1777627831.386254,1,0,fpv_remote_remote,,,,,,,,,,
images/000521.jpg,0.8,0.5,fpv,1777627831.5133362,1,0,fpv_remote_remote,,,,,,,,,,
images/000522.jpg,0.4206427198095646,0.5,fpv,1777627831.6404998,1,0,fpv_remote_remote,,,,,,,,,,
images/000523.jpg,0.0,0.5,fpv,1777627831.7662115,1,0,fpv_remote_remote,,,,,,,,,,
images/000524.jpg,0.0,0.5,fpv,1777627831.8923287,1,0,fpv_remote_remote,,,,,,,,,,
images/000525.jpg,0.0,0.5,fpv,1777627832.0193636,1,0,fpv_remote_remote,,,,,,,,,,
images/000526.jpg,0.0,0.5,fpv,1777627832.1452298,1,0,fpv_remote_remote,,,,,,,,,,
images/000527.jpg,0.0,0.5,fpv,1777627832.2729483,1,0,fpv_remote_remote,,,,,,,,,,
images/000528.jpg,0.8,0.5,fpv,1777627832.3998516,1,0,fpv_remote_remote,,,,,,,,,,
images/000529.jpg,0.8,0.5,fpv,1777627832.5285885,1,0,fpv_remote_remote,,,,,,,,,,
images/000530.jpg,0.0,0.5,fpv,1777627832.6567333,1,0,fpv_remote_remote,,,,,,,,,,
images/000531.jpg,0.0,0.5,fpv,1777627832.7835813,1,0,fpv_remote_remote,,,,,,,,,,
images/000532.jpg,0.0,0.5,fpv,1777627832.9124959,1,0,fpv_remote_remote,,,,,,,,,,
images/000533.jpg,0.0,0.5,fpv,1777627833.0392344,1,0,fpv_remote_remote,,,,,,,,,,
images/000534.jpg,0.0,0.5,fpv,1777627833.1678302,1,0,fpv_remote_remote,,,,,,,,,,
images/000535.jpg,0.0,0.5,fpv,1777627833.2941446,1,0,fpv_remote_remote,,,,,,,,,,
images/000536.jpg,0.8,0.5,fpv,1777627833.4232326,1,0,fpv_remote_remote,,,,,,,,,,
images/000537.jpg,0.8,0.5,fpv,1777627833.5498476,1,0,fpv_remote_remote,,,,,,,,,,
images/000538.jpg,0.0,0.5,fpv,1777627833.677978,1,0,fpv_remote_remote,,,,,,,,,,
images/000539.jpg,0.0,0.5,fpv,1777627833.8049407,1,0,fpv_remote_remote,,,,,,,,,,
images/000540.jpg,0.0,0.5,fpv,1777627833.9345498,1,0,fpv_remote_remote,,,,,,,,,,
images/000541.jpg,0.0,0.5,fpv,1777627834.063532,1,0,fpv_remote_remote,,,,,,,,,,
images/000542.jpg,0.0,0.5,fpv,1777627834.192006,1,0,fpv_remote_remote,,,,,,,,,,
images/000543.jpg,0.0,0.5,fpv,1777627834.3206544,1,0,fpv_remote_remote,,,,,,,,,,
images/000544.jpg,0.0,0.5,fpv,1777627834.448135,1,0,fpv_remote_remote,,,,,,,,,,
images/000545.jpg,0.0,0.5,fpv,1777627834.5754137,1,0,fpv_remote_remote,,,,,,,,,,
images/000546.jpg,0.0,0.5,fpv,1777627834.7065244,1,0,fpv_remote_remote,,,,,,,,,,
images/000547.jpg,0.0,0.5,fpv,1777627834.8350875,1,0,fpv_remote_remote,,,,,,,,,,
images/000548.jpg,0.0,0.5,fpv,1777627834.9614692,1,0,fpv_remote_remote,,,,,,,,,,
images/000549.jpg,0.0,0.5,fpv,1777627835.0917258,1,0,fpv_remote_remote,,,,,,,,,,
images/000550.jpg,0.0,0.48971526230658896,fpv,1777627835.2187045,1,0,fpv_remote_remote,,,,,,,,,,
images/000551.jpg,0.0,0.2783593249305704,fpv,1777627835.3465526,1,0,fpv_remote_remote,,,,,,,,,,
images/000552.jpg,-0.8,0.1391796624652852,fpv,1777627838.5571032,1,0,fpv_remote_remote,,,,,,,,,,
images/000553.jpg,-0.8,0.42785424359874263,fpv,1777627838.6850111,1,0,fpv_remote_remote,,,,,,,,,,
images/000554.jpg,-0.8,0.5,fpv,1777627838.8124666,1,0,fpv_remote_remote,,,,,,,,,,
images/000555.jpg,-0.8,0.5,fpv,1777627838.9384067,1,0,fpv_remote_remote,,,,,,,,,,
images/000556.jpg,-0.8,0.5,fpv,1777627839.0666437,1,0,fpv_remote_remote,,,,,,,,,,
images/000557.jpg,-0.8,0.3247627185888241,fpv,1777627839.1955807,1,0,fpv_remote_remote,,,,,,,,,,
images/000558.jpg,-0.8,0.25258644367809074,fpv,1777627839.3237946,1,0,fpv_remote_remote,,,,,,,,,,
images/000559.jpg,0.0,0.097949156163213,fpv,1777627841.9510293,1,0,fpv_remote_remote,,,,,,,,,,
images/000560.jpg,0.0,0.17526779992065186,fpv,1777627842.078044,1,0,fpv_remote_remote,,,,,,,,,,
images/000561.jpg,0.0,0.2216711935789056,fpv,1777627842.2065618,1,0,fpv_remote_remote,,,,,,,,,,
images/000562.jpg,0.0,0.29383220923490094,fpv,1777627842.3344424,1,0,fpv_remote_remote,,,,,,,,,,
images/000563.jpg,0.0,0.26290169988097783,fpv,1777627842.4638748,1,0,fpv_remote_remote,,,,,,,,,,
images/000564.jpg,0.0,0.2989898373363445,fpv,1777627844.0792243,1,0,fpv_remote_remote,,,,,,,,,,
images/000565.jpg,0.0,0.5,fpv,1777627844.20721,1,0,fpv_remote_remote,,,,,,,,,,
images/000566.jpg,0.0,0.41239661854915005,fpv,1777627844.3351092,1,0,fpv_remote_remote,,,,,,,,,,
images/000567.jpg,0.0,0.5,fpv,1777627844.9744387,1,0,fpv_remote_remote,,,,,,,,,,
images/000568.jpg,0.0,0.5,fpv,1777627845.1018872,1,0,fpv_remote_remote,,,,,,,,,,
images/000569.jpg,0.0,0.13403729361857966,fpv,1777627845.2290163,1,0,fpv_remote_remote,,,,,,,,,,
images/000570.jpg,0.8,0.32992034669026765,fpv,1777627845.990017,1,0,fpv_remote_remote,,,,,,,,,,
images/000571.jpg,0.8,0.39692373424481947,fpv,1777627846.1163993,1,0,fpv_remote_remote,,,,,,,,,,
images/000572.jpg,0.8,0.3763084810937834,fpv,1777627846.2438564,1,0,fpv_remote_remote,,,,,,,,,,
images/000573.jpg,0.8,0.35569322794274727,fpv,1777627846.3724072,1,0,fpv_remote_remote,,,,,,,,,,
images/000574.jpg,0.8,0.3350627155369732,fpv,1777627846.4988558,1,0,fpv_remote_remote,,,,,,,,,,
images/000575.jpg,0.8,0.16496780297250282,fpv,1777627846.6256745,1,0,fpv_remote_remote,,,,,,,,,,
images/000576.jpg,0.0,0.09279152806176946,fpv,1777627847.600756,1,0,fpv_remote_remote,,,,,,,,,,
images/000577.jpg,0.0,0.19074068422498244,fpv,1777627847.7279904,1,0,fpv_remote_remote,,,,,,,,,,
images/000578.jpg,0.0,0.3350627155369732,fpv,1777627847.8569086,1,0,fpv_remote_remote,,,,,,,,,,
images/000579.jpg,0.0,0.41239661854915005,fpv,1777627847.984916,1,0,fpv_remote_remote,,,,,,,,,,
images/000580.jpg,0.0,0.46394238105410934,fpv,1777627848.1116388,1,0,fpv_remote_remote,,,,,,,,,,
images/000581.jpg,0.2556962797936949,0.5,fpv,1777627848.2409112,1,0,fpv_remote_remote,,,,,,,,,,
images/000582.jpg,0.560856959746086,0.5,fpv,1777627848.367975,1,0,fpv_remote_remote,,,,,,,,,,
images/000583.jpg,0.7917966246528519,0.5,fpv,1777627848.496306,1,0,fpv_remote_remote,,,,,,,,,,
images/000584.jpg,0.8,0.5,fpv,1777627848.623567,1,0,fpv_remote_remote,,,,,,,,,,
images/000585.jpg,0.8,0.5,fpv,1777627848.751748,1,0,fpv_remote_remote,,,,,,,,,,
images/000586.jpg,0.0,0.5,fpv,1777627848.8778782,1,0,fpv_remote_remote,,,,,,,,,,
images/000587.jpg,0.0,0.5,fpv,1777627849.0057306,1,0,fpv_remote_remote,,,,,,,,,,
images/000588.jpg,0.0,0.4845576342051454,fpv,1777627849.1341221,1,0,fpv_remote_remote,,,,,,,,,,
images/000589.jpg,0.0,0.4845576342051454,fpv,1777627849.2621841,1,0,fpv_remote_remote,,,,,,,,,,
images/000590.jpg,-0.8,0.46394238105410934,fpv,1777627849.3894715,1,0,fpv_remote_remote,,,,,,,,,,
images/000591.jpg,-0.8,0.42785424359874263,fpv,1777627849.5185406,1,0,fpv_remote_remote,,,,,,,,,,
images/000592.jpg,0.0,0.41239661854915005,fpv,1777627849.6449082,1,0,fpv_remote_remote,,,,,,,,,,
images/000593.jpg,0.0,0.40723899044770656,fpv,1777627849.7718375,1,0,fpv_remote_remote,,,,,,,,,,
images/000594.jpg,0.0,0.40723899044770656,fpv,1777627849.9008875,1,0,fpv_remote_remote,,,,,,,,,,
images/000595.jpg,0.8,0.41239661854915005,fpv,1777627850.027416,1,0,fpv_remote_remote,,,,,,,,,,
images/000596.jpg,0.8,0.41239661854915005,fpv,1777627850.1553304,1,0,fpv_remote_remote,,,,,,,,,,
images/000597.jpg,0.0,0.41239661854915005,fpv,1777627850.283028,1,0,fpv_remote_remote,,,,,,,,,,
images/000598.jpg,0.0,0.41239661854915005,fpv,1777627850.411457,1,0,fpv_remote_remote,,,,,,,,,,
images/000599.jpg,0.0,0.41239661854915005,fpv,1777627850.5399127,1,0,fpv_remote_remote,,,,,,,,,,
images/000600.jpg,0.0,0.41239661854915005,fpv,1777627850.6685483,1,0,fpv_remote_remote,,,,,,,,,,
images/000601.jpg,0.8,0.41239661854915005,fpv,1777627850.7951891,1,0,fpv_remote_remote,,,,,,,,,,
images/000602.jpg,0.8,0.4175389873958556,fpv,1777627850.9230437,1,0,fpv_remote_remote,,,,,,,,,,
images/000603.jpg,0.8,0.4226966154972991,fpv,1777627851.049995,1,0,fpv_remote_remote,,,,,,,,,,
images/000604.jpg,0.8,0.4226966154972991,fpv,1777627851.1769228,1,0,fpv_remote_remote,,,,,,,,,,
images/000605.jpg,0.8,0.4226966154972991,fpv,1777627851.3038192,1,0,fpv_remote_remote,,,,,,,,,,
images/000606.jpg,0.0,0.4226966154972991,fpv,1777627851.432837,1,0,fpv_remote_remote,,,,,,,,,,
images/000607.jpg,0.0,0.4226966154972991,fpv,1777627851.560387,1,0,fpv_remote_remote,,,,,,,,,,
images/000608.jpg,0.0,0.4226966154972991,fpv,1777627851.6881316,1,0,fpv_remote_remote,,,,,,,,,,
images/000609.jpg,0.0,0.4226966154972991,fpv,1777627851.8139832,1,0,fpv_remote_remote,,,,,,,,,,
images/000610.jpg,0.0,0.4226966154972991,fpv,1777627851.9415777,1,0,fpv_remote_remote,,,,,,,,,,
images/000611.jpg,0.0,0.4226966154972991,fpv,1777627852.0691838,1,0,fpv_remote_remote,,,,,,,,,,
images/000612.jpg,0.0,0.4226966154972991,fpv,1777627852.1968632,1,0,fpv_remote_remote,,,,,,,,,,
images/000613.jpg,0.0,0.4226966154972991,fpv,1777627852.326245,1,0,fpv_remote_remote,,,,,,,,,,
images/000614.jpg,0.0,0.4226966154972991,fpv,1777627852.4531558,1,0,fpv_remote_remote,,,,,,,,,,
images/000615.jpg,0.0,0.5,fpv,1777627852.5814376,1,0,fpv_remote_remote,,,,,,,,,,
images/000616.jpg,0.0,0.5,fpv,1777627852.707833,1,0,fpv_remote_remote,,,,,,,,,,
images/000617.jpg,0.0,0.5,fpv,1777627852.8364518,1,0,fpv_remote_remote,,,,,,,,,,
images/000618.jpg,0.0,0.5,fpv,1777627852.9644575,1,0,fpv_remote_remote,,,,,,,,,,
images/000619.jpg,0.0,0.5,fpv,1777627853.0917425,1,0,fpv_remote_remote,,,,,,,,,,
images/000620.jpg,0.0,0.5,fpv,1777627853.2194042,1,0,fpv_remote_remote,,,,,,,,,,
images/000621.jpg,0.0,0.5,fpv,1777627853.3480709,1,0,fpv_remote_remote,,,,,,,,,,
images/000622.jpg,0.0,0.5,fpv,1777627853.4734764,1,0,fpv_remote_remote,,,,,,,,,,
images/000623.jpg,0.0,0.5,fpv,1777627853.6007752,1,0,fpv_remote_remote,,,,,,,,,,
images/000624.jpg,-0.8,0.5,fpv,1777627853.7275336,1,0,fpv_remote_remote,,,,,,,,,,
images/000625.jpg,-0.8,0.5,fpv,1777627853.8549812,1,0,fpv_remote_remote,,,,,,,,,,
images/000626.jpg,-0.47835932493057043,0.5,fpv,1777627853.9825222,1,0,fpv_remote_remote,,,,,,,,,,
images/000627.jpg,-0.20618305001983706,0.5,fpv,1777627854.110394,1,0,fpv_remote_remote,,,,,,,,,,
images/000628.jpg,0.0,0.5,fpv,1777627854.2389116,1,0,fpv_remote_remote,,,,,,,,,,
images/000629.jpg,0.0,0.5,fpv,1777627854.3653963,1,0,fpv_remote_remote,,,,,,,,,,
images/000630.jpg,0.0,0.5,fpv,1777627854.4912353,1,0,fpv_remote_remote,,,,,,,,,,
images/000631.jpg,0.0,0.5,fpv,1777627854.6181018,1,0,fpv_remote_remote,,,,,,,,,,
images/000632.jpg,0.0,0.5,fpv,1777627854.7456841,1,0,fpv_remote_remote,,,,,,,,,,
images/000633.jpg,0.0,0.5,fpv,1777627854.873982,1,0,fpv_remote_remote,,,,,,,,,,
images/000634.jpg,0.0,0.5,fpv,1777627855.0005653,1,0,fpv_remote_remote,,,,,,,,,,
images/000635.jpg,0.0,0.5,fpv,1777627855.1267743,1,0,fpv_remote_remote,,,,,,,,,,
images/000636.jpg,0.0,0.5,fpv,1777627855.2533884,1,0,fpv_remote_remote,,,,,,,,,,
images/000637.jpg,0.0,0.5,fpv,1777627855.3795311,1,0,fpv_remote_remote,,,,,,,,,,
images/000638.jpg,0.8,0.5,fpv,1777627855.508501,1,0,fpv_remote_remote,,,,,,,,,,
images/000639.jpg,0.8,0.5,fpv,1777627855.6354394,1,0,fpv_remote_remote,,,,,,,,,,
images/000640.jpg,0.3134128849147008,0.5,fpv,1777627855.7627265,1,0,fpv_remote_remote,,,,,,,,,,
images/000641.jpg,0.0,0.5,fpv,1777627855.8891568,1,0,fpv_remote_remote,,,,,,,,,,
images/000642.jpg,0.0,0.5,fpv,1777627856.01609,1,0,fpv_remote_remote,,,,,,,,,,
images/000643.jpg,0.0,0.5,fpv,1777627856.1421363,1,0,fpv_remote_remote,,,,,,,,,,
images/000644.jpg,0.0,0.5,fpv,1777627856.269372,1,0,fpv_remote_remote,,,,,,,,,,
images/000645.jpg,0.0,0.5,fpv,1777627856.3957884,1,0,fpv_remote_remote,,,,,,,,,,
images/000646.jpg,0.49486373485518964,0.5,fpv,1777627856.5234706,1,0,fpv_remote_remote,,,,,,,,,,
images/000647.jpg,0.7505600146488846,0.5,fpv,1777627856.65123,1,0,fpv_remote_remote,,,,,,,,,,
images/000648.jpg,0.0,0.5,fpv,1777627856.7797558,1,0,fpv_remote_remote,,,,,,,,,,
images/000649.jpg,0.0,0.5,fpv,1777627856.906992,1,0,fpv_remote_remote,,,,,,,,,,
images/000650.jpg,0.0,0.5,fpv,1777627857.0349593,1,0,fpv_remote_remote,,,,,,,,,,
images/000651.jpg,0.0,0.5,fpv,1777627857.1607573,1,0,fpv_remote_remote,,,,,,,,,,
images/000652.jpg,0.0,0.5,fpv,1777627857.2894635,1,0,fpv_remote_remote,,,,,,,,,,
images/000653.jpg,0.5278725547044283,0.5,fpv,1777627857.4171073,1,0,fpv_remote_remote,,,,,,,,,,
images/000654.jpg,0.3629016998809778,0.5,fpv,1777627857.5447242,1,0,fpv_remote_remote,,,,,,,,,,
images/000655.jpg,0.0,0.5,fpv,1777627857.670004,1,0,fpv_remote_remote,,,,,,,,,,
images/000656.jpg,0.0,0.5,fpv,1777627857.7974427,1,0,fpv_remote_remote,,,,,,,,,,
images/000657.jpg,0.0,0.5,fpv,1777627857.9249103,1,0,fpv_remote_remote,,,,,,,,,,
images/000658.jpg,0.0,0.5,fpv,1777627858.0522015,1,0,fpv_remote_remote,,,,,,,,,,
images/000659.jpg,0.12373424481948302,0.5,fpv,1777627858.1809454,1,0,fpv_remote_remote,,,,,,,,,,
images/000660.jpg,0.7835444196905423,0.5,fpv,1777627858.307972,1,0,fpv_remote_remote,,,,,,,,,,
images/000661.jpg,0.7835444196905423,0.5,fpv,1777627858.4359317,1,0,fpv_remote_remote,,,,,,,,,,
images/000662.jpg,0.8,0.5,fpv,1777627858.562711,1,0,fpv_remote_remote,,,,,,,,,,
images/000663.jpg,0.8,0.5,fpv,1777627858.6892338,1,0,fpv_remote_remote,,,,,,,,,,
images/000664.jpg,0.8,0.5,fpv,1777627858.8149643,1,0,fpv_remote_remote,,,,,,,,,,
images/000665.jpg,0.0,0.5,fpv,1777627858.9425335,1,0,fpv_remote_remote,,,,,,,,,,
images/000666.jpg,-0.6680379650257882,0.5,fpv,1777627859.0692794,1,0,fpv_remote_remote,,,,,,,,,,
images/000667.jpg,-0.8,0.5,fpv,1777627859.2003255,1,0,fpv_remote_remote,,,,,,,,,,
images/000668.jpg,-0.8,0.5,fpv,1777627859.3263063,1,0,fpv_remote_remote,,,,,,,,,,
images/000669.jpg,0.0,0.5,fpv,1777627859.4530435,1,0,fpv_remote_remote,,,,,,,,,,
images/000670.jpg,0.0,0.5,fpv,1777627859.5785692,1,0,fpv_remote_remote,,,,,,,,,,
images/000671.jpg,0.0,0.5,fpv,1777627859.706917,1,0,fpv_remote_remote,,,,,,,,,,
images/000672.jpg,0.0,0.5,fpv,1777627859.8336062,1,0,fpv_remote_remote,,,,,,,,,,
images/000673.jpg,0.0,0.5,fpv,1777627859.9611678,1,0,fpv_remote_remote,,,,,,,,,,
images/000674.jpg,0.0,0.5,fpv,1777627860.0868769,1,0,fpv_remote_remote,,,,,,,,,,
images/000675.jpg,0.0,0.5,fpv,1777627860.2171247,1,0,fpv_remote_remote,,,,,,,,,,
images/000676.jpg,0.0,0.5,fpv,1777627860.3430843,1,0,fpv_remote_remote,,,,,,,,,,
images/000677.jpg,0.0,0.5,fpv,1777627860.4702647,1,0,fpv_remote_remote,,,,,,,,,,
images/000678.jpg,0.0,0.5,fpv,1777627860.5982306,1,0,fpv_remote_remote,,,,,,,,,,
images/000679.jpg,0.0,0.5,fpv,1777627860.7265127,1,0,fpv_remote_remote,,,,,,,,,,
images/000680.jpg,0.0,0.5,fpv,1777627860.8538747,1,0,fpv_remote_remote,,,,,,,,,,
images/000681.jpg,0.0,0.5,fpv,1777627860.9808347,1,0,fpv_remote_remote,,,,,,,,,,
images/000682.jpg,0.0,0.5,fpv,1777627861.1082637,1,0,fpv_remote_remote,,,,,,,,,,
images/000683.jpg,0.0,0.5,fpv,1777627861.2382362,1,0,fpv_remote_remote,,,,,,,,,,
images/000684.jpg,0.0,0.5,fpv,1777627861.3657782,1,0,fpv_remote_remote,,,,,,,,,,
images/000685.jpg,0.0,0.5,fpv,1777627861.493392,1,0,fpv_remote_remote,,,,,,,,,,
images/000686.jpg,0.0,0.5,fpv,1777627861.6220903,1,0,fpv_remote_remote,,,,,,,,,,
images/000687.jpg,0.0,0.5,fpv,1777627861.7507849,1,0,fpv_remote_remote,,,,,,,,,,
images/000688.jpg,0.0,0.41239661854915005,fpv,1777627861.8786175,1,0,fpv_remote_remote,,,,,,,,,,
images/000689.jpg,0.8,-0.2422711874752037,fpv,1777627863.6949804,1,0,fpv_remote_remote,,,,,,,,,,
images/000690.jpg,0.8,-0.1185491500595111,fpv,1777627863.823437,1,0,fpv_remote_remote,,,,,,,,,,
images/000691.jpg,0.8,-0.5,fpv,1777627864.624356,1,0,fpv_remote_remote,,,,,,,,,,
images/000692.jpg,0.8,-0.5,fpv,1777627864.7506568,1,0,fpv_remote_remote,,,,,,,,,,
images/000693.jpg,0.8,-0.5,fpv,1777627864.8823714,1,0,fpv_remote_remote,,,,,,,,,,
images/000694.jpg,0.8,-0.5,fpv,1777627865.0129154,1,0,fpv_remote_remote,,,,,,,,,,
images/000695.jpg,0.8,-0.5,fpv,1777627866.2416594,1,0,fpv_remote_remote,,,,,,,,,,
images/000696.jpg,0.7340556047242653,-0.28865932187871945,fpv,1777627866.367438,1,0,fpv_remote_remote,,,,,,,,,,
images/000697.jpg,-0.8,0.5,fpv,1777627867.0884864,1,0,fpv_remote_remote,,,,,,,,,,
images/000698.jpg,-0.8,0.5,fpv,1777627867.2159963,1,0,fpv_remote_remote,,,,,,,,,,
images/000699.jpg,-0.8,0.5,fpv,1777627867.3460853,1,0,fpv_remote_remote,,,,,,,,,,
images/000700.jpg,-0.8,0.5,fpv,1777627867.473015,1,0,fpv_remote_remote,,,,,,,,,,
images/000701.jpg,-0.8,0.5,fpv,1777627867.601318,1,0,fpv_remote_remote,,,,,,,,,,
images/000702.jpg,0.8,0.07733390301217688,fpv,1777627870.8628178,1,0,fpv_remote_remote,,,,,,,,,,
images/000703.jpg,0.8,0.14433729056672873,fpv,1777627870.9907894,1,0,fpv_remote_remote,,,,,,,,,,
images/000704.jpg,0.8,0.24744407483138522,fpv,1777627871.119701,1,0,fpv_remote_remote,,,,,,,,,,
images/000705.jpg,0.8,0.2680593279824213,fpv,1777627871.2489827,1,0,fpv_remote_remote,,,,,,,,,,
images/000706.jpg,0.8,0.2680593279824213,fpv,1777627871.378939,1,0,fpv_remote_remote,,,,,,,,,,
images/000707.jpg,0.8,0.25258644367809074,fpv,1777627871.5071003,1,0,fpv_remote_remote,,,,,,,,,,
images/000708.jpg,0.8,0.10310678426465651,fpv,1777627873.4974687,1,0,fpv_remote_remote,,,,,,,,,,
images/000709.jpg,0.8,0.17011017181920834,fpv,1777627873.6251245,1,0,fpv_remote_remote,,,,,,,,,,
images/000710.jpg,0.8,0.27321695608386487,fpv,1777627873.7542443,1,0,fpv_remote_remote,,,,,,,,,,
images/000711.jpg,0.8,0.4226966154972991,fpv,1777627873.8812916,1,0,fpv_remote_remote,,,,,,,,,,
images/000712.jpg,0.8,0.5,fpv,1777627874.009742,1,0,fpv_remote_remote,,,,,,,,,,
images/000713.jpg,0.8,0.5,fpv,1777627874.1362615,1,0,fpv_remote_remote,,,,,,,,,,
images/000714.jpg,0.8,0.5,fpv,1777627874.2637749,1,0,fpv_remote_remote,,,,,,,,,,
images/000715.jpg,0.8,0.17526779992065186,fpv,1777627874.39008,1,0,fpv_remote_remote,,,,,,,,,,
images/000716.jpg,0.8,0.40723899044770656,fpv,1777627876.297386,1,0,fpv_remote_remote,,,,,,,,,,
images/000717.jpg,0.8,0.402081362346263,fpv,1777627876.4248435,1,0,fpv_remote_remote,,,,,,,,,,
images/000718.jpg,0.8,0.402081362346263,fpv,1777627876.5527136,1,0,fpv_remote_remote,,,,,,,,,,
images/000719.jpg,0.8,0.3196050904873806,fpv,1777627876.6804805,1,0,fpv_remote_remote,,,,,,,,,,
images/000720.jpg,0.0,0.2216711935789056,fpv,1777627877.3960807,1,0,fpv_remote_remote,,,,,,,,,,
images/000721.jpg,0.0,0.5,fpv,1777627877.5241754,1,0,fpv_remote_remote,,,,,,,,,,
images/000722.jpg,0.0,0.5,fpv,1777627877.652003,1,0,fpv_remote_remote,,,,,,,,,,
images/000723.jpg,0.0,0.5,fpv,1777627877.7795184,1,0,fpv_remote_remote,,,,,,,,,,
images/000724.jpg,0.0,0.5,fpv,1777627877.9046075,1,0,fpv_remote_remote,,,,,,,,,,
images/000725.jpg,0.0,0.5,fpv,1777627878.0323105,1,0,fpv_remote_remote,,,,,,,,,,
images/000726.jpg,0.0,0.5,fpv,1777627878.161196,1,0,fpv_remote_remote,,,,,,,,,,
images/000727.jpg,0.8,0.5,fpv,1777627878.2887144,1,0,fpv_remote_remote,,,,,,,,,,
images/000728.jpg,0.0,0.5,fpv,1777627878.41498,1,0,fpv_remote_remote,,,,,,,,,,
images/000729.jpg,0.0,0.5,fpv,1777627878.542364,1,0,fpv_remote_remote,,,,,,,,,,
images/000730.jpg,0.0,0.5,fpv,1777627878.670493,1,0,fpv_remote_remote,,,,,,,,,,
images/000731.jpg,0.0,0.5,fpv,1777627878.798,1,0,fpv_remote_remote,,,,,,,,,,
images/000732.jpg,0.0,0.5,fpv,1777627878.9245074,1,0,fpv_remote_remote,,,,,,,,,,
images/000733.jpg,0.0,0.44846949674977876,fpv,1777627879.0529497,1,0,fpv_remote_remote,,,,,,,,,,
images/000734.jpg,0.0,0.097949156163213,fpv,1777627879.7713354,1,0,fpv_remote_remote,,,,,,,,,,
images/000735.jpg,0.0,0.17526779992065186,fpv,1777627879.9002278,1,0,fpv_remote_remote,,,,,,,,,,
images/000736.jpg,0.0,0.31444746238593707,fpv,1777627880.028564,1,0,fpv_remote_remote,,,,,,,,,,
images/000737.jpg,0.0,0.4845576342051454,fpv,1777627880.1568255,1,0,fpv_remote_remote,,,,,,,,,,
images/000738.jpg,0.3381694998016297,0.5,fpv,1777627880.2844963,1,0,fpv_remote_remote,,,,,,,,,,
images/000739.jpg,0.3381694998016297,0.5,fpv,1777627880.4130647,1,0,fpv_remote_remote,,,,,,,,,,
images/000740.jpg,0.3381694998016297,0.5,fpv,1777627880.540247,1,0,fpv_remote_remote,,,,,,,,,,
images/000741.jpg,0.3381694998016297,0.5,fpv,1777627880.6676438,1,0,fpv_remote_remote,,,,,,,,,,
images/000742.jpg,0.3381694998016297,0.5,fpv,1777627880.7934597,1,0,fpv_remote_remote,,,,,,,,,,
images/000743.jpg,0.7917966246528519,0.5,fpv,1777627880.9212453,1,0,fpv_remote_remote,,,,,,,,,,
images/000744.jpg,0.8,0.4845576342051454,fpv,1777627881.0477927,1,0,fpv_remote_remote,,,,,,,,,,
images/000745.jpg,0.8,0.31444746238593707,fpv,1777627881.1745005,1,0,fpv_remote_remote,,,,,,,,,,
images/000746.jpg,0.8,0.2165135654774621,fpv,1777627881.2996778,1,0,fpv_remote_remote,,,,,,,,,,
images/000747.jpg,0.0,-0.5,fpv,1777627883.4935844,1,0,fpv_remote_remote,,,,,,,,,,
images/000748.jpg,0.0,-0.5,fpv,1777627883.6196,1,0,fpv_remote_remote,,,,,,,,,,
images/000749.jpg,-0.8,-0.5,fpv,1777627883.7474072,1,0,fpv_remote_remote,,,,,,,,,,
images/000750.jpg,-0.8,-0.5,fpv,1777627883.875234,1,0,fpv_remote_remote,,,,,,,,,,
images/000751.jpg,-0.8,-0.5,fpv,1777627884.0055141,1,0,fpv_remote_remote,,,,,,,,,,
images/000752.jpg,-0.8,0.08763389996032593,fpv,1777627885.7803166,1,0,fpv_remote_remote,,,,,,,,,,
images/000753.jpg,-0.8,0.23197119052705467,fpv,1777627885.9076865,1,0,fpv_remote_remote,,,,,,,,,,
images/000754.jpg,-0.8,0.34537797173986023,fpv,1777627886.0348086,1,0,fpv_remote_remote,,,,,,,,,,
images/000755.jpg,-0.8,0.42785424359874263,fpv,1777627886.162519,1,0,fpv_remote_remote,,,,,,,,,,
images/000756.jpg,-0.8,0.5,fpv,1777627886.2915206,1,0,fpv_remote_remote,,,,,,,,,,
images/000757.jpg,-0.8,0.5,fpv,1777627886.4179306,1,0,fpv_remote_remote,,,,,,,,,,
images/000758.jpg,-0.8,0.5,fpv,1777627886.5463235,1,0,fpv_remote_remote,,,,,,,,,,
images/000759.jpg,-0.8,0.5,fpv,1777627886.6742094,1,0,fpv_remote_remote,,,,,,,,,,
images/000760.jpg,-0.27215186010315257,0.5,fpv,1777627886.8000128,1,0,fpv_remote_remote,,,,,,,,,,
images/000761.jpg,0.8,0.5,fpv,1777627886.9273512,1,0,fpv_remote_remote,,,,,,,,,,
images/000762.jpg,0.8,0.5,fpv,1777627887.054846,1,0,fpv_remote_remote,,,,,,,,,,
images/000763.jpg,0.8,0.5,fpv,1777627887.1830728,1,0,fpv_remote_remote,,,,,,,,,,
images/000764.jpg,0.0,0.46910000915555283,fpv,1777627887.309649,1,0,fpv_remote_remote,,,,,,,,,,
images/000765.jpg,-0.8,-0.5,fpv,1777627887.6476278,1,0,fpv_remote_remote,,,,,,,,,,
images/000766.jpg,-0.8,-0.5,fpv,1777627887.7752619,1,0,fpv_remote_remote,,,,,,,,,,
images/000767.jpg,-0.8,-0.5,fpv,1777627887.9017377,1,0,fpv_remote_remote,,,,,,,,,,
images/000768.jpg,-0.8,-0.5,fpv,1777627888.0304585,1,0,fpv_remote_remote,,,,,,,,,,
images/000769.jpg,-0.8,-0.4587694936979278,fpv,1777627888.1590176,1,0,fpv_remote_remote,,,,,,,,,,
images/000770.jpg,0.8,-0.5,fpv,1777627888.6703377,1,0,fpv_remote_remote,,,,,,,,,,
images/000771.jpg,0.8,-0.5,fpv,1777627888.7977998,1,0,fpv_remote_remote,,,,,,,,,,
images/000772.jpg,0.8,-0.5,fpv,1777627888.9244123,1,0,fpv_remote_remote,,,,,,,,,,
images/000773.jpg,0.8,-0.5,fpv,1777627889.0537822,1,0,fpv_remote_remote,,,,,,,,,,
images/000774.jpg,-0.8,0.5,fpv,1777627889.6927376,1,0,fpv_remote_remote,,,,,,,,,,
images/000775.jpg,-0.8,0.5,fpv,1777627889.8209965,1,0,fpv_remote_remote,,,,,,,,,,
images/000776.jpg,-0.30516067995239116,0.5,fpv,1777627889.9485173,1,0,fpv_remote_remote,,,,,,,,,,
images/000777.jpg,-0.5690847499008148,0.5,fpv,1777627890.075824,1,0,fpv_remote_remote,,,,,,,,,,
images/000778.jpg,-0.8,0.5,fpv,1777627890.2039156,1,0,fpv_remote_remote,,,,,,,,,,
images/000779.jpg,0.0,0.5,fpv,1777627890.330067,1,0,fpv_remote_remote,,,,,,,,,,
images/000780.jpg,0.8,0.5,fpv,1777627890.4589045,1,0,fpv_remote_remote,,,,,,,,,,
images/000781.jpg,0.8,0.5,fpv,1777627890.5858476,1,0,fpv_remote_remote,,,,,,,,,,
images/000782.jpg,0.8,0.5,fpv,1777627890.7161224,1,0,fpv_remote_remote,,,,,,,,,,
images/000783.jpg,0.8,0.5,fpv,1777627890.8421392,1,0,fpv_remote_remote,,,,,,,,,,
images/000784.jpg,0.0,0.5,fpv,1777627890.969839,1,0,fpv_remote_remote,,,,,,,,,,
images/000785.jpg,0.0,0.5,fpv,1777627891.0968785,1,0,fpv_remote_remote,,,,,,,,,,
images/000786.jpg,0.0,0.5,fpv,1777627891.2241256,1,0,fpv_remote_remote,,,,,,,,,,
images/000787.jpg,0.0,0.5,fpv,1777627891.3520682,1,0,fpv_remote_remote,,,,,,,,,,
images/000788.jpg,-0.8,0.5,fpv,1777627891.4799445,1,0,fpv_remote_remote,,,,,,,,,,
images/000789.jpg,-0.8,0.5,fpv,1777627891.6068127,1,0,fpv_remote_remote,,,,,,,,,,
images/000790.jpg,0.0,0.5,fpv,1777627891.7372475,1,0,fpv_remote_remote,,,,,,,,,,
images/000791.jpg,0.0,0.5,fpv,1777627891.8637812,1,0,fpv_remote_remote,,,,,,,,,,
images/000792.jpg,0.0,0.5,fpv,1777627891.9913785,1,0,fpv_remote_remote,,,,,,,,,,
images/000793.jpg,0.0,0.5,fpv,1777627892.1190345,1,0,fpv_remote_remote,,,,,,,,,,
images/000794.jpg,0.0,0.5,fpv,1777627892.2477348,1,0,fpv_remote_remote,,,,,,,,,,
images/000795.jpg,0.0,0.5,fpv,1777627892.375601,1,0,fpv_remote_remote,,,,,,,,,,
images/000796.jpg,0.0,0.5,fpv,1777627892.503255,1,0,fpv_remote_remote,,,,,,,,,,
images/000797.jpg,0.0,0.39692373424481947,fpv,1777627892.6304383,1,0,fpv_remote_remote,,,,,,,,,,
images/000798.jpg,-0.5773369548631245,0.3608508560441908,fpv,1777627892.758264,1,0,fpv_remote_remote,,,,,,,,,,
images/000799.jpg,-0.8,0.3350627155369732,fpv,1777627892.8868048,1,0,fpv_remote_remote,,,,,,,,,,
images/000800.jpg,-0.8,0.28867458113345745,fpv,1777627893.0162168,1,0,fpv_remote_remote,,,,,,,,,,
images/000801.jpg,0.0,0.195883053071688,fpv,1777627893.145557,1,0,fpv_remote_remote,,,,,,,,,,
images/000802.jpg,0.0,0.15465254676961576,fpv,1777627893.2729933,1,0,fpv_remote_remote,,,,,,,,,,
images/000803.jpg,0.0,0.1185644093142491,fpv,1777627893.4027417,1,0,fpv_remote_remote,,,,,,,,,,
images/000804.jpg,0.0,0.08763389996032593,fpv,1777627893.5307512,1,0,fpv_remote_remote,,,,,,,,,,
images/000805.jpg,0.0,0.08763389996032593,fpv,1777627893.659633,1,0,fpv_remote_remote,,,,,,,,,,
images/000806.jpg,0.0,0.08763389996032593,fpv,1777627893.7876275,1,0,fpv_remote_remote,,,,,,,,,,
images/000807.jpg,0.0,0.5,fpv,1777627893.9156418,1,0,fpv_remote_remote,,,,,,,,,,
images/000808.jpg,0.0,0.5,fpv,1777627894.0445938,1,0,fpv_remote_remote,,,,,,,,,,
images/000809.jpg,0.0,0.5,fpv,1777627894.170649,1,0,fpv_remote_remote,,,,,,,,,,
images/000810.jpg,0.0,0.5,fpv,1777627894.297622,1,0,fpv_remote_remote,,,,,,,,,,
images/000811.jpg,0.0,0.5,fpv,1777627894.4262035,1,0,fpv_remote_remote,,,,,,,,,,
images/000812.jpg,0.0,0.5,fpv,1777627894.5549736,1,0,fpv_remote_remote,,,,,,,,,,
images/000813.jpg,0.0,0.5,fpv,1777627894.6832004,1,0,fpv_remote_remote,,,,,,,,,,
images/000814.jpg,0.0,0.5,fpv,1777627894.810851,1,0,fpv_remote_remote,,,,,,,,,,
images/000815.jpg,0.0,0.5,fpv,1777627894.9377182,1,0,fpv_remote_remote,,,,,,,,,,
images/000816.jpg,0.41239051484725486,0.5,fpv,1777627895.0654483,1,0,fpv_remote_remote,,,,,,,,,,
images/000817.jpg,0.6515823847163306,0.5,fpv,1777627895.1909068,1,0,fpv_remote_remote,,,,,,,,,,
images/000818.jpg,0.7258033997619556,0.5,fpv,1777627895.317584,1,0,fpv_remote_remote,,,,,,,,,,
images/000819.jpg,0.2639484847560045,0.5,fpv,1777627895.443219,1,0,fpv_remote_remote,,,,,,,,,,
images/000820.jpg,0.0,0.5,fpv,1777627895.5707893,1,0,fpv_remote_remote,,,,,,,,,,
images/000821.jpg,0.0,0.5,fpv,1777627895.6955817,1,0,fpv_remote_remote,,,,,,,,,,
images/000822.jpg,0.0,0.5,fpv,1777627895.8241053,1,0,fpv_remote_remote,,,,,,,,,,
images/000823.jpg,0.0,0.5,fpv,1777627895.9507725,1,0,fpv_remote_remote,,,,,,,,,,
images/000824.jpg,0.0,0.5,fpv,1777627896.0798001,1,0,fpv_remote_remote,,,,,,,,,,
images/000825.jpg,0.8,0.5,fpv,1777627896.207431,1,0,fpv_remote_remote,,,,,,,,,,
images/000826.jpg,0.8,0.5,fpv,1777627896.3348317,1,0,fpv_remote_remote,,,,,,,,,,
images/000827.jpg,0.0,0.5,fpv,1777627896.4614174,1,0,fpv_remote_remote,,,,,,,,,,
images/000828.jpg,0.0,0.5,fpv,1777627896.5887399,1,0,fpv_remote_remote,,,,,,,,,,
images/000829.jpg,0.0,0.5,fpv,1777627896.715218,1,0,fpv_remote_remote,,,,,,,,,,
images/000830.jpg,0.0,0.5,fpv,1777627896.8418956,1,0,fpv_remote_remote,,,,,,,,,,
images/000831.jpg,0.0,0.5,fpv,1777627896.9710858,1,0,fpv_remote_remote,,,,,,,,,,
images/000832.jpg,0.0,0.5,fpv,1777627897.0976317,1,0,fpv_remote_remote,,,,,,,,,,
images/000833.jpg,0.0,0.5,fpv,1777627897.226136,1,0,fpv_remote_remote,,,,,,,,,,
images/000834.jpg,0.0,0.5,fpv,1777627897.3547785,1,0,fpv_remote_remote,,,,,,,,,,
images/000835.jpg,0.0,0.5,fpv,1777627897.4830782,1,0,fpv_remote_remote,,,,,,,,,,
images/000836.jpg,0.0,0.5,fpv,1777627897.6100194,1,0,fpv_remote_remote,,,,,,,,,,
images/000837.jpg,0.0,0.5,fpv,1777627897.7375493,1,0,fpv_remote_remote,,,,,,,,,,
images/000838.jpg,0.8,0.5,fpv,1777627897.864535,1,0,fpv_remote_remote,,,,,,,,,,
images/000839.jpg,0.0,0.5,fpv,1777627897.9938486,1,0,fpv_remote_remote,,,,,,,,,,
images/000840.jpg,0.0,0.5,fpv,1777627898.121353,1,0,fpv_remote_remote,,,,,,,,,,
images/000841.jpg,0.0,0.5,fpv,1777627898.2490711,1,0,fpv_remote_remote,,,,,,,,,,
images/000842.jpg,0.0,0.5,fpv,1777627898.3778117,1,0,fpv_remote_remote,,,,,,,,,,
images/000843.jpg,0.5855891598254341,0.5,fpv,1777627898.5051022,1,0,fpv_remote_remote,,,,,,,,,,
images/000844.jpg,0.8,0.5,fpv,1777627898.633367,1,0,fpv_remote_remote,,,,,,,,,,
images/000845.jpg,0.8,0.5,fpv,1777627898.7623465,1,0,fpv_remote_remote,,,,,,,,,,
images/000846.jpg,0.14846644489883115,0.5,fpv,1777627898.890784,1,0,fpv_remote_remote,,,,,,,,,,
images/000847.jpg,0.0,0.5,fpv,1777627899.0173566,1,0,fpv_remote_remote,,,,,,,,,,
images/000848.jpg,0.0,0.5,fpv,1777627899.1456077,1,0,fpv_remote_remote,,,,,,,,,,
images/000849.jpg,0.0,0.5,fpv,1777627899.272261,1,0,fpv_remote_remote,,,,,,,,,,
images/000850.jpg,0.0,0.5,fpv,1777627899.3999736,1,0,fpv_remote_remote,,,,,,,,,,
images/000851.jpg,-0.8,0.5,fpv,1777627899.5275252,1,0,fpv_remote_remote,,,,,,,,,,
images/000852.jpg,0.0,0.5,fpv,1777627899.6543264,1,0,fpv_remote_remote,,,,,,,,,,
images/000853.jpg,0.0,0.5,fpv,1777627899.7800384,1,0,fpv_remote_remote,,,,,,,,,,
images/000854.jpg,0.0,0.5,fpv,1777627899.9074543,1,0,fpv_remote_remote,,,,,,,,,,
images/000855.jpg,0.0,0.5,fpv,1777627900.033325,1,0,fpv_remote_remote,,,,,,,,,,
images/000856.jpg,0.0,0.5,fpv,1777627900.160402,1,0,fpv_remote_remote,,,,,,,,,,
images/000857.jpg,0.0,0.5,fpv,1777627900.2912188,1,0,fpv_remote_remote,,,,,,,,,,
images/000858.jpg,0.0,0.5,fpv,1777627900.417612,1,0,fpv_remote_remote,,,,,,,,,,
images/000859.jpg,0.0,0.5,fpv,1777627900.5444107,1,0,fpv_remote_remote,,,,,,,,,,
images/000860.jpg,-0.7670155949583423,0.5,fpv,1777627900.6715367,1,0,fpv_remote_remote,,,,,,,,,,
images/000861.jpg,0.0,0.5,fpv,1777627900.8008993,1,0,fpv_remote_remote,,,,,,,,,,
images/000862.jpg,0.0,0.5,fpv,1777627900.9280589,1,0,fpv_remote_remote,,,,,,,,,,
images/000863.jpg,0.0,0.5,fpv,1777627901.0560238,1,0,fpv_remote_remote,,,,,,,,,,
images/000864.jpg,0.0,0.5,fpv,1777627901.1833758,1,0,fpv_remote_remote,,,,,,,,,,
images/000865.jpg,0.0,0.5,fpv,1777627901.3124347,1,0,fpv_remote_remote,,,,,,,,,,
images/000866.jpg,0.3959105197302164,0.5,fpv,1777627901.44012,1,0,fpv_remote_remote,,,,,,,,,,
images/000867.jpg,0.6020935697500535,0.5,fpv,1777627901.5686517,1,0,fpv_remote_remote,,,,,,,,,,
images/000868.jpg,0.8,0.5,fpv,1777627901.6948936,1,0,fpv_remote_remote,,,,,,,,,,
images/000869.jpg,0.3299172948393201,0.5,fpv,1777627901.822721,1,0,fpv_remote_remote,,,,,,,,,,
images/000870.jpg,0.0,0.5,fpv,1777627901.9492946,1,0,fpv_remote_remote,,,,,,,,,,
images/000871.jpg,0.0,0.5,fpv,1777627902.0779846,1,0,fpv_remote_remote,,,,,,,,,,
images/000872.jpg,0.0,0.5,fpv,1777627902.2044497,1,0,fpv_remote_remote,,,,,,,,,,
images/000873.jpg,0.0,0.5,fpv,1777627902.332031,1,0,fpv_remote_remote,,,,,,,,,,
images/000874.jpg,0.0,0.5,fpv,1777627902.4584577,1,0,fpv_remote_remote,,,,,,,,,,
images/000875.jpg,0.0,0.5,fpv,1777627902.5858557,1,0,fpv_remote_remote,,,,,,,,,,
images/000876.jpg,0.8,0.5,fpv,1777627902.7126448,1,0,fpv_remote_remote,,,,,,,,,,
images/000877.jpg,0.6763145847956786,0.5,fpv,1777627902.8408637,1,0,fpv_remote_remote,,,,,,,,,,
images/000878.jpg,0.0,0.5,fpv,1777627902.970216,1,0,fpv_remote_remote,,,,,,,,,,
images/000879.jpg,0.0,0.5,fpv,1777627903.0980642,1,0,fpv_remote_remote,,,,,,,,,,
images/000880.jpg,0.0,0.5,fpv,1777627903.2253559,1,0,fpv_remote_remote,,,,,,,,,,
images/000881.jpg,0.0,0.5,fpv,1777627903.351853,1,0,fpv_remote_remote,,,,,,,,,,
images/000882.jpg,0.0,0.5,fpv,1777627903.4799883,1,0,fpv_remote_remote,,,,,,,,,,
images/000883.jpg,0.0,0.5,fpv,1777627903.6061897,1,0,fpv_remote_remote,,,,,,,,,,
images/000884.jpg,-0.27215186010315257,0.5,fpv,1777627903.7342265,1,0,fpv_remote_remote,,,,,,,,,,
images/000885.jpg,0.0,0.5,fpv,1777627903.8630176,1,0,fpv_remote_remote,,,,,,,,,,
images/000886.jpg,0.0,0.5,fpv,1777627903.9910471,1,0,fpv_remote_remote,,,,,,,,,,
images/000887.jpg,0.8,0.5,fpv,1777627904.118397,1,0,fpv_remote_remote,,,,,,,,,,
images/000888.jpg,0.0,0.5,fpv,1777627904.2466693,1,0,fpv_remote_remote,,,,,,,,,,
images/000889.jpg,0.0,0.5,fpv,1777627904.3736398,1,0,fpv_remote_remote,,,,,,,,,,
images/000890.jpg,0.0,0.5,fpv,1777627904.500753,1,0,fpv_remote_remote,,,,,,,,,,
images/000891.jpg,0.8,0.5,fpv,1777627904.6279433,1,0,fpv_remote_remote,,,,,,,,,,
images/000892.jpg,0.0,0.5,fpv,1777627904.7551787,1,0,fpv_remote_remote,,,,,,,,,,
images/000893.jpg,0.4701315347758415,0.5,fpv,1777627904.8832855,1,0,fpv_remote_remote,,,,,,,,,,
images/000894.jpg,0.8,0.5,fpv,1777627905.0085378,1,0,fpv_remote_remote,,,,,,,,,,
images/000895.jpg,0.8,0.5,fpv,1777627905.1360717,1,0,fpv_remote_remote,,,,,,,,,,
images/000896.jpg,0.0,0.5,fpv,1777627905.2624586,1,0,fpv_remote_remote,,,,,,,,,,
images/000897.jpg,0.0,0.5,fpv,1777627905.3882396,1,0,fpv_remote_remote,,,,,,,,,,
images/000898.jpg,0.0,0.5,fpv,1777627905.5158613,1,0,fpv_remote_remote,,,,,,,,,,
images/000899.jpg,0.0,0.5,fpv,1777627905.6439443,1,0,fpv_remote_remote,,,,,,,,,,
images/000900.jpg,0.0,0.5,fpv,1777627905.770627,1,0,fpv_remote_remote,,,,,,,,,,
images/000901.jpg,0.0,0.5,fpv,1777627905.901313,1,0,fpv_remote_remote,,,,,,,,,,
images/000902.jpg,0.0,0.5,fpv,1777627906.0280402,1,0,fpv_remote_remote,,,,,,,,,,
images/000903.jpg,0.3381694998016297,0.5,fpv,1777627906.1565642,1,0,fpv_remote_remote,,,,,,,,,,
images/000904.jpg,0.0,0.5,fpv,1777627906.2847502,1,0,fpv_remote_remote,,,,,,,,,,
images/000905.jpg,0.0,0.5,fpv,1777627906.412379,1,0,fpv_remote_remote,,,,,,,,,,
images/000906.jpg,0.0,0.5,fpv,1777627906.5417447,1,0,fpv_remote_remote,,,,,,,,,,
images/000907.jpg,0.0,0.5,fpv,1777627906.668147,1,0,fpv_remote_remote,,,,,,,,,,
images/000908.jpg,0.0,0.5,fpv,1777627906.796754,1,0,fpv_remote_remote,,,,,,,,,,
images/000909.jpg,0.0,0.5,fpv,1777627906.9244103,1,0,fpv_remote_remote,,,,,,,,,,
images/000910.jpg,0.0,0.5,fpv,1777627907.0529647,1,0,fpv_remote_remote,,,,,,,,,,
images/000911.jpg,0.0,0.5,fpv,1777627907.1806195,1,0,fpv_remote_remote,,,,,,,,,,
images/000912.jpg,0.0,0.5,fpv,1777627907.30901,1,0,fpv_remote_remote,,,,,,,,,,
images/000913.jpg,0.0,0.5,fpv,1777627907.4361863,1,0,fpv_remote_remote,,,,,,,,,,
images/000914.jpg,0.0,0.5,fpv,1777627907.5639365,1,0,fpv_remote_remote,,,,,,,,,,
images/000915.jpg,0.0,0.5,fpv,1777627907.6910467,1,0,fpv_remote_remote,,,,,,,,,,
images/000916.jpg,0.0,0.5,fpv,1777627907.8200672,1,0,fpv_remote_remote,,,,,,,,,,
images/000917.jpg,0.0,0.5,fpv,1777627907.948018,1,0,fpv_remote_remote,,,,,,,,,,
images/000918.jpg,0.0,0.5,fpv,1777627908.0757253,1,0,fpv_remote_remote,,,,,,,,,,
images/000919.jpg,0.0,0.5,fpv,1777627908.2036166,1,0,fpv_remote_remote,,,,,,,,,,
images/000920.jpg,0.0,0.5,fpv,1777627908.329714,1,0,fpv_remote_remote,,,,,,,,,,
images/000921.jpg,0.0,0.5,fpv,1777627908.4557407,1,0,fpv_remote_remote,,,,,,,,,,
images/000922.jpg,0.0,0.5,fpv,1777627908.5825748,1,0,fpv_remote_remote,,,,,,,,,,
images/000923.jpg,0.0,0.5,fpv,1777627908.7114685,1,0,fpv_remote_remote,,,,,,,,,,
images/000924.jpg,0.0,0.5,fpv,1777627908.8386858,1,0,fpv_remote_remote,,,,,,,,,,
images/000925.jpg,0.0,0.5,fpv,1777627908.965967,1,0,fpv_remote_remote,,,,,,,,,,
images/000926.jpg,0.0,0.5,fpv,1777627909.0923736,1,0,fpv_remote_remote,,,,,,,,,,
images/000927.jpg,0.0,0.5,fpv,1777627909.2196922,1,0,fpv_remote_remote,,,,,,,,,,
images/000928.jpg,0.8,0.5,fpv,1777627909.3464003,1,0,fpv_remote_remote,,,,,,,,,,
images/000929.jpg,0.3629016998809778,0.5,fpv,1777627909.4735873,1,0,fpv_remote_remote,,,,,,,,,,
images/000930.jpg,0.0,0.5,fpv,1777627909.6001081,1,0,fpv_remote_remote,,,,,,,,,,
images/000931.jpg,0.0,0.5,fpv,1777627909.72774,1,0,fpv_remote_remote,,,,,,,,,,
images/000932.jpg,0.0,0.5,fpv,1777627909.854886,1,0,fpv_remote_remote,,,,,,,,,,
images/000933.jpg,0.0,0.5,fpv,1777627909.9822903,1,0,fpv_remote_remote,,,,,,,,,,
images/000934.jpg,0.0,0.5,fpv,1777627910.1081176,1,0,fpv_remote_remote,,,,,,,,,,
images/000935.jpg,0.20620746482741784,0.5,fpv,1777627910.235515,1,0,fpv_remote_remote,,,,,,,,,,
images/000936.jpg,0.8,0.5,fpv,1777627910.3619184,1,0,fpv_remote_remote,,,,,,,,,,
images/000937.jpg,0.8,0.5,fpv,1777627910.4924803,1,0,fpv_remote_remote,,,,,,,,,,
images/000938.jpg,0.511368144779809,0.5,fpv,1777627910.6197267,1,0,fpv_remote_remote,,,,,,,,,,
images/000939.jpg,0.0,0.5,fpv,1777627910.747207,1,0,fpv_remote_remote,,,,,,,,,,
images/000940.jpg,0.0,0.5,fpv,1777627910.873406,1,0,fpv_remote_remote,,,,,,,,,,
images/000941.jpg,0.0,0.5,fpv,1777627911.0012937,1,0,fpv_remote_remote,,,,,,,,,,
images/000942.jpg,0.0,0.5,fpv,1777627911.1288736,1,0,fpv_remote_remote,,,,,,,,,,
images/000943.jpg,0.0,0.5,fpv,1777627911.256723,1,0,fpv_remote_remote,,,,,,,,,,
images/000944.jpg,0.0,0.5,fpv,1777627911.3864214,1,0,fpv_remote_remote,,,,,,,,,,
images/000945.jpg,0.0,0.5,fpv,1777627911.5141704,1,0,fpv_remote_remote,,,,,,,,,,
images/000946.jpg,0.0,0.5,fpv,1777627911.6419299,1,0,fpv_remote_remote,,,,,,,,,,
images/000947.jpg,0.0,0.5,fpv,1777627911.7694342,1,0,fpv_remote_remote,,,,,,,,,,
images/000948.jpg,0.0,0.5,fpv,1777627911.8977609,1,0,fpv_remote_remote,,,,,,,,,,
images/000949.jpg,0.0,0.5,fpv,1777627912.0226479,1,0,fpv_remote_remote,,,,,,,,,,
images/000950.jpg,0.0,0.5,fpv,1777627912.1491535,1,0,fpv_remote_remote,,,,,,,,,,
images/000951.jpg,0.0,0.5,fpv,1777627912.2755651,1,0,fpv_remote_remote,,,,,,,,,,
images/000952.jpg,0.0,0.5,fpv,1777627912.4029021,1,0,fpv_remote_remote,,,,,,,,,,
images/000953.jpg,0.0,0.5,fpv,1777627912.5292954,1,0,fpv_remote_remote,,,,,,,,,,
images/000954.jpg,0.0,0.5,fpv,1777627912.6590128,1,0,fpv_remote_remote,,,,,,,,,,
images/000955.jpg,0.0,0.5,fpv,1777627912.7848308,1,0,fpv_remote_remote,,,,,,,,,,
images/000956.jpg,0.0,0.5,fpv,1777627912.9127688,1,0,fpv_remote_remote,,,,,,,,,,
images/000957.jpg,0.0,0.5,fpv,1777627913.0391192,1,0,fpv_remote_remote,,,,,,,,,,
images/000958.jpg,0.0,0.5,fpv,1777627913.1665902,1,0,fpv_remote_remote,,,,,,,,,,
images/000959.jpg,0.0,0.5,fpv,1777627913.2928498,1,0,fpv_remote_remote,,,,,,,,,,
images/000960.jpg,0.0,0.5,fpv,1777627913.419898,1,0,fpv_remote_remote,,,,,,,,,,
images/000961.jpg,0.49486373485518964,0.5,fpv,1777627913.5467947,1,0,fpv_remote_remote,,,,,,,,,,
images/000962.jpg,0.0,0.5,fpv,1777627913.6738987,1,0,fpv_remote_remote,,,,,,,,,,
images/000963.jpg,0.0,0.5,fpv,1777627913.801846,1,0,fpv_remote_remote,,,,,,,,,,
images/000964.jpg,0.0,0.5,fpv,1777627913.9296777,1,0,fpv_remote_remote,,,,,,,,,,
images/000965.jpg,0.0,0.5,fpv,1777627914.0561688,1,0,fpv_remote_remote,,,,,,,,,,
images/000966.jpg,0.0,0.5,fpv,1777627914.183439,1,0,fpv_remote_remote,,,,,,,,,,
images/000967.jpg,0.0,0.5,fpv,1777627914.311755,1,0,fpv_remote_remote,,,,,,,,,,
images/000968.jpg,0.0,0.5,fpv,1777627914.4390163,1,0,fpv_remote_remote,,,,,,,,,,
images/000969.jpg,0.13198644978179266,0.5,fpv,1777627914.5656154,1,0,fpv_remote_remote,,,,,,,,,,
images/000970.jpg,0.0,0.5,fpv,1777627914.6938932,1,0,fpv_remote_remote,,,,,,,,,,
images/000971.jpg,0.0,0.5,fpv,1777627914.8220458,1,0,fpv_remote_remote,,,,,,,,,,
images/000972.jpg,0.0,0.5,fpv,1777627914.9475033,1,0,fpv_remote_remote,,,,,,,,,,
images/000973.jpg,0.0,0.5,fpv,1777627915.0754743,1,0,fpv_remote_remote,,,,,,,,,,
images/000974.jpg,0.0,0.5,fpv,1777627915.2020006,1,0,fpv_remote_remote,,,,,,,,,,
images/000975.jpg,0.0,0.5,fpv,1777627915.3308225,1,0,fpv_remote_remote,,,,,,,,,,
images/000976.jpg,0.3711539048432875,0.5,fpv,1777627915.4574676,1,0,fpv_remote_remote,,,,,,,,,,
images/000977.jpg,0.8,0.5,fpv,1777627915.5872936,1,0,fpv_remote_remote,,,,,,,,,,
images/000978.jpg,0.8,0.5,fpv,1777627915.7145898,1,0,fpv_remote_remote,,,,,,,,,,
images/000979.jpg,0.8,0.5,fpv,1777627915.8426936,1,0,fpv_remote_remote,,,,,,,,,,
images/000980.jpg,0.0,0.5,fpv,1777627915.9701316,1,0,fpv_remote_remote,,,,,,,,,,
images/000981.jpg,0.0,0.5,fpv,1777627916.098114,1,0,fpv_remote_remote,,,,,,,,,,
images/000982.jpg,0.0,0.5,fpv,1777627916.2248235,1,0,fpv_remote_remote,,,,,,,,,,
images/000983.jpg,0.0,0.5,fpv,1777627916.3525348,1,0,fpv_remote_remote,,,,,,,,,,
images/000984.jpg,-0.8,0.5,fpv,1777627916.4796007,1,0,fpv_remote_remote,,,,,,,,,,
images/000985.jpg,-0.8,0.5,fpv,1777627916.6064126,1,0,fpv_remote_remote,,,,,,,,,,
images/000986.jpg,-0.8,0.5,fpv,1777627916.7338986,1,0,fpv_remote_remote,,,,,,,,,,
images/000987.jpg,-0.8,0.5,fpv,1777627916.8597074,1,0,fpv_remote_remote,,,,,,,,,,
images/000988.jpg,-0.8,0.5,fpv,1777627916.9875953,1,0,fpv_remote_remote,,,,,,,,,,
images/000989.jpg,-0.8,0.5,fpv,1777627917.1156633,1,0,fpv_remote_remote,,,,,,,,,,
images/000990.jpg,0.0,0.5,fpv,1777627917.2442515,1,0,fpv_remote_remote,,,,,,,,,,
images/000991.jpg,0.0,0.5,fpv,1777627917.3710828,1,0,fpv_remote_remote,,,,,,,,,,
images/000992.jpg,0.8,0.5,fpv,1777627917.4996111,1,0,fpv_remote_remote,,,,,,,,,,
images/000993.jpg,0.8,0.5,fpv,1777627917.6257896,1,0,fpv_remote_remote,,,,,,,,,,
images/000994.jpg,0.8,0.5,fpv,1777627917.7543242,1,0,fpv_remote_remote,,,,,,,,,,
images/000995.jpg,0.0,0.5,fpv,1777627917.882086,1,0,fpv_remote_remote,,,,,,,,,,
images/000996.jpg,0.0,0.5,fpv,1777627918.0104625,1,0,fpv_remote_remote,,,,,,,,,,
images/000997.jpg,0.0,0.5,fpv,1777627918.1358209,1,0,fpv_remote_remote,,,,,,,,,,
images/000998.jpg,0.22268745994445635,0.5,fpv,1777627918.2639353,1,0,fpv_remote_remote,,,,,,,,,,
images/000999.jpg,0.8,0.5,fpv,1777627918.3925383,1,0,fpv_remote_remote,,,,,,,,,,
images/001000.jpg,0.8,0.5,fpv,1777627918.520654,1,0,fpv_remote_remote,,,,,,,,,,
images/001001.jpg,0.8,0.5,fpv,1777627918.6467447,1,0,fpv_remote_remote,,,,,,,,,,
images/001002.jpg,0.0,0.5,fpv,1777627918.7739725,1,0,fpv_remote_remote,,,,,,,,,,
images/001003.jpg,0.0,0.5,fpv,1777627918.8991795,1,0,fpv_remote_remote,,,,,,,,,,
images/001004.jpg,0.0,0.5,fpv,1777627919.026931,1,0,fpv_remote_remote,,,,,,,,,,
images/001005.jpg,0.0,0.5,fpv,1777627919.153309,1,0,fpv_remote_remote,,,,,,,,,,
images/001006.jpg,0.0,0.5,fpv,1777627919.2817833,1,0,fpv_remote_remote,,,,,,,,,,
images/001007.jpg,0.0,0.5,fpv,1777627919.409953,1,0,fpv_remote_remote,,,,,,,,,,
images/001008.jpg,0.0,0.5,fpv,1777627919.5381908,1,0,fpv_remote_remote,,,,,,,,,,
images/001009.jpg,0.0,0.5,fpv,1777627919.6645432,1,0,fpv_remote_remote,,,,,,,,,,
images/001010.jpg,0.0,0.5,fpv,1777627919.7921987,1,0,fpv_remote_remote,,,,,,,,,,
images/001011.jpg,-0.8,-0.14947965941343425,fpv,1777627920.0868201,1,0,fpv_remote_remote,,,,,,,,,,
images/001012.jpg,-0.8,-0.5,fpv,1777627920.213745,1,0,fpv_remote_remote,,,,,,,,,,
images/001013.jpg,-0.8,-0.5,fpv,1777627920.3411665,1,0,fpv_remote_remote,,,,,,,,,,
images/001014.jpg,-0.8,-0.5,fpv,1777627920.4665382,1,0,fpv_remote_remote,,,,,,,,,,
images/001015.jpg,-0.8,-0.5,fpv,1777627920.5929973,1,0,fpv_remote_remote,,,,,,,,,,
images/001016.jpg,-0.8,-0.5,fpv,1777627920.7171597,1,0,fpv_remote_remote,,,,,,,,,,
images/001017.jpg,0.0,-0.5,fpv,1777627920.8438513,1,0,fpv_remote_remote,,,,,,,,,,
images/001018.jpg,0.7010711996826076,0.42785424359874263,fpv,1777627921.9471116,1,0,fpv_remote_remote,,,,,,,,,,
images/001019.jpg,0.0,0.5,fpv,1777627922.0743062,1,0,fpv_remote_remote,,,,,,,,,,
images/001020.jpg,0.0,0.5,fpv,1777627922.2029898,1,0,fpv_remote_remote,,,,,,,,,,
images/001021.jpg,0.0,0.5,fpv,1777627922.330148,1,0,fpv_remote_remote,,,,,,,,,,
images/001022.jpg,0.0,0.5,fpv,1777627922.4571016,1,0,fpv_remote_remote,,,,,,,,,,
images/001023.jpg,-0.8,0.5,fpv,1777627922.5835087,1,0,fpv_remote_remote,,,,,,,,,,
images/001024.jpg,-0.8,0.5,fpv,1777627922.7111642,1,0,fpv_remote_remote,,,,,,,,,,
images/001025.jpg,-0.8,0.5,fpv,1777627922.837868,1,0,fpv_remote_remote,,,,,,,,,,
images/001026.jpg,-0.8,0.5,fpv,1777627922.9664054,1,0,fpv_remote_remote,,,,,,,,,,
images/001027.jpg,-0.8,0.5,fpv,1777627923.0928218,1,0,fpv_remote_remote,,,,,,,,,,
images/001028.jpg,0.0,0.5,fpv,1777627923.2197015,1,0,fpv_remote_remote,,,,,,,,,,
images/001029.jpg,0.0,0.5,fpv,1777627923.3454337,1,0,fpv_remote_remote,,,,,,,,,,
images/001030.jpg,0.0,0.5,fpv,1777627923.4736094,1,0,fpv_remote_remote,,,,,,,,,,
images/001031.jpg,0.0,0.5,fpv,1777627923.602019,1,0,fpv_remote_remote,,,,,,,,,,
images/001032.jpg,0.0,0.5,fpv,1777627923.7302182,1,0,fpv_remote_remote,,,,,,,,,,
images/001033.jpg,0.0,0.5,fpv,1777627923.8572795,1,0,fpv_remote_remote,,,,,,,,,,
images/001034.jpg,-0.8,0.5,fpv,1777627923.9848237,1,0,fpv_remote_remote,,,,,,,,,,
images/001035.jpg,-0.8,0.5,fpv,1777627924.1116402,1,0,fpv_remote_remote,,,,,,,,,,
images/001036.jpg,0.0,0.5,fpv,1777627924.2426028,1,0,fpv_remote_remote,,,,,,,,,,
images/001037.jpg,0.0,0.5,fpv,1777627924.371751,1,0,fpv_remote_remote,,,,,,,,,,
images/001038.jpg,0.0,0.5,fpv,1777627924.499202,1,0,fpv_remote_remote,,,,,,,,,,
images/001039.jpg,0.0,0.5,fpv,1777627924.6253483,1,0,fpv_remote_remote,,,,,,,,,,
images/001040.jpg,0.0,0.5,fpv,1777627924.756341,1,0,fpv_remote_remote,,,,,,,,,,
images/001041.jpg,0.0,0.5,fpv,1777627924.8825328,1,0,fpv_remote_remote,,,,,,,,,,
images/001042.jpg,0.0,0.5,fpv,1777627925.0092077,1,0,fpv_remote_remote,,,,,,,,,,
images/001043.jpg,0.0,0.5,fpv,1777627925.1348834,1,0,fpv_remote_remote,,,,,,,,,,
images/001044.jpg,0.0,0.5,fpv,1777627925.2633653,1,0,fpv_remote_remote,,,,,,,,,,
images/001045.jpg,0.0,0.5,fpv,1777627925.390862,1,0,fpv_remote_remote,,,,,,,,,,
images/001046.jpg,0.0,0.5,fpv,1777627925.5180063,1,0,fpv_remote_remote,,,,,,,,,,
images/001047.jpg,0.0,0.5,fpv,1777627925.6465974,1,0,fpv_remote_remote,,,,,,,,,,
images/001048.jpg,0.0,0.5,fpv,1777627925.7741535,1,0,fpv_remote_remote,,,,,,,,,,
images/001049.jpg,0.0,0.5,fpv,1777627925.9004676,1,0,fpv_remote_remote,,,,,,,,,,
images/001050.jpg,0.0,0.5,fpv,1777627926.02694,1,0,fpv_remote_remote,,,,,,,,,,
images/001051.jpg,0.6763145847956786,0.5,fpv,1777627926.1518426,1,0,fpv_remote_remote,,,,,,,,,,
images/001052.jpg,0.7258033997619556,0.5,fpv,1777627926.2782612,1,0,fpv_remote_remote,,,,,,,,,,
images/001053.jpg,0.0,0.5,fpv,1777627926.4054093,1,0,fpv_remote_remote,,,,,,,,,,
images/001054.jpg,0.0,0.5,fpv,1777627926.5320117,1,0,fpv_remote_remote,,,,,,,,,,
images/001055.jpg,0.0,0.5,fpv,1777627926.6584432,1,0,fpv_remote_remote,,,,,,,,,,
images/001056.jpg,0.0,0.5,fpv,1777627926.7863545,1,0,fpv_remote_remote,,,,,,,,,,
images/001057.jpg,0.0,0.5,fpv,1777627926.9141004,1,0,fpv_remote_remote,,,,,,,,,,
images/001058.jpg,0.0,0.5,fpv,1777627927.0414512,1,0,fpv_remote_remote,,,,,,,,,,
images/001059.jpg,0.8,0.5,fpv,1777627927.1699321,1,0,fpv_remote_remote,,,,,,,,,,
images/001060.jpg,0.0,0.5,fpv,1777627927.2963667,1,0,fpv_remote_remote,,,,,,,,,,
images/001061.jpg,0.0,0.5,fpv,1777627927.4248297,1,0,fpv_remote_remote,,,,,,,,,,
images/001062.jpg,0.0,0.5,fpv,1777627927.5526834,1,0,fpv_remote_remote,,,,,,,,,,
images/001063.jpg,0.0,0.5,fpv,1777627927.6807723,1,0,fpv_remote_remote,,,,,,,,,,
images/001064.jpg,0.0,0.5,fpv,1777627927.807598,1,0,fpv_remote_remote,,,,,,,,,,
images/001065.jpg,0.0,0.5,fpv,1777627927.937094,1,0,fpv_remote_remote,,,,,,,,,,
images/001066.jpg,0.8,0.5,fpv,1777627928.063946,1,0,fpv_remote_remote,,,,,,,,,,
images/001067.jpg,0.0,0.5,fpv,1777627928.1913712,1,0,fpv_remote_remote,,,,,,,,,,
images/001068.jpg,0.0,0.5,fpv,1777627928.3199444,1,0,fpv_remote_remote,,,,,,,,,,
images/001069.jpg,0.0,0.5,fpv,1777627928.4487126,1,0,fpv_remote_remote,,,,,,,,,,
images/001070.jpg,0.0,0.5,fpv,1777627928.574863,1,0,fpv_remote_remote,,,,,,,,,,
images/001071.jpg,0.0,0.5,fpv,1777627928.7031727,1,0,fpv_remote_remote,,,,,,,,,,
images/001072.jpg,0.8,0.5,fpv,1777627928.8288198,1,0,fpv_remote_remote,,,,,,,,,,
images/001073.jpg,0.6268257698294016,0.5,fpv,1777627928.956425,1,0,fpv_remote_remote,,,,,,,,,,
images/001074.jpg,0.0,0.5,fpv,1777627929.0822697,1,0,fpv_remote_remote,,,,,,,,,,
images/001075.jpg,0.0,0.5,fpv,1777627929.209281,1,0,fpv_remote_remote,,,,,,,,,,
images/001076.jpg,0.0,0.5,fpv,1777627929.3354628,1,0,fpv_remote_remote,,,,,,,,,,
images/001077.jpg,0.0,0.5,fpv,1777627929.4636562,1,0,fpv_remote_remote,,,,,,,,,,
images/001078.jpg,0.0,0.5,fpv,1777627929.5931957,1,0,fpv_remote_remote,,,,,,,,,,
images/001079.jpg,0.8,0.5,fpv,1777627929.7206788,1,0,fpv_remote_remote,,,,,,,,,,
images/001080.jpg,0.8,0.5,fpv,1777627929.8480728,1,0,fpv_remote_remote,,,,,,,,,,
images/001081.jpg,0.0,0.5,fpv,1777627929.9741392,1,0,fpv_remote_remote,,,,,,,,,,
images/001082.jpg,0.0,0.5,fpv,1777627930.102649,1,0,fpv_remote_remote,,,,,,,,,,
images/001083.jpg,0.0,0.5,fpv,1777627930.229366,1,0,fpv_remote_remote,,,,,,,,,,
images/001084.jpg,0.0,0.5,fpv,1777627930.3562472,1,0,fpv_remote_remote,,,,,,,,,,
images/001085.jpg,-0.17319864497817927,0.5,fpv,1777627930.482242,1,0,fpv_remote_remote,,,,,,,,,,
images/001086.jpg,-0.5278481398968474,0.5,fpv,1777627930.61168,1,0,fpv_remote_remote,,,,,,,,,,
images/001087.jpg,0.0,0.5,fpv,1777627930.7397995,1,0,fpv_remote_remote,,,,,,,,,,
images/001088.jpg,0.0,0.5,fpv,1777627930.8687744,1,0,fpv_remote_remote,,,,,,,,,,
images/001089.jpg,0.0,0.5,fpv,1777627930.9984467,1,0,fpv_remote_remote,,,,,,,,,,
images/001090.jpg,0.0,0.5,fpv,1777627931.125945,1,0,fpv_remote_remote,,,,,,,,,,
images/001091.jpg,0.0,0.5,fpv,1777627931.2543817,1,0,fpv_remote_remote,,,,,,,,,,
images/001092.jpg,0.0,0.5,fpv,1777627931.3805108,1,0,fpv_remote_remote,,,,,,,,,,
images/001093.jpg,-0.7175267799920653,0.5,fpv,1777627931.5086367,1,0,fpv_remote_remote,,,,,,,,,,
images/001094.jpg,-0.8,0.5,fpv,1777627931.6355743,1,0,fpv_remote_remote,,,,,,,,,,
images/001095.jpg,-0.18142643513290813,0.5,fpv,1777627931.7652538,1,0,fpv_remote_remote,,,,,,,,,,
images/001096.jpg,0.0,0.5,fpv,1777627931.892387,1,0,fpv_remote_remote,,,,,,,,,,
images/001097.jpg,0.0,0.5,fpv,1777627932.0209982,1,0,fpv_remote_remote,,,,,,,,,,
images/001098.jpg,0.0,0.5,fpv,1777627932.1489508,1,0,fpv_remote_remote,,,,,,,,,,
images/001099.jpg,0.0,0.5,fpv,1777627932.2786143,1,0,fpv_remote_remote,,,,,,,,,,
images/001100.jpg,0.0,0.5,fpv,1777627932.407409,1,0,fpv_remote_remote,,,,,,,,,,
images/001101.jpg,0.0,0.5,fpv,1777627932.5360754,1,0,fpv_remote_remote,,,,,,,,,,
images/001102.jpg,0.5031159398174994,0.5,fpv,1777627932.6636271,1,0,fpv_remote_remote,,,,,,,,,,
images/001103.jpg,0.8,0.5,fpv,1777627932.792077,1,0,fpv_remote_remote,,,,,,,,,,
images/001104.jpg,0.7010711996826076,0.5,fpv,1777627932.9219375,1,0,fpv_remote_remote,,,,,,,,,,
images/001105.jpg,0.0,0.5,fpv,1777627933.0486803,1,0,fpv_remote_remote,,,,,,,,,,
images/001106.jpg,0.0,0.5,fpv,1777627933.1762455,1,0,fpv_remote_remote,,,,,,,,,,
images/001107.jpg,0.0,0.5,fpv,1777627933.3040924,1,0,fpv_remote_remote,,,,,,,,,,
images/001108.jpg,0.0,0.5,fpv,1777627933.432568,1,0,fpv_remote_remote,,,,,,,,,,
images/001109.jpg,0.8,0.5,fpv,1777627933.5596073,1,0,fpv_remote_remote,,,,,,,,,,
images/001110.jpg,0.8,0.5,fpv,1777627933.688122,1,0,fpv_remote_remote,,,,,,,,,,
images/001111.jpg,0.0,0.5,fpv,1777627933.8144298,1,0,fpv_remote_remote,,,,,,,,,,
images/001112.jpg,0.0,0.5,fpv,1777627933.9432197,1,0,fpv_remote_remote,,,,,,,,,,
images/001113.jpg,0.0,0.5,fpv,1777627934.0721493,1,0,fpv_remote_remote,,,,,,,,,,
images/001114.jpg,0.0,0.5,fpv,1777627934.2001033,1,0,fpv_remote_remote,,,,,,,,,,
images/001115.jpg,0.0,0.5,fpv,1777627934.3284693,1,0,fpv_remote_remote,,,,,,,,,,
images/001116.jpg,0.0,0.5,fpv,1777627934.4543097,1,0,fpv_remote_remote,,,,,,,,,,
images/001117.jpg,0.0,0.5,fpv,1777627934.581492,1,0,fpv_remote_remote,,,,,,,,,,
images/001118.jpg,0.0,0.5,fpv,1777627934.7104254,1,0,fpv_remote_remote,,,,,,,,,,
images/001119.jpg,0.0,0.5,fpv,1777627934.8391328,1,0,fpv_remote_remote,,,,,,,,,,
images/001120.jpg,0.0,0.5,fpv,1777627934.967288,1,0,fpv_remote_remote,,,,,,,,,,
images/001121.jpg,0.0,0.5,fpv,1777627935.0948188,1,0,fpv_remote_remote,,,,,,,,,,
images/001122.jpg,0.8,0.5,fpv,1777627935.223594,1,0,fpv_remote_remote,,,,,,,,,,
images/001123.jpg,0.49486373485518964,0.5,fpv,1777627935.3528333,1,0,fpv_remote_remote,,,,,,,,,,
images/001124.jpg,0.0,0.5,fpv,1777627935.4818447,1,0,fpv_remote_remote,,,,,,,,,,
images/001125.jpg,0.0,0.5,fpv,1777627935.6110196,1,0,fpv_remote_remote,,,,,,,,,,
images/001126.jpg,0.8,0.5,fpv,1777627935.7415733,1,0,fpv_remote_remote,,,,,,,,,,
images/001127.jpg,0.0,0.5,fpv,1777627935.8700733,1,0,fpv_remote_remote,,,,,,,,,,
images/001128.jpg,0.0,0.5,fpv,1777627935.9980338,1,0,fpv_remote_remote,,,,,,,,,,
images/001129.jpg,0.0,0.5,fpv,1777627936.125361,1,0,fpv_remote_remote,,,,,,,,,,
images/001130.jpg,0.8,0.5,fpv,1777627936.2527761,1,0,fpv_remote_remote,,,,,,,,,,
images/001131.jpg,0.8,0.5,fpv,1777627936.3798766,1,0,fpv_remote_remote,,,,,,,,,,
images/001132.jpg,0.0,0.5,fpv,1777627936.5062685,1,0,fpv_remote_remote,,,,,,,,,,
images/001133.jpg,0.0,0.5,fpv,1777627936.6330724,1,0,fpv_remote_remote,,,,,,,,,,
images/001134.jpg,0.0,0.5,fpv,1777627936.7580812,1,0,fpv_remote_remote,,,,,,,,,,
images/001135.jpg,0.0,0.5,fpv,1777627936.8842688,1,0,fpv_remote_remote,,,,,,,,,,
images/001136.jpg,0.0,0.5,fpv,1777627937.0107298,1,0,fpv_remote_remote,,,,,,,,,,
images/001137.jpg,0.0,0.5,fpv,1777627937.1384761,1,0,fpv_remote_remote,,,,,,,,,,
images/001138.jpg,0.0,0.5,fpv,1777627937.2665973,1,0,fpv_remote_remote,,,,,,,,,,
images/001139.jpg,0.0,0.5,fpv,1777627937.3928485,1,0,fpv_remote_remote,,,,,,,,,,
images/001140.jpg,0.0,0.5,fpv,1777627937.5194516,1,0,fpv_remote_remote,,,,,,,,,,
images/001141.jpg,0.0,0.5,fpv,1777627937.6470098,1,0,fpv_remote_remote,,,,,,,,,,
images/001142.jpg,0.0,0.5,fpv,1777627937.772082,1,0,fpv_remote_remote,,,,,,,,,,
images/001143.jpg,0.0,0.5,fpv,1777627937.89942,1,0,fpv_remote_remote,,,,,,,,,,
images/001144.jpg,0.0,0.5,fpv,1777627938.028036,1,0,fpv_remote_remote,,,,,,,,,,
images/001145.jpg,0.0,0.5,fpv,1777627938.1525476,1,0,fpv_remote_remote,,,,,,,,,,
images/001146.jpg,0.0,0.5,fpv,1777627938.280552,1,0,fpv_remote_remote,,,,,,,,,,
images/001147.jpg,0.0,0.5,fpv,1777627938.4068124,1,0,fpv_remote_remote,,,,,,,,,,
images/001148.jpg,0.0,0.5,fpv,1777627938.5356014,1,0,fpv_remote_remote,,,,,,,,,,
images/001149.jpg,-0.4701071199682607,0.5,fpv,1777627938.6621819,1,0,fpv_remote_remote,,,,,,,,,,
images/001150.jpg,-0.8,0.5,fpv,1777627938.7905245,1,0,fpv_remote_remote,,,,,,,,,,
images/001151.jpg,0.0,0.5,fpv,1777627938.916846,1,0,fpv_remote_remote,,,,,,,,,,
images/001152.jpg,0.0,0.5,fpv,1777627939.0442305,1,0,fpv_remote_remote,,,,,,,,,,
images/001153.jpg,0.0,0.5,fpv,1777627939.1705067,1,0,fpv_remote_remote,,,,,,,,,,
images/001154.jpg,0.0,0.5,fpv,1777627939.3002932,1,0,fpv_remote_remote,,,,,,,,,,
images/001155.jpg,0.0,0.5,fpv,1777627939.4265237,1,0,fpv_remote_remote,,,,,,,,,,
images/001156.jpg,0.0,0.5,fpv,1777627939.5538406,1,0,fpv_remote_remote,,,,,,,,,,
images/001157.jpg,0.0,0.5,fpv,1777627939.6789691,1,0,fpv_remote_remote,,,,,,,,,,
images/001158.jpg,0.0,0.5,fpv,1777627939.8084598,1,0,fpv_remote_remote,,,,,,,,,,
images/001159.jpg,0.0,0.5,fpv,1777627939.934819,1,0,fpv_remote_remote,,,,,,,,,,
images/001160.jpg,0.0,0.5,fpv,1777627940.0629358,1,0,fpv_remote_remote,,,,,,,,,,
images/001161.jpg,0.8,0.5,fpv,1777627940.189211,1,0,fpv_remote_remote,,,,,,,,,,
images/001162.jpg,0.3711539048432875,0.5,fpv,1777627940.3156416,1,0,fpv_remote_remote,,,,,,,,,,
images/001163.jpg,0.0,0.5,fpv,1777627940.4408765,1,0,fpv_remote_remote,,,,,,,,,,
images/001164.jpg,0.0,0.5,fpv,1777627940.5671093,1,0,fpv_remote_remote,,,,,,,,,,
images/001165.jpg,0.0,0.5,fpv,1777627940.6925378,1,0,fpv_remote_remote,,,,,,,,,,
images/001166.jpg,0.0,0.5,fpv,1777627940.8188694,1,0,fpv_remote_remote,,,,,,,,,,
images/001167.jpg,0.0,0.5,fpv,1777627940.9435337,1,0,fpv_remote_remote,,,,,,,,,,
images/001168.jpg,0.2556962797936949,0.5,fpv,1777627941.0713108,1,0,fpv_remote_remote,,,,,,,,,,
images/001169.jpg,0.8,0.5,fpv,1777627941.1993968,1,0,fpv_remote_remote,,,,,,,,,,
images/001170.jpg,0.4041383098849452,0.5,fpv,1777627941.3272405,1,0,fpv_remote_remote,,,,,,,,,,
images/001171.jpg,0.0,0.5,fpv,1777627941.4550254,1,0,fpv_remote_remote,,,,,,,,,,
images/001172.jpg,0.0,0.5,fpv,1777627941.5823367,1,0,fpv_remote_remote,,,,,,,,,,
images/001173.jpg,0.0,0.5,fpv,1777627941.7094264,1,0,fpv_remote_remote,,,,,,,,,,
images/001174.jpg,0.0,0.5,fpv,1777627941.838219,1,0,fpv_remote_remote,,,,,,,,,,
images/001175.jpg,0.0,0.5,fpv,1777627941.9641879,1,0,fpv_remote_remote,,,,,,,,,,
images/001176.jpg,0.0,0.5,fpv,1777627942.0929513,1,0,fpv_remote_remote,,,,,,,,,,
images/001177.jpg,0.717551194799646,0.5,fpv,1777627942.2205818,1,0,fpv_remote_remote,,,,,,,,,,
images/001178.jpg,0.8,0.5,fpv,1777627942.3503282,1,0,fpv_remote_remote,,,,,,,,,,
images/001179.jpg,0.0,0.5,fpv,1777627942.4784276,1,0,fpv_remote_remote,,,,,,,,,,
images/001180.jpg,0.0,0.5,fpv,1777627942.607279,1,0,fpv_remote_remote,,,,,,,,,,
images/001181.jpg,0.0,0.5,fpv,1777627942.7349138,1,0,fpv_remote_remote,,,,,,,,,,
images/001182.jpg,0.0,0.5,fpv,1777627942.8625712,1,0,fpv_remote_remote,,,,,,,,,,
images/001183.jpg,0.0,0.5,fpv,1777627942.9901423,1,0,fpv_remote_remote,,,,,,,,,,
images/001184.jpg,0.0,0.5,fpv,1777627943.1182733,1,0,fpv_remote_remote,,,,,,,,,,
images/001185.jpg,0.0,0.5,fpv,1777627943.2461686,1,0,fpv_remote_remote,,,,,,,,,,
images/001186.jpg,0.3299172948393201,0.5,fpv,1777627943.373884,1,0,fpv_remote_remote,,,,,,,,,,
images/001187.jpg,0.0,0.5,fpv,1777627943.5035486,1,0,fpv_remote_remote,,,,,,,,,,
images/001188.jpg,0.0,0.5,fpv,1777627943.6312325,1,0,fpv_remote_remote,,,,,,,,,,
images/001189.jpg,0.0,0.5,fpv,1777627943.7595267,1,0,fpv_remote_remote,,,,,,,,,,
images/001190.jpg,0.0,0.5,fpv,1777627943.8848596,1,0,fpv_remote_remote,,,,,,,,,,
images/001191.jpg,0.0,0.5,fpv,1777627944.0125644,1,0,fpv_remote_remote,,,,,,,,,,
images/001192.jpg,0.0,0.5,fpv,1777627944.1390178,1,0,fpv_remote_remote,,,,,,,,,,
images/001193.jpg,0.0,0.5,fpv,1777627944.267723,1,0,fpv_remote_remote,,,,,,,,,,
images/001194.jpg,0.0,0.5,fpv,1777627944.3948398,1,0,fpv_remote_remote,,,,,,,,,,
images/001195.jpg,0.0,0.5,fpv,1777627944.5214884,1,0,fpv_remote_remote,,,,,,,,,,
images/001196.jpg,0.0,0.5,fpv,1777627944.6491597,1,0,fpv_remote_remote,,,,,,,,,,
images/001197.jpg,0.0,0.5,fpv,1777627944.7773376,1,0,fpv_remote_remote,,,,,,,,,,
images/001198.jpg,-0.7587633899960327,0.5,fpv,1777627944.904241,1,0,fpv_remote_remote,,,,,,,,,,
images/001199.jpg,0.0,0.5,fpv,1777627945.0316699,1,0,fpv_remote_remote,,,,,,,,,,
images/001200.jpg,0.0,0.5,fpv,1777627945.1606717,1,0,fpv_remote_remote,,,,,,,,,,
images/001201.jpg,0.0,0.5,fpv,1777627945.287437,1,0,fpv_remote_remote,,,,,,,,,,
images/001202.jpg,0.0,0.5,fpv,1777627945.4157407,1,0,fpv_remote_remote,,,,,,,,,,
images/001203.jpg,0.0,0.5,fpv,1777627945.542934,1,0,fpv_remote_remote,,,,,,,,,,
images/001204.jpg,0.0,0.5,fpv,1777627945.6711507,1,0,fpv_remote_remote,,,,,,,,,,
images/001205.jpg,0.0,0.5,fpv,1777627945.7980213,1,0,fpv_remote_remote,,,,,,,,,,
images/001206.jpg,0.0,0.5,fpv,1777627945.9254613,1,0,fpv_remote_remote,,,,,,,,,,
images/001207.jpg,0.0,0.5,fpv,1777627946.0523958,1,0,fpv_remote_remote,,,,,,,,,,
images/001208.jpg,0.0,0.5,fpv,1777627946.1804447,1,0,fpv_remote_remote,,,,,,,,,,
images/001209.jpg,0.49486373485518964,0.5,fpv,1777627946.3070943,1,0,fpv_remote_remote,,,,,,,,,,
images/001210.jpg,0.8,0.5,fpv,1777627946.435708,1,0,fpv_remote_remote,,,,,,,,,,
images/001211.jpg,0.0,0.5,fpv,1777627946.5629892,1,0,fpv_remote_remote,,,,,,,,,,
images/001212.jpg,0.0,0.5,fpv,1777627946.691352,1,0,fpv_remote_remote,,,,,,,,,,
images/001213.jpg,0.1567186498611408,0.5,fpv,1777627946.8177361,1,0,fpv_remote_remote,,,,,,,,,,
images/001214.jpg,0.3051850947599719,0.5,fpv,1777627946.946004,1,0,fpv_remote_remote,,,,,,,,,,
images/001215.jpg,0.0,0.5,fpv,1777627947.0730724,1,0,fpv_remote_remote,,,,,,,,,,
images/001216.jpg,0.0,0.5,fpv,1777627947.2004285,1,0,fpv_remote_remote,,,,,,,,,,
images/001217.jpg,0.4041383098849452,0.5,fpv,1777627947.3268056,1,0,fpv_remote_remote,,,,,,,,,,
images/001218.jpg,0.3629016998809778,0.5,fpv,1777627947.4548755,1,0,fpv_remote_remote,,,,,,,,,,
images/001219.jpg,0.0,0.5,fpv,1777627947.580943,1,0,fpv_remote_remote,,,,,,,,,,
images/001220.jpg,0.0,0.5,fpv,1777627947.7098935,1,0,fpv_remote_remote,,,,,,,,,,
images/001221.jpg,0.0,0.5,fpv,1777627947.8388693,1,0,fpv_remote_remote,,,,,,,,,,
images/001222.jpg,0.0,0.5,fpv,1777627947.9661813,1,0,fpv_remote_remote,,,,,,,,,,
images/001223.jpg,0.0,0.5,fpv,1777627948.0916746,1,0,fpv_remote_remote,,,,,,,,,,
images/001224.jpg,0.0,0.5,fpv,1777627948.2178311,1,0,fpv_remote_remote,,,,,,,,,,
images/001225.jpg,0.0,0.5,fpv,1777627948.3466501,1,0,fpv_remote_remote,,,,,,,,,,
images/001226.jpg,0.0,0.5,fpv,1777627948.47409,1,0,fpv_remote_remote,,,,,,,,,,
images/001227.jpg,0.0,0.5,fpv,1777627948.6021543,1,0,fpv_remote_remote,,,,,,,,,,
images/001228.jpg,0.0,0.5,fpv,1777627948.7284565,1,0,fpv_remote_remote,,,,,,,,,,
images/001229.jpg,0.0,0.5,fpv,1777627948.8571866,1,0,fpv_remote_remote,,,,,,,,,,
images/001230.jpg,0.0,0.5,fpv,1777627948.9851558,1,0,fpv_remote_remote,,,,,,,,,,
images/001231.jpg,0.0,0.5,fpv,1777627949.1134868,1,0,fpv_remote_remote,,,,,,,,,,
images/001232.jpg,0.0,0.5,fpv,1777627949.2398508,1,0,fpv_remote_remote,,,,,,,,,,
images/001233.jpg,0.8,0.5,fpv,1777627949.3680673,1,0,fpv_remote_remote,,,,,,,,,,
images/001234.jpg,0.8,0.5,fpv,1777627949.4943094,1,0,fpv_remote_remote,,,,,,,,,,
images/001235.jpg,0.8,0.5,fpv,1777627949.6222227,1,0,fpv_remote_remote,,,,,,,,,,
images/001236.jpg,0.0,0.5,fpv,1777627949.749105,1,0,fpv_remote_remote,,,,,,,,,,
images/001237.jpg,0.0,0.5,fpv,1777627949.878141,1,0,fpv_remote_remote,,,,,,,,,,
images/001238.jpg,0.0,0.5,fpv,1777627950.0039847,1,0,fpv_remote_remote,,,,,,,,,,
images/001239.jpg,0.0,0.5,fpv,1777627950.1320324,1,0,fpv_remote_remote,,,,,,,,,,
images/001240.jpg,0.0,0.5,fpv,1777627950.2603796,1,0,fpv_remote_remote,,,,,,,,,,
images/001241.jpg,0.0,0.5,fpv,1777627950.3885627,1,0,fpv_remote_remote,,,,,,,,,,
images/001242.jpg,0.0,0.5,fpv,1777627950.5152473,1,0,fpv_remote_remote,,,,,,,,,,
images/001243.jpg,0.0,0.5,fpv,1777627950.643271,1,0,fpv_remote_remote,,,,,,,,,,
images/001244.jpg,0.0,0.5,fpv,1777627950.7697566,1,0,fpv_remote_remote,,,,,,,,,,
images/001245.jpg,0.0,0.5,fpv,1777627950.8956666,1,0,fpv_remote_remote,,,,,,,,,,
images/001246.jpg,0.0,0.5,fpv,1777627951.0232062,1,0,fpv_remote_remote,,,,,,,,,,
images/001247.jpg,0.0,0.5,fpv,1777627951.1504548,1,0,fpv_remote_remote,,,,,,,,,,
images/001248.jpg,0.0,0.5,fpv,1777627951.2769883,1,0,fpv_remote_remote,,,,,,,,,,
images/001249.jpg,0.0,0.5,fpv,1777627951.4057813,1,0,fpv_remote_remote,,,,,,,,,,
images/001250.jpg,0.0,0.5,fpv,1777627951.5340812,1,0,fpv_remote_remote,,,,,,,,,,
images/001251.jpg,0.0,0.5,fpv,1777627951.660297,1,0,fpv_remote_remote,,,,,,,,,,
images/001252.jpg,0.0,0.5,fpv,1777627951.7880847,1,0,fpv_remote_remote,,,,,,,,,,
images/001253.jpg,0.0,0.5,fpv,1777627951.9159315,1,0,fpv_remote_remote,,,,,,,,,,
images/001254.jpg,0.0,0.5,fpv,1777627952.0460389,1,0,fpv_remote_remote,,,,,,,,,,
images/001255.jpg,0.0,0.5,fpv,1777627952.1732073,1,0,fpv_remote_remote,,,,,,,,,,
images/001256.jpg,0.0,0.5,fpv,1777627952.3014555,1,0,fpv_remote_remote,,,,,,,,,,
images/001257.jpg,0.0,0.5,fpv,1777627952.4285166,1,0,fpv_remote_remote,,,,,,,,,,
images/001258.jpg,0.0,0.5,fpv,1777627952.5561547,1,0,fpv_remote_remote,,,,,,,,,,
images/001259.jpg,0.0,0.5,fpv,1777627952.6810682,1,0,fpv_remote_remote,,,,,,,,,,
images/001260.jpg,0.0,0.5,fpv,1777627952.807793,1,0,fpv_remote_remote,,,,,,,,,,
images/001261.jpg,0.0,0.5,fpv,1777627952.9334714,1,0,fpv_remote_remote,,,,,,,,,,
images/001262.jpg,0.0,0.5,fpv,1777627953.0609975,1,0,fpv_remote_remote,,,,,,,,,,
images/001263.jpg,0.0,0.5,fpv,1777627953.1873322,1,0,fpv_remote_remote,,,,,,,,,,
images/001264.jpg,0.0,0.5,fpv,1777627953.3135068,1,0,fpv_remote_remote,,,,,,,,,,
images/001265.jpg,0.0,0.5,fpv,1777627953.4379554,1,0,fpv_remote_remote,,,,,,,,,,
images/001266.jpg,0.0,0.5,fpv,1777627953.5656416,1,0,fpv_remote_remote,,,,,,,,,,
images/001267.jpg,0.0,0.5,fpv,1777627953.6923597,1,0,fpv_remote_remote,,,,,,,,,,
images/001268.jpg,0.0,0.5,fpv,1777627953.8192828,1,0,fpv_remote_remote,,,,,,,,,,
images/001269.jpg,0.0,0.5,fpv,1777627953.9453647,1,0,fpv_remote_remote,,,,,,,,,,
images/001270.jpg,0.0,0.5,fpv,1777627954.07327,1,0,fpv_remote_remote,,,,,,,,,,
images/001271.jpg,0.0,0.5,fpv,1777627954.2003472,1,0,fpv_remote_remote,,,,,,,,,,
images/001272.jpg,0.0,0.5,fpv,1777627954.3272548,1,0,fpv_remote_remote,,,,,,,,,,
images/001273.jpg,0.6268257698294016,0.5,fpv,1777627954.4536533,1,0,fpv_remote_remote,,,,,,,,,,
images/001274.jpg,0.6598345896786402,0.5,fpv,1777627954.5813181,1,0,fpv_remote_remote,,,,,,,,,,
images/001275.jpg,0.6598345896786402,0.5,fpv,1777627954.708876,1,0,fpv_remote_remote,,,,,,,,,,
images/001276.jpg,0.0,0.5,fpv,1777627954.836856,1,0,fpv_remote_remote,,,,,,,,,,
images/001277.jpg,0.0,0.5,fpv,1777627954.9635835,1,0,fpv_remote_remote,,,,,,,,,,
images/001278.jpg,0.0,0.5,fpv,1777627955.0914512,1,0,fpv_remote_remote,,,,,,,,,,
images/001279.jpg,0.0,0.5,fpv,1777627955.2181296,1,0,fpv_remote_remote,,,,,,,,,,
images/001280.jpg,0.0,0.5,fpv,1777627955.3451202,1,0,fpv_remote_remote,,,,,,,,,,
images/001281.jpg,0.0,0.5,fpv,1777627955.4728355,1,0,fpv_remote_remote,,,,,,,,,,
images/001282.jpg,0.5031159398174994,0.5,fpv,1777627955.5989783,1,0,fpv_remote_remote,,,,,,,,,,
images/001283.jpg,0.668062379833369,0.5,fpv,1777627955.7271564,1,0,fpv_remote_remote,,,,,,,,,,
images/001284.jpg,0.0,0.5,fpv,1777627955.8521106,1,0,fpv_remote_remote,,,,,,,,,,
images/001285.jpg,0.0,0.5,fpv,1777627955.9797773,1,0,fpv_remote_remote,,,,,,,,,,
images/001286.jpg,0.0,0.5,fpv,1777627956.1059513,1,0,fpv_remote_remote,,,,,,,,,,
images/001287.jpg,0.0,0.5,fpv,1777627956.233975,1,0,fpv_remote_remote,,,,,,,,,,
images/001288.jpg,0.0,0.5,fpv,1777627956.3594255,1,0,fpv_remote_remote,,,,,,,,,,
images/001289.jpg,0.0,0.5,fpv,1777627956.4875276,1,0,fpv_remote_remote,,,,,,,,,,
images/001290.jpg,0.0,0.5,fpv,1777627956.6136687,1,0,fpv_remote_remote,,,,,,,,,,
images/001291.jpg,0.511368144779809,0.5,fpv,1777627956.7407942,1,0,fpv_remote_remote,,,,,,,,,,
images/001292.jpg,0.5361003448591571,0.5,fpv,1777627956.8676217,1,0,fpv_remote_remote,,,,,,,,,,
images/001293.jpg,0.0,0.5,fpv,1777627956.9956787,1,0,fpv_remote_remote,,,,,,,,,,
images/001294.jpg,0.0,0.5,fpv,1777627957.1214066,1,0,fpv_remote_remote,,,,,,,,,,
images/001295.jpg,0.4701315347758415,0.5,fpv,1777627957.2483847,1,0,fpv_remote_remote,,,,,,,,,,
images/001296.jpg,0.45362712485122225,0.5,fpv,1777627957.374528,1,0,fpv_remote_remote,,,,,,,,,,
images/001297.jpg,0.0,0.5,fpv,1777627957.5029087,1,0,fpv_remote_remote,,,,,,,,,,
images/001298.jpg,0.0,0.5,fpv,1777627957.6289282,1,0,fpv_remote_remote,,,,,,,,,,
images/001299.jpg,0.0,0.5,fpv,1777627957.7573328,1,0,fpv_remote_remote,,,,,,,,,,
images/001300.jpg,0.0,0.5,fpv,1777627957.8832707,1,0,fpv_remote_remote,,,,,,,,,,
