image,steering,throttle,source,timestamp,can_drive,auto_enabled,mode,error,error_norm,lane_center,left_x,right_x,lane_width,lane_locked,visible_side,missing_side,contours
images/000001.jpg,0.0,0.21135593737601854,fpv,1777627269.5564759,1,0,fpv_remote_remote,,,,,,,,,,
images/000002.jpg,0.0,0.402081362346263,fpv,1777627269.6853335,1,0,fpv_remote_remote,,,,,,,,,,
images/000003.jpg,0.8,0.38662373729667043,fpv,1777627269.815042,1,0,fpv_remote_remote,,,,,,,,,,
images/000004.jpg,0.8,0.3814661091952269,fpv,1777627269.9420419,1,0,fpv_remote_remote,,,,,,,,,,
images/000005.jpg,0.8,0.3659932248908963,fpv,1777627270.069148,1,0,fpv_remote_remote,,,,,,,,,,
images/000006.jpg,0.8,0.3505355998413037,fpv,1777627270.1982486,1,0,fpv_remote_remote,,,,,,,,,,
images/000007.jpg,0.0,0.25258644367809074,fpv,1777627270.327558,1,0,fpv_remote_remote,,,,,,,,,,
images/000008.jpg,0.0,0.1804254280220954,fpv,1777627270.4547696,1,0,fpv_remote_remote,,,,,,,,,,
images/000009.jpg,0.0,0.1804254280220954,fpv,1777627270.583234,1,0,fpv_remote_remote,,,,,,,,,,
images/000010.jpg,0.0,0.19074068422498244,fpv,1777627270.7098272,1,0,fpv_remote_remote,,,,,,,,,,
images/000011.jpg,0.8,0.20619830927457503,fpv,1777627270.841025,1,0,fpv_remote_remote,,,,,,,,,,
images/000012.jpg,0.8,0.5,fpv,1777627270.9688613,1,0,fpv_remote_remote,,,,,,,,,,
images/000013.jpg,0.8,0.5,fpv,1777627271.097387,1,0,fpv_remote_remote,,,,,,,,,,
images/000014.jpg,0.8,0.5,fpv,1777627271.2251546,1,0,fpv_remote_remote,,,,,,,,,,
images/000015.jpg,0.0,0.5,fpv,1777627271.3543477,1,0,fpv_remote_remote,,,,,,,,,,
images/000016.jpg,0.0,0.5,fpv,1777627271.481548,1,0,fpv_remote_remote,,,,,,,,,,
images/000017.jpg,0.0,0.5,fpv,1777627271.609926,1,0,fpv_remote_remote,,,,,,,,,,
images/000018.jpg,0.0,0.5,fpv,1777627271.7368717,1,0,fpv_remote_remote,,,,,,,,,,
images/000019.jpg,0.0,0.5,fpv,1777627271.8655715,1,0,fpv_remote_remote,,,,,,,,,,
images/000020.jpg,0.0,0.5,fpv,1777627271.9932005,1,0,fpv_remote_remote,,,,,,,,,,
images/000021.jpg,0.8,0.5,fpv,1777627272.122612,1,0,fpv_remote_remote,,,,,,,,,,
images/000022.jpg,0.8,0.5,fpv,1777627272.2504382,1,0,fpv_remote_remote,,,,,,,,,,
images/000023.jpg,0.0,0.5,fpv,1777627272.3767982,1,0,fpv_remote_remote,,,,,,,,,,
images/000024.jpg,0.0,0.5,fpv,1777627272.505741,1,0,fpv_remote_remote,,,,,,,,,,
images/000025.jpg,0.0,0.5,fpv,1777627272.6313338,1,0,fpv_remote_remote,,,,,,,,,,
images/000026.jpg,0.0,0.5,fpv,1777627272.7586586,1,0,fpv_remote_remote,,,,,,,,,,
images/000027.jpg,0.0,0.5,fpv,1777627272.8867009,1,0,fpv_remote_remote,,,,,,,,,,
images/000028.jpg,0.0,0.5,fpv,1777627273.0153353,1,0,fpv_remote_remote,,,,,,,,,,
images/000029.jpg,0.0,0.5,fpv,1777627273.140738,1,0,fpv_remote_remote,,,,,,,,,,
images/000030.jpg,0.0,0.5,fpv,1777627273.2683108,1,0,fpv_remote_remote,,,,,,,,,,
images/000031.jpg,0.0,0.5,fpv,1777627273.5221102,1,0,fpv_remote_remote,,,,,,,,,,
images/000032.jpg,0.0,0.5,fpv,1777627273.64783,1,0,fpv_remote_remote,,,,,,,,,,
images/000033.jpg,0.0,0.5,fpv,1777627273.7744215,1,0,fpv_remote_remote,,,,,,,,,,
images/000034.jpg,-0.23091525009918518,0.5,fpv,1777627273.9011796,1,0,fpv_remote_remote,,,,,,,,,,
images/000035.jpg,-0.8,0.5,fpv,1777627274.027638,1,0,fpv_remote_remote,,,,,,,,,,
images/000036.jpg,-0.5360759300515764,0.5,fpv,1777627274.1540616,1,0,fpv_remote_remote,,,,,,,,,,
images/000037.jpg,0.0,0.5,fpv,1777627274.2844925,1,0,fpv_remote_remote,,,,,,,,,,
images/000038.jpg,0.0,0.5,fpv,1777627274.4120386,1,0,fpv_remote_remote,,,,,,,,,,
images/000039.jpg,0.0,0.5,fpv,1777627274.5394375,1,0,fpv_remote_remote,,,,,,,,,,
images/000040.jpg,0.0,0.5,fpv,1777627274.6679325,1,0,fpv_remote_remote,,,,,,,,,,
images/000041.jpg,0.0,0.5,fpv,1777627274.7944705,1,0,fpv_remote_remote,,,,,,,,,,
images/000042.jpg,0.0,0.5,fpv,1777627274.9232464,1,0,fpv_remote_remote,,,,,,,,,,
images/000043.jpg,0.0,0.5,fpv,1777627275.0492868,1,0,fpv_remote_remote,,,,,,,,,,
images/000044.jpg,0.0,0.5,fpv,1777627275.1779332,1,0,fpv_remote_remote,,,,,,,,,,
images/000045.jpg,0.0,0.5,fpv,1777627275.303968,1,0,fpv_remote_remote,,,,,,,,,,
images/000046.jpg,0.8,0.5,fpv,1777627275.4281704,1,0,fpv_remote_remote,,,,,,,,,,
images/000047.jpg,0.8,0.5,fpv,1777627275.5550828,1,0,fpv_remote_remote,,,,,,,,,,
images/000048.jpg,0.8,0.5,fpv,1777627275.6829417,1,0,fpv_remote_remote,,,,,,,,,,
images/000049.jpg,0.0,0.5,fpv,1777627275.808842,1,0,fpv_remote_remote,,,,,,,,,,
images/000050.jpg,0.0,0.5,fpv,1777627275.9349446,1,0,fpv_remote_remote,,,,,,,,,,
images/000051.jpg,0.0,0.5,fpv,1777627276.0609667,1,0,fpv_remote_remote,,,,,,,,,,
images/000052.jpg,0.0,0.5,fpv,1777627276.1892285,1,0,fpv_remote_remote,,,,,,,,,,
images/000053.jpg,0.0,0.5,fpv,1777627276.3155732,1,0,fpv_remote_remote,,,,,,,,,,
images/000054.jpg,0.0,0.5,fpv,1777627276.442834,1,0,fpv_remote_remote,,,,,,,,,,
images/000055.jpg,0.2556962797936949,0.5,fpv,1777627276.5681503,1,0,fpv_remote_remote,,,,,,,,,,
images/000056.jpg,0.6598345896786402,0.5,fpv,1777627276.6962395,1,0,fpv_remote_remote,,,,,,,,,,
images/000057.jpg,0.0,0.5,fpv,1777627276.822092,1,0,fpv_remote_remote,,,,,,,,,,
images/000058.jpg,0.0,0.5,fpv,1777627276.9480052,1,0,fpv_remote_remote,,,,,,,,,,
images/000059.jpg,0.0,0.5,fpv,1777627277.075715,1,0,fpv_remote_remote,,,,,,,,,,
images/000060.jpg,0.8,0.5,fpv,1777627277.2015667,1,0,fpv_remote_remote,,,,,,,,,,
images/000061.jpg,0.0,0.5,fpv,1777627277.328385,1,0,fpv_remote_remote,,,,,,,,,,
images/000062.jpg,0.8,0.5,fpv,1777627277.4578834,1,0,fpv_remote_remote,,,,,,,,,,
images/000063.jpg,0.8,0.5,fpv,1777627277.585726,1,0,fpv_remote_remote,,,,,,,,,,
images/000064.jpg,0.0,0.5,fpv,1777627277.713944,1,0,fpv_remote_remote,,,,,,,,,,
images/000065.jpg,0.0,0.5,fpv,1777627277.8413298,1,0,fpv_remote_remote,,,,,,,,,,
images/000066.jpg,0.0,0.5,fpv,1777627277.9682486,1,0,fpv_remote_remote,,,,,,,,,,
images/000067.jpg,0.0,0.5,fpv,1777627278.095738,1,0,fpv_remote_remote,,,,,,,,,,
images/000068.jpg,0.0,0.5,fpv,1777627278.2249725,1,0,fpv_remote_remote,,,,,,,,,,
images/000069.jpg,0.8,0.5,fpv,1777627278.3500087,1,0,fpv_remote_remote,,,,,,,,,,
images/000070.jpg,0.8,0.5,fpv,1777627278.47865,1,0,fpv_remote_remote,,,,,,,,,,
images/000071.jpg,0.0,0.5,fpv,1777627278.6087916,1,0,fpv_remote_remote,,,,,,,,,,
images/000072.jpg,0.0,0.5,fpv,1777627278.7383006,1,0,fpv_remote_remote,,,,,,,,,,
images/000073.jpg,0.0,0.5,fpv,1777627278.8670433,1,0,fpv_remote_remote,,,,,,,,,,
images/000074.jpg,0.0,0.5,fpv,1777627278.995137,1,0,fpv_remote_remote,,,,,,,,,,
images/000075.jpg,0.0,0.5,fpv,1777627279.1239188,1,0,fpv_remote_remote,,,,,,,,,,
images/000076.jpg,-0.8,0.5,fpv,1777627279.250286,1,0,fpv_remote_remote,,,,,,,,,,
images/000077.jpg,0.0,0.5,fpv,1777627279.3798008,1,0,fpv_remote_remote,,,,,,,,,,
images/000078.jpg,0.0,0.5,fpv,1777627279.50713,1,0,fpv_remote_remote,,,,,,,,,,
images/000079.jpg,0.0,0.5,fpv,1777627279.6346335,1,0,fpv_remote_remote,,,,,,,,,,
images/000080.jpg,0.0,0.5,fpv,1777627279.7609959,1,0,fpv_remote_remote,,,,,,,,,,
images/000081.jpg,0.0,0.5,fpv,1777627279.8892617,1,0,fpv_remote_remote,,,,,,,,,,
images/000082.jpg,0.0,0.5,fpv,1777627280.0158198,1,0,fpv_remote_remote,,,,,,,,,,
images/000083.jpg,0.0,0.5,fpv,1777627280.1450207,1,0,fpv_remote_remote,,,,,,,,,,
images/000084.jpg,-0.8,0.5,fpv,1777627280.2713308,1,0,fpv_remote_remote,,,,,,,,,,
images/000085.jpg,-0.5443281350138859,0.5,fpv,1777627280.3993237,1,0,fpv_remote_remote,,,,,,,,,,
images/000086.jpg,-0.5360759300515764,0.5,fpv,1777627280.5267673,1,0,fpv_remote_remote,,,,,,,,,,
images/000087.jpg,-0.5360759300515764,0.5,fpv,1777627280.65471,1,0,fpv_remote_remote,,,,,,,,,,
images/000088.jpg,-0.4948393200476089,0.5,fpv,1777627280.7844088,1,0,fpv_remote_remote,,,,,,,,,,
images/000089.jpg,0.0,0.5,fpv,1777627280.912107,1,0,fpv_remote_remote,,,,,,,,,,
images/000090.jpg,0.8,0.5,fpv,1777627281.0381093,1,0,fpv_remote_remote,,,,,,,,,,
images/000091.jpg,0.8,0.5,fpv,1777627281.1676722,1,0,fpv_remote_remote,,,,,,,,,,
images/000092.jpg,0.8,0.5,fpv,1777627281.296748,1,0,fpv_remote_remote,,,,,,,,,,
images/000093.jpg,0.8,0.5,fpv,1777627281.423597,1,0,fpv_remote_remote,,,,,,,,,,
images/000094.jpg,0.8,0.5,fpv,1777627281.5487754,1,0,fpv_remote_remote,,,,,,,,,,
images/000095.jpg,0.8,0.5,fpv,1777627281.6778786,1,0,fpv_remote_remote,,,,,,,,,,
images/000096.jpg,0.0,0.5,fpv,1777627281.8047347,1,0,fpv_remote_remote,,,,,,,,,,
images/000097.jpg,0.0,0.5,fpv,1777627281.9323645,1,0,fpv_remote_remote,,,,,,,,,,
images/000098.jpg,0.0,0.5,fpv,1777627282.0610888,1,0,fpv_remote_remote,,,,,,,,,,
images/000099.jpg,0.0,0.5,fpv,1777627282.1884558,1,0,fpv_remote_remote,,,,,,,,,,
images/000100.jpg,0.0,0.5,fpv,1777627282.3174622,1,0,fpv_remote_remote,,,,,,,,,,
images/000101.jpg,0.8,0.5,fpv,1777627282.445364,1,0,fpv_remote_remote,,,,,,,,,,
images/000102.jpg,0.8,0.5,fpv,1777627282.5739322,1,0,fpv_remote_remote,,,,,,,,,,
images/000103.jpg,0.0,0.5,fpv,1777627282.7013562,1,0,fpv_remote_remote,,,,,,,,,,
images/000104.jpg,0.0,0.5,fpv,1777627282.8306587,1,0,fpv_remote_remote,,,,,,,,,,
images/000105.jpg,0.0,0.5,fpv,1777627282.9594707,1,0,fpv_remote_remote,,,,,,,,,,
images/000106.jpg,0.0,0.5,fpv,1777627283.0871146,1,0,fpv_remote_remote,,,,,,,,,,
images/000107.jpg,-0.8,0.5,fpv,1777627283.2151136,1,0,fpv_remote_remote,,,,,,,,,,
images/000108.jpg,0.0,0.5,fpv,1777627283.3441558,1,0,fpv_remote_remote,,,,,,,,,,
images/000109.jpg,0.0,0.5,fpv,1777627283.4729874,1,0,fpv_remote_remote,,,,,,,,,,
images/000110.jpg,0.0,0.5,fpv,1777627283.600806,1,0,fpv_remote_remote,,,,,,,,,,
images/000111.jpg,0.0,0.5,fpv,1777627283.7303193,1,0,fpv_remote_remote,,,,,,,,,,
images/000112.jpg,0.0,0.5,fpv,1777627283.858591,1,0,fpv_remote_remote,,,,,,,,,,
images/000113.jpg,0.0,0.5,fpv,1777627283.9878094,1,0,fpv_remote_remote,,,,,,,,,,
images/000114.jpg,0.0,0.5,fpv,1777627284.114911,1,0,fpv_remote_remote,,,,,,,,,,
images/000115.jpg,0.0,0.5,fpv,1777627284.2427986,1,0,fpv_remote_remote,,,,,,,,,,
images/000116.jpg,0.0,0.5,fpv,1777627284.371775,1,0,fpv_remote_remote,,,,,,,,,,
images/000117.jpg,0.0,0.5,fpv,1777627284.4976494,1,0,fpv_remote_remote,,,,,,,,,,
images/000118.jpg,0.7010711996826076,0.5,fpv,1777627284.6248298,1,0,fpv_remote_remote,,,,,,,,,,
images/000119.jpg,0.8,0.5,fpv,1777627284.7503917,1,0,fpv_remote_remote,,,,,,,,,,
images/000120.jpg,0.8,0.5,fpv,1777627284.8777623,1,0,fpv_remote_remote,,,,,,,,,,
images/000121.jpg,0.8,0.5,fpv,1777627285.0045052,1,0,fpv_remote_remote,,,,,,,,,,
images/000122.jpg,0.8,0.5,fpv,1777627285.131879,1,0,fpv_remote_remote,,,,,,,,,,
images/000123.jpg,0.8,0.5,fpv,1777627285.258029,1,0,fpv_remote_remote,,,,,,,,,,
images/000124.jpg,0.0,0.5,fpv,1777627285.3891246,1,0,fpv_remote_remote,,,,,,,,,,
images/000125.jpg,0.0,0.5,fpv,1777627285.5150685,1,0,fpv_remote_remote,,,,,,,,,,
images/000126.jpg,0.0,0.5,fpv,1777627285.643516,1,0,fpv_remote_remote,,,,,,,,,,
images/000127.jpg,0.0,0.5,fpv,1777627285.77214,1,0,fpv_remote_remote,,,,,,,,,,
images/000128.jpg,-0.8,0.5,fpv,1777627285.8997307,1,0,fpv_remote_remote,,,,,,,,,,
images/000129.jpg,-0.8,0.5,fpv,1777627286.0270014,1,0,fpv_remote_remote,,,,,,,,,,
images/000130.jpg,-0.15669423505356,0.5,fpv,1777627286.1552665,1,0,fpv_remote_remote,,,,,,,,,,
images/000131.jpg,0.0,0.5,fpv,1777627286.2841105,1,0,fpv_remote_remote,,,,,,,,,,
images/000132.jpg,0.0,0.5,fpv,1777627286.4096525,1,0,fpv_remote_remote,,,,,,,,,,
images/000133.jpg,0.0,0.5,fpv,1777627286.536526,1,0,fpv_remote_remote,,,,,,,,,,
images/000134.jpg,0.0,0.5,fpv,1777627286.664241,1,0,fpv_remote_remote,,,,,,,,,,
images/000135.jpg,0.0,0.5,fpv,1777627286.792431,1,0,fpv_remote_remote,,,,,,,,,,
images/000136.jpg,0.354673909726249,0.5,fpv,1777627286.918666,1,0,fpv_remote_remote,,,,,,,,,,
images/000137.jpg,0.0,0.5,fpv,1777627287.0460167,1,0,fpv_remote_remote,,,,,,,,,,
images/000138.jpg,0.0,0.5,fpv,1777627287.1724925,1,0,fpv_remote_remote,,,,,,,,,,
images/000139.jpg,0.0,0.5,fpv,1777627287.3068364,1,0,fpv_remote_remote,,,,,,,,,,
images/000140.jpg,0.0,0.5,fpv,1777627287.4342697,1,0,fpv_remote_remote,,,,,,,,,,
images/000141.jpg,0.0,0.5,fpv,1777627287.562117,1,0,fpv_remote_remote,,,,,,,,,,
images/000142.jpg,0.0,0.5,fpv,1777627287.6885154,1,0,fpv_remote_remote,,,,,,,,,,
images/000143.jpg,0.0,0.5,fpv,1777627287.8176446,1,0,fpv_remote_remote,,,,,,,,,,
images/000144.jpg,0.0,0.5,fpv,1777627287.9435914,1,0,fpv_remote_remote,,,,,,,,,,
images/000145.jpg,0.0,0.5,fpv,1777627288.070997,1,0,fpv_remote_remote,,,,,,,,,,
images/000146.jpg,0.0,0.5,fpv,1777627288.196605,1,0,fpv_remote_remote,,,,,,,,,,
images/000147.jpg,0.0,0.5,fpv,1777627288.3259563,1,0,fpv_remote_remote,,,,,,,,,,
images/000148.jpg,0.0,0.5,fpv,1777627288.4524112,1,0,fpv_remote_remote,,,,,,,,,,
images/000149.jpg,0.0,0.5,fpv,1777627288.580774,1,0,fpv_remote_remote,,,,,,,,,,
images/000150.jpg,0.0,0.5,fpv,1777627288.708107,1,0,fpv_remote_remote,,,,,,,,,,
images/000151.jpg,0.0,0.5,fpv,1777627288.835119,1,0,fpv_remote_remote,,,,,,,,,,
images/000152.jpg,0.0,0.5,fpv,1777627288.9610052,1,0,fpv_remote_remote,,,,,,,,,,
images/000153.jpg,0.0,0.5,fpv,1777627289.0869768,1,0,fpv_remote_remote,,,,,,,,,,
images/000154.jpg,0.0,0.5,fpv,1777627289.2142377,1,0,fpv_remote_remote,,,,,,,,,,
images/000155.jpg,0.0,0.5,fpv,1777627289.3401275,1,0,fpv_remote_remote,,,,,,,,,,
images/000156.jpg,0.0,0.5,fpv,1777627289.466821,1,0,fpv_remote_remote,,,,,,,,,,
images/000157.jpg,0.0,0.5,fpv,1777627289.594441,1,0,fpv_remote_remote,,,,,,,,,,
images/000158.jpg,0.0,0.5,fpv,1777627289.722931,1,0,fpv_remote_remote,,,,,,,,,,
images/000159.jpg,0.0,0.5,fpv,1777627289.8486319,1,0,fpv_remote_remote,,,,,,,,,,
images/000160.jpg,0.8,0.5,fpv,1777627289.9767056,1,0,fpv_remote_remote,,,,,,,,,,
images/000161.jpg,0.8,0.5,fpv,1777627290.1031477,1,0,fpv_remote_remote,,,,,,,,,,
images/000162.jpg,0.511368144779809,0.5,fpv,1777627290.2309914,1,0,fpv_remote_remote,,,,,,,,,,
images/000163.jpg,0.0,0.5,fpv,1777627290.3598385,1,0,fpv_remote_remote,,,,,,,,,,
images/000164.jpg,0.0,0.5,fpv,1777627290.4849482,1,0,fpv_remote_remote,,,,,,,,,,
images/000165.jpg,0.0,0.5,fpv,1777627290.6119454,1,0,fpv_remote_remote,,,,,,,,,,
images/000166.jpg,0.0,0.5,fpv,1777627290.7383723,1,0,fpv_remote_remote,,,,,,,,,,
images/000167.jpg,0.0,0.5,fpv,1777627290.863082,1,0,fpv_remote_remote,,,,,,,,,,
images/000168.jpg,0.4701315347758415,0.5,fpv,1777627290.989435,1,0,fpv_remote_remote,,,,,,,,,,
images/000169.jpg,0.8,0.5,fpv,1777627291.1167397,1,0,fpv_remote_remote,,,,,,,,,,
images/000170.jpg,0.37940610980559714,0.5,fpv,1777627291.2445436,1,0,fpv_remote_remote,,,,,,,,,,
images/000171.jpg,0.1979552598651082,0.5,fpv,1777627291.3712902,1,0,fpv_remote_remote,,,,,,,,,,
images/000172.jpg,0.0,0.5,fpv,1777627291.4982333,1,0,fpv_remote_remote,,,,,,,,,,
images/000173.jpg,0.0,0.5,fpv,1777627291.6259198,1,0,fpv_remote_remote,,,,,,,,,,
images/000174.jpg,0.0,0.5,fpv,1777627291.7523692,1,0,fpv_remote_remote,,,,,,,,,,
images/000175.jpg,0.0,0.5,fpv,1777627291.8804383,1,0,fpv_remote_remote,,,,,,,,,,
images/000176.jpg,0.0,0.5,fpv,1777627292.0085297,1,0,fpv_remote_remote,,,,,,,,,,
images/000177.jpg,0.8,0.5,fpv,1777627292.136156,1,0,fpv_remote_remote,,,,,,,,,,
images/000178.jpg,0.5196203497421186,0.5,fpv,1777627292.261985,1,0,fpv_remote_remote,,,,,,,,,,
images/000179.jpg,0.0,0.5,fpv,1777627292.389362,1,0,fpv_remote_remote,,,,,,,,,,
images/000180.jpg,0.0,0.5,fpv,1777627292.515324,1,0,fpv_remote_remote,,,,,,,,,,
images/000181.jpg,0.0,0.5,fpv,1777627292.64306,1,0,fpv_remote_remote,,,,,,,,,,
images/000182.jpg,0.0,0.5,fpv,1777627292.7722142,1,0,fpv_remote_remote,,,,,,,,,,
images/000183.jpg,0.0,0.5,fpv,1777627292.897609,1,0,fpv_remote_remote,,,,,,,,,,
images/000184.jpg,0.0,0.5,fpv,1777627293.0243979,1,0,fpv_remote_remote,,,,,,,,,,
images/000185.jpg,-0.8,0.5,fpv,1777627293.1515594,1,0,fpv_remote_remote,,,,,,,,,,
images/000186.jpg,-0.8,0.5,fpv,1777627293.2769191,1,0,fpv_remote_remote,,,,,,,,,,
images/000187.jpg,-0.4536027100436415,0.5,fpv,1777627293.4040625,1,0,fpv_remote_remote,,,,,,,,,,
images/000188.jpg,0.0,0.5,fpv,1777627293.5324879,1,0,fpv_remote_remote,,,,,,,,,,
images/000189.jpg,0.0,0.5,fpv,1777627293.6599097,1,0,fpv_remote_remote,,,,,,,,,,
images/000190.jpg,0.0,0.5,fpv,1777627293.7874904,1,0,fpv_remote_remote,,,,,,,,,,
images/000191.jpg,0.0,0.5,fpv,1777627293.916839,1,0,fpv_remote_remote,,,,,,,,,,
images/000192.jpg,0.0,0.5,fpv,1777627294.0443811,1,0,fpv_remote_remote,,,,,,,,,,
images/000193.jpg,0.0,0.5,fpv,1777627294.1732807,1,0,fpv_remote_remote,,,,,,,,,,
images/000194.jpg,0.0,0.5,fpv,1777627294.3027604,1,0,fpv_remote_remote,,,,,,,,,,
images/000195.jpg,0.0,0.5,fpv,1777627294.4305604,1,0,fpv_remote_remote,,,,,,,,,,
images/000196.jpg,0.0,0.5,fpv,1777627294.5650496,1,0,fpv_remote_remote,,,,,,,,,,
images/000197.jpg,0.0,0.5,fpv,1777627294.6928678,1,0,fpv_remote_remote,,,,,,,,,,
images/000198.jpg,0.0,0.5,fpv,1777627294.8192348,1,0,fpv_remote_remote,,,,,,,,,,
images/000199.jpg,0.0,0.5,fpv,1777627294.945548,1,0,fpv_remote_remote,,,,,,,,,,
images/000200.jpg,0.0,0.5,fpv,1777627295.0738013,1,0,fpv_remote_remote,,,,,,,,,,
images/000201.jpg,0.8,0.5,fpv,1777627295.1989653,1,0,fpv_remote_remote,,,,,,,,,,
images/000202.jpg,0.8,0.5,fpv,1777627295.327979,1,0,fpv_remote_remote,,,,,,,,,,
images/000203.jpg,0.8,0.5,fpv,1777627295.4553862,1,0,fpv_remote_remote,,,,,,,,,,
images/000204.jpg,0.8,0.5,fpv,1777627295.5839972,1,0,fpv_remote_remote,,,,,,,,,,
images/000205.jpg,0.8,0.5,fpv,1777627295.7111924,1,0,fpv_remote_remote,,,,,,,,,,
images/000206.jpg,0.8,0.5,fpv,1777627295.8378663,1,0,fpv_remote_remote,,,,,,,,,,
images/000207.jpg,0.0,0.5,fpv,1777627295.966156,1,0,fpv_remote_remote,,,,,,,,,,
images/000208.jpg,0.0,0.5,fpv,1777627296.0941203,1,0,fpv_remote_remote,,,,,,,,,,
images/000209.jpg,-0.8,0.5,fpv,1777627296.2220774,1,0,fpv_remote_remote,,,,,,,,,,
images/000210.jpg,-0.8,0.5,fpv,1777627296.3500178,1,0,fpv_remote_remote,,,,,,,,,,
images/000211.jpg,-0.8,0.5,fpv,1777627296.4777944,1,0,fpv_remote_remote,,,,,,,,,,
images/000212.jpg,-0.8,0.5,fpv,1777627296.6058974,1,0,fpv_remote_remote,,,,,,,,,,
images/000213.jpg,0.0,0.5,fpv,1777627296.7367642,1,0,fpv_remote_remote,,,,,,,,,,
images/000214.jpg,0.0,0.5,fpv,1777627296.8632686,1,0,fpv_remote_remote,,,,,,,,,,
images/000215.jpg,0.0,0.5,fpv,1777627296.9960797,1,0,fpv_remote_remote,,,,,,,,,,
images/000216.jpg,0.0,0.5,fpv,1777627297.121553,1,0,fpv_remote_remote,,,,,,,,,,
images/000217.jpg,0.0,0.5,fpv,1777627297.25077,1,0,fpv_remote_remote,,,,,,,,,,
images/000218.jpg,0.0,0.5,fpv,1777627297.377728,1,0,fpv_remote_remote,,,,,,,,,,
images/000219.jpg,0.0,0.5,fpv,1777627297.5101528,1,0,fpv_remote_remote,,,,,,,,,,
images/000220.jpg,0.0,0.5,fpv,1777627297.6363993,1,0,fpv_remote_remote,,,,,,,,,,
images/000221.jpg,0.0,0.5,fpv,1777627297.7638323,1,0,fpv_remote_remote,,,,,,,,,,
images/000222.jpg,0.8,0.5,fpv,1777627297.889271,1,0,fpv_remote_remote,,,,,,,,,,
images/000223.jpg,0.8,0.5,fpv,1777627298.0162828,1,0,fpv_remote_remote,,,,,,,,,,
images/000224.jpg,0.8,0.5,fpv,1777627298.1441894,1,0,fpv_remote_remote,,,,,,,,,,
images/000225.jpg,0.8,0.5,fpv,1777627298.2717044,1,0,fpv_remote_remote,,,,,,,,,,
images/000226.jpg,0.8,0.5,fpv,1777627298.400247,1,0,fpv_remote_remote,,,,,,,,,,
images/000227.jpg,0.8,0.5,fpv,1777627298.526565,1,0,fpv_remote_remote,,,,,,,,,,
images/000228.jpg,0.8,0.5,fpv,1777627298.6541538,1,0,fpv_remote_remote,,,,,,,,,,
images/000229.jpg,0.8,0.5,fpv,1777627298.7818577,1,0,fpv_remote_remote,,,,,,,,,,
images/000230.jpg,0.5196203497421186,0.5,fpv,1777627298.9092903,1,0,fpv_remote_remote,,,,,,,,,,
images/000231.jpg,0.0,0.5,fpv,1777627299.0355084,1,0,fpv_remote_remote,,,,,,,,,,
images/000232.jpg,-0.8,0.5,fpv,1777627299.1623719,1,0,fpv_remote_remote,,,,,,,,,,
images/000233.jpg,-0.8,0.5,fpv,1777627299.2905188,1,0,fpv_remote_remote,,,,,,,,,,
images/000234.jpg,-0.8,0.5,fpv,1777627299.4190605,1,0,fpv_remote_remote,,,,,,,,,,
images/000235.jpg,-0.8,0.5,fpv,1777627299.5457633,1,0,fpv_remote_remote,,,,,,,,,,
images/000236.jpg,0.0,0.5,fpv,1777627299.6741319,1,0,fpv_remote_remote,,,,,,,,,,
images/000237.jpg,0.0,0.5,fpv,1777627299.8000965,1,0,fpv_remote_remote,,,,,,,,,,
images/000238.jpg,0.0,0.5,fpv,1777627299.9271946,1,0,fpv_remote_remote,,,,,,,,,,
images/000239.jpg,0.0,0.5,fpv,1777627300.0549378,1,0,fpv_remote_remote,,,,,,,,,,
images/000240.jpg,0.0,0.5,fpv,1777627300.1831975,1,0,fpv_remote_remote,,,,,,,,,,
images/000241.jpg,0.0,0.5,fpv,1777627300.3100967,1,0,fpv_remote_remote,,,,,,,,,,
images/000242.jpg,0.0,0.5,fpv,1777627300.4391038,1,0,fpv_remote_remote,,,,,,,,,,
images/000243.jpg,0.0,0.5,fpv,1777627300.5655766,1,0,fpv_remote_remote,,,,,,,,,,
images/000244.jpg,0.0,0.5,fpv,1777627300.69159,1,0,fpv_remote_remote,,,,,,,,,,
images/000245.jpg,0.0,0.5,fpv,1777627300.8187747,1,0,fpv_remote_remote,,,,,,,,,,
images/000246.jpg,0.0,0.5,fpv,1777627300.9460938,1,0,fpv_remote_remote,,,,,,,,,,
images/000247.jpg,0.0,0.5,fpv,1777627301.0725768,1,0,fpv_remote_remote,,,,,,,,,,
images/000248.jpg,0.0,0.5,fpv,1777627301.1990051,1,0,fpv_remote_remote,,,,,,,,,,
images/000249.jpg,0.0,0.5,fpv,1777627301.3272624,1,0,fpv_remote_remote,,,,,,,,,,
images/000250.jpg,0.0,0.5,fpv,1777627301.4545708,1,0,fpv_remote_remote,,,,,,,,,,
images/000251.jpg,0.0,0.5,fpv,1777627301.57956,1,0,fpv_remote_remote,,,,,,,,,,
images/000252.jpg,0.0,0.5,fpv,1777627301.7065854,1,0,fpv_remote_remote,,,,,,,,,,
images/000253.jpg,0.0,0.5,fpv,1777627301.8320045,1,0,fpv_remote_remote,,,,,,,,,,
images/000254.jpg,0.0,0.5,fpv,1777627301.9591608,1,0,fpv_remote_remote,,,,,,,,,,
images/000255.jpg,0.0,0.5,fpv,1777627302.086256,1,0,fpv_remote_remote,,,,,,,,,,
images/000256.jpg,0.0,0.5,fpv,1777627302.214588,1,0,fpv_remote_remote,,,,,,,,,,
images/000257.jpg,0.0,0.5,fpv,1777627302.3422933,1,0,fpv_remote_remote,,,,,,,,,,
images/000258.jpg,0.0,0.5,fpv,1777627302.4706576,1,0,fpv_remote_remote,,,,,,,,,,
images/000259.jpg,0.0,0.5,fpv,1777627302.5976853,1,0,fpv_remote_remote,,,,,,,,,,
images/000260.jpg,0.8,0.5,fpv,1777627302.7267222,1,0,fpv_remote_remote,,,,,,,,,,
images/000261.jpg,0.6185979796746728,0.5,fpv,1777627302.8544784,1,0,fpv_remote_remote,,,,,,,,,,
images/000262.jpg,0.0,0.5,fpv,1777627302.979821,1,0,fpv_remote_remote,,,,,,,,,,
images/000263.jpg,0.0,0.5,fpv,1777627303.1075053,1,0,fpv_remote_remote,,,,,,,,,,
images/000264.jpg,0.0,0.5,fpv,1777627303.2340279,1,0,fpv_remote_remote,,,,,,,,,,
images/000265.jpg,0.0,0.5,fpv,1777627303.363849,1,0,fpv_remote_remote,,,,,,,,,,
images/000266.jpg,0.0,0.5,fpv,1777627303.4903493,1,0,fpv_remote_remote,,,,,,,,,,
images/000267.jpg,0.1979552598651082,0.5,fpv,1777627303.618665,1,0,fpv_remote_remote,,,,,,,,,,
images/000268.jpg,0.8,0.5,fpv,1777627303.744945,1,0,fpv_remote_remote,,,,,,,,,,
images/000269.jpg,0.8,0.5,fpv,1777627303.872753,1,0,fpv_remote_remote,,,,,,,,,,
images/000270.jpg,0.6103457747123631,0.5,fpv,1777627304.000075,1,0,fpv_remote_remote,,,,,,,,,,
images/000271.jpg,0.6020935697500535,0.5,fpv,1777627304.1286898,1,0,fpv_remote_remote,,,,,,,,,,
images/000272.jpg,0.8,0.5,fpv,1777627304.2563329,1,0,fpv_remote_remote,,,,,,,,,,
images/000273.jpg,0.49486373485518964,0.5,fpv,1777627304.3854427,1,0,fpv_remote_remote,,,,,,,,,,
images/000274.jpg,0.0,0.5,fpv,1777627304.5124576,1,0,fpv_remote_remote,,,,,,,,,,
images/000275.jpg,-0.6350535599841304,0.5,fpv,1777627304.6396723,1,0,fpv_remote_remote,,,,,,,,,,
images/000276.jpg,-0.8,0.5,fpv,1777627304.7682703,1,0,fpv_remote_remote,,,,,,,,,,
images/000277.jpg,-0.8,0.5,fpv,1777627304.894887,1,0,fpv_remote_remote,,,,,,,,,,
images/000278.jpg,0.0,0.5,fpv,1777627305.023938,1,0,fpv_remote_remote,,,,,,,,,,
images/000279.jpg,0.0,-0.10309152500991851,fpv,1777627305.2356853,1,0,fpv_remote_remote,,,,,,,,,,
images/000280.jpg,0.8,-0.5,fpv,1777627305.3646064,1,0,fpv_remote_remote,,,,,,,,,,
images/000281.jpg,0.8,-0.5,fpv,1777627305.4936497,1,0,fpv_remote_remote,,,,,,,,,,
images/000282.jpg,0.8,-0.5,fpv,1777627305.6214664,1,0,fpv_remote_remote,,,,,,,,,,
images/000283.jpg,0.8,-0.5,fpv,1777627305.7487936,1,0,fpv_remote_remote,,,,,,,,,,
images/000284.jpg,0.3629016998809778,-0.47938474684896387,fpv,1777627305.8765235,1,0,fpv_remote_remote,,,,,,,,,,
images/000285.jpg,0.0,-0.4329966124454482,fpv,1777627306.0025854,1,0,fpv_remote_remote,,,,,,,,,,
images/000286.jpg,-0.8,0.5,fpv,1777627306.6816604,1,0,fpv_remote_remote,,,,,,,,,,
images/000287.jpg,-0.23091525009918518,0.5,fpv,1777627306.8089359,1,0,fpv_remote_remote,,,,,,,,,,
images/000288.jpg,0.0,0.5,fpv,1777627306.936901,1,0,fpv_remote_remote,,,,,,,,,,
images/000289.jpg,0.0,0.5,fpv,1777627307.0647705,1,0,fpv_remote_remote,,,,,,,,,,
images/000290.jpg,0.0,0.5,fpv,1777627307.1930714,1,0,fpv_remote_remote,,,,,,,,,,
images/000291.jpg,0.8,0.5,fpv,1777627307.320161,1,0,fpv_remote_remote,,,,,,,,,,
images/000292.jpg,0.8,0.5,fpv,1777627307.4453104,1,0,fpv_remote_remote,,,,,,,,,,
images/000293.jpg,0.0,0.5,fpv,1777627307.5716898,1,0,fpv_remote_remote,,,,,,,,,,
images/000294.jpg,0.0,0.5,fpv,1777627307.7017622,1,0,fpv_remote_remote,,,,,,,,,,
images/000295.jpg,0.0,0.5,fpv,1777627307.82948,1,0,fpv_remote_remote,,,,,,,,,,
images/000296.jpg,-0.8,0.5,fpv,1777627307.9564483,1,0,fpv_remote_remote,,,,,,,,,,
images/000297.jpg,-0.8,0.5,fpv,1777627308.0845962,1,0,fpv_remote_remote,,,,,,,,,,
images/000298.jpg,0.0,0.5,fpv,1777627308.2111747,1,0,fpv_remote_remote,,,,,,,,,,
images/000299.jpg,0.0,0.5,fpv,1777627308.339651,1,0,fpv_remote_remote,,,,,,,,,,
images/000300.jpg,0.8,0.5,fpv,1777627308.4689102,1,0,fpv_remote_remote,,,,,,,,,,
images/000301.jpg,0.8,0.5,fpv,1777627308.5983505,1,0,fpv_remote_remote,,,,,,,,,,
images/000302.jpg,0.8,0.5,fpv,1777627308.726537,1,0,fpv_remote_remote,,,,,,,,,,
images/000303.jpg,0.8,0.5,fpv,1777627308.8557367,1,0,fpv_remote_remote,,,,,,,,,,
images/000304.jpg,0.0,0.5,fpv,1777627308.982257,1,0,fpv_remote_remote,,,,,,,,,,
images/000305.jpg,-0.22266304513687554,0.5,fpv,1777627309.1100736,1,0,fpv_remote_remote,,,,,,,,,,
images/000306.jpg,-0.8,0.5,fpv,1777627309.2374756,1,0,fpv_remote_remote,,,,,,,,,,
images/000307.jpg,0.0,0.5,fpv,1777627309.364509,1,0,fpv_remote_remote,,,,,,,,,,
images/000308.jpg,0.0,0.5,fpv,1777627309.4933026,1,0,fpv_remote_remote,,,,,,,,,,
images/000309.jpg,0.0,0.5,fpv,1777627309.6197622,1,0,fpv_remote_remote,,,,,,,,,,
images/000310.jpg,0.0,0.5,fpv,1777627309.746867,1,0,fpv_remote_remote,,,,,,,,,,
images/000311.jpg,0.0,0.5,fpv,1777627309.8753922,1,0,fpv_remote_remote,,,,,,,,,,
images/000312.jpg,0.0,0.5,fpv,1777627310.002862,1,0,fpv_remote_remote,,,,,,,,,,
images/000313.jpg,0.0,0.5,fpv,1777627310.1302958,1,0,fpv_remote_remote,,,,,,,,,,
images/000314.jpg,0.0,0.5,fpv,1777627310.2590513,1,0,fpv_remote_remote,,,,,,,,,,
images/000315.jpg,0.0,0.5,fpv,1777627310.385887,1,0,fpv_remote_remote,,,,,,,,,,
images/000316.jpg,0.0,0.5,fpv,1777627310.513597,1,0,fpv_remote_remote,,,,,,,,,,
images/000317.jpg,0.0,0.5,fpv,1777627310.6412468,1,0,fpv_remote_remote,,,,,,,,,,
images/000318.jpg,0.0,0.5,fpv,1777627310.7684748,1,0,fpv_remote_remote,,,,,,,,,,
images/000319.jpg,0.0,0.5,fpv,1777627310.896889,1,0,fpv_remote_remote,,,,,,,,,,
images/000320.jpg,-0.3546494949186682,0.5,fpv,1777627311.0249732,1,0,fpv_remote_remote,,,,,,,,,,
images/000321.jpg,-0.4948393200476089,0.5,fpv,1777627311.1516309,1,0,fpv_remote_remote,,,,,,,,,,
images/000322.jpg,-0.14844203009125034,0.5,fpv,1777627311.278732,1,0,fpv_remote_remote,,,,,,,,,,
images/000323.jpg,0.0,0.5,fpv,1777627311.4055705,1,0,fpv_remote_remote,,,,,,,,,,
images/000324.jpg,0.0,0.5,fpv,1777627311.531557,1,0,fpv_remote_remote,,,,,,,,,,
images/000325.jpg,0.8,0.5,fpv,1777627311.660976,1,0,fpv_remote_remote,,,,,,,,,,
images/000326.jpg,0.8,0.5,fpv,1777627311.7893455,1,0,fpv_remote_remote,,,,,,,,,,
images/000327.jpg,0.8,0.5,fpv,1777627311.9174356,1,0,fpv_remote_remote,,,,,,,,,,
images/000328.jpg,0.0,0.5,fpv,1777627312.0447905,1,0,fpv_remote_remote,,,,,,,,,,
images/000329.jpg,0.0,0.5,fpv,1777627312.1739242,1,0,fpv_remote_remote,,,,,,,,,,
images/000330.jpg,0.0,0.5,fpv,1777627312.3013303,1,0,fpv_remote_remote,,,,,,,,,,
images/000331.jpg,0.0,0.5,fpv,1777627312.4303992,1,0,fpv_remote_remote,,,,,,,,,,
images/000332.jpg,0.0,0.5,fpv,1777627312.5591035,1,0,fpv_remote_remote,,,,,,,,,,
images/000333.jpg,0.0,0.5,fpv,1777627312.6875665,1,0,fpv_remote_remote,,,,,,,,,,
images/000334.jpg,0.0,0.5,fpv,1777627312.8162982,1,0,fpv_remote_remote,,,,,,,,,,
images/000335.jpg,0.0,0.5,fpv,1777627312.9425714,1,0,fpv_remote_remote,,,,,,,,,,
images/000336.jpg,0.0,0.5,fpv,1777627313.0708292,1,0,fpv_remote_remote,,,,,,,,,,
images/000337.jpg,0.0,0.5,fpv,1777627313.196734,1,0,fpv_remote_remote,,,,,,,,,,
images/000338.jpg,0.0,0.5,fpv,1777627313.325048,1,0,fpv_remote_remote,,,,,,,,,,
images/000339.jpg,0.0,0.5,fpv,1777627313.453472,1,0,fpv_remote_remote,,,,,,,,,,
images/000340.jpg,0.0,0.5,fpv,1777627313.5808697,1,0,fpv_remote_remote,,,,,,,,,,
images/000341.jpg,0.0,0.5,fpv,1777627313.7070684,1,0,fpv_remote_remote,,,,,,,,,,
images/000342.jpg,0.0,0.5,fpv,1777627313.83484,1,0,fpv_remote_remote,,,,,,,,,,
images/000343.jpg,0.8,0.5,fpv,1777627313.960423,1,0,fpv_remote_remote,,,,,,,,,,
images/000344.jpg,0.8,0.5,fpv,1777627314.0877993,1,0,fpv_remote_remote,,,,,,,,,,
images/000345.jpg,0.8,0.5,fpv,1777627314.215734,1,0,fpv_remote_remote,,,,,,,,,,
images/000346.jpg,0.8,0.5,fpv,1777627314.341954,1,0,fpv_remote_remote,,,,,,,,,,
images/000347.jpg,0.8,0.5,fpv,1777627314.4689076,1,0,fpv_remote_remote,,,,,,,,,,
images/000348.jpg,0.8,0.5,fpv,1777627314.5961313,1,0,fpv_remote_remote,,,,,,,,,,
images/000349.jpg,0.0,0.5,fpv,1777627314.7248478,1,0,fpv_remote_remote,,,,,,,,,,
images/000350.jpg,0.0,0.5,fpv,1777627314.8536198,1,0,fpv_remote_remote,,,,,,,,,,
images/000351.jpg,0.0,0.5,fpv,1777627314.979605,1,0,fpv_remote_remote,,,,,,,,,,
images/000352.jpg,-0.6103213599047823,0.5,fpv,1777627315.1054745,1,0,fpv_remote_remote,,,,,,,,,,
images/000353.jpg,-0.8,0.5,fpv,1777627315.2340803,1,0,fpv_remote_remote,,,,,,,,,,
images/000354.jpg,-0.8,0.5,fpv,1777627315.3604362,1,0,fpv_remote_remote,,,,,,,,,,
images/000355.jpg,-0.8,0.5,fpv,1777627315.488574,1,0,fpv_remote_remote,,,,,,,,,,
images/000356.jpg,0.0,-0.5,fpv,1777627315.7855065,1,0,fpv_remote_remote,,,,,,,,,,
images/000357.jpg,0.0,-0.5,fpv,1777627315.91246,1,0,fpv_remote_remote,,,,,,,,,,
images/000358.jpg,0.0,-0.5,fpv,1777627316.0410898,1,0,fpv_remote_remote,,,,,,,,,,
images/000359.jpg,0.0,-0.5,fpv,1777627316.1690469,1,0,fpv_remote_remote,,,,,,,,,,
images/000360.jpg,0.0,-0.5,fpv,1777627316.2966635,1,0,fpv_remote_remote,,,,,,,,,,
images/000361.jpg,-0.8,0.3402203436384167,fpv,1777627316.8458538,1,0,fpv_remote_remote,,,,,,,,,,
images/000362.jpg,-0.8,0.5,fpv,1777627316.972855,1,0,fpv_remote_remote,,,,,,,,,,
images/000363.jpg,-0.8,0.5,fpv,1777627317.1006784,1,0,fpv_remote_remote,,,,,,,,,,
images/000364.jpg,-0.8,0.5,fpv,1777627317.2296607,1,0,fpv_remote_remote,,,,,,,,,,
images/000365.jpg,0.0,0.5,fpv,1777627317.3582652,1,0,fpv_remote_remote,,,,,,,,,,
images/000366.jpg,0.0,0.5,fpv,1777627317.4852378,1,0,fpv_remote_remote,,,,,,,,,,
images/000367.jpg,0.8,0.5,fpv,1777627317.614927,1,0,fpv_remote_remote,,,,,,,,,,
images/000368.jpg,0.8,0.5,fpv,1777627317.7428384,1,0,fpv_remote_remote,,,,,,,,,,
images/000369.jpg,0.8,0.5,fpv,1777627317.8704703,1,0,fpv_remote_remote,,,,,,,,,,
images/000370.jpg,0.8,0.5,fpv,1777627318.0002162,1,0,fpv_remote_remote,,,,,,,,,,
images/000371.jpg,0.0,0.5,fpv,1777627318.1279776,1,0,fpv_remote_remote,,,,,,,,,,
images/000372.jpg,0.0,0.5,fpv,1777627318.2562056,1,0,fpv_remote_remote,,,,,,,,,,
images/000373.jpg,0.0,0.5,fpv,1777627318.384105,1,0,fpv_remote_remote,,,,,,,,,,
images/000374.jpg,0.0,0.5,fpv,1777627318.5121734,1,0,fpv_remote_remote,,,,,,,,,,
images/000375.jpg,0.2556962797936949,-0.44845423749504076,fpv,1777627318.724545,1,0,fpv_remote_remote,,,,,,,,,,
images/000376.jpg,0.4701315347758415,-0.5,fpv,1777627318.851115,1,0,fpv_remote_remote,,,,,,,,,,
images/000377.jpg,0.8,-0.5,fpv,1777627318.978605,1,0,fpv_remote_remote,,,,,,,,,,
images/000378.jpg,0.8,-0.5,fpv,1777627319.1061711,1,0,fpv_remote_remote,,,,,,,,,,
images/000379.jpg,0.8,-0.5,fpv,1777627319.2333326,1,0,fpv_remote_remote,,,,,,,,,,
images/000380.jpg,0.8,-0.5,fpv,1777627319.361252,1,0,fpv_remote_remote,,,,,,,,,,
images/000381.jpg,0.8,-0.5,fpv,1777627319.4886453,1,0,fpv_remote_remote,,,,,,,,,,
images/000382.jpg,0.8,-0.43815424054689167,fpv,1777627319.6166196,1,0,fpv_remote_remote,,,,,,,,,,
images/000383.jpg,0.8,-0.24742881557664723,fpv,1777627319.743649,1,0,fpv_remote_remote,,,,,,,,,,
images/000384.jpg,0.0,0.5,fpv,1777627320.08519,1,0,fpv_remote_remote,,,,,,,,,,
images/000385.jpg,0.8,0.5,fpv,1777627320.2121658,1,0,fpv_remote_remote,,,,,,,,,,
images/000386.jpg,0.8,0.5,fpv,1777627320.3403113,1,0,fpv_remote_remote,,,,,,,,,,
images/000387.jpg,0.8,0.5,fpv,1777627320.4676332,1,0,fpv_remote_remote,,,,,,,,,,
images/000388.jpg,0.8,0.5,fpv,1777627320.5962114,1,0,fpv_remote_remote,,,,,,,,,,
images/000389.jpg,0.8,0.5,fpv,1777627320.7253878,1,0,fpv_remote_remote,,,,,,,,,,
images/000390.jpg,0.8,0.5,fpv,1777627320.8515568,1,0,fpv_remote_remote,,,,,,,,,,
images/000391.jpg,0.0,0.5,fpv,1777627320.9780202,1,0,fpv_remote_remote,,,,,,,,,,
images/000392.jpg,0.0,0.5,fpv,1777627321.1079335,1,0,fpv_remote_remote,,,,,,,,,,
images/000393.jpg,0.0,0.5,fpv,1777627321.2366593,1,0,fpv_remote_remote,,,,,,,,,,
images/000394.jpg,0.5855891598254341,0.5,fpv,1777627321.3652165,1,0,fpv_remote_remote,,,,,,,,,,
images/000395.jpg,0.8,0.5,fpv,1777627321.4941669,1,0,fpv_remote_remote,,,,,,,,,,
images/000396.jpg,0.8,0.5,fpv,1777627321.6227412,1,0,fpv_remote_remote,,,,,,,,,,
images/000397.jpg,0.8,0.5,fpv,1777627321.7515662,1,0,fpv_remote_remote,,,,,,,,,,
images/000398.jpg,0.0,0.5,fpv,1777627321.8790395,1,0,fpv_remote_remote,,,,,,,,,,
images/000399.jpg,0.0,-0.46392712179937134,fpv,1777627322.1352773,1,0,fpv_remote_remote,,,,,,,,,,
images/000400.jpg,-0.42061830500198377,-0.5,fpv,1777627322.2643716,1,0,fpv_remote_remote,,,,,,,,,,
images/000401.jpg,-0.8,-0.5,fpv,1777627322.3912904,1,0,fpv_remote_remote,,,,,,,,,,
images/000402.jpg,-0.8,-0.5,fpv,1777627322.5215552,1,0,fpv_remote_remote,,,,,,,,,,
images/000403.jpg,-0.8,-0.5,fpv,1777627322.6471639,1,0,fpv_remote_remote,,,,,,,,,,
images/000404.jpg,-0.8,-0.5,fpv,1777627322.7751443,1,0,fpv_remote_remote,,,,,,,,,,
images/000405.jpg,-0.8,-0.5,fpv,1777627322.901945,1,0,fpv_remote_remote,,,,,,,,,,
images/000406.jpg,0.0,-0.5,fpv,1777627323.0294387,1,0,fpv_remote_remote,,,,,,,,,,
images/000407.jpg,0.0,0.3350627155369732,fpv,1777627323.4913893,1,0,fpv_remote_remote,,,,,,,,,,
images/000408.jpg,0.0,0.5,fpv,1777627323.619644,1,0,fpv_remote_remote,,,,,,,,,,
images/000409.jpg,0.0,0.5,fpv,1777627323.7461817,1,0,fpv_remote_remote,,,,,,,,,,
images/000410.jpg,0.0,0.5,fpv,1777627323.8751733,1,0,fpv_remote_remote,,,,,,,,,,
images/000411.jpg,0.0,0.5,fpv,1777627324.0019908,1,0,fpv_remote_remote,,,,,,,,,,
images/000412.jpg,0.0,0.5,fpv,1777627324.1303198,1,0,fpv_remote_remote,,,,,,,,,,
images/000413.jpg,0.0,0.5,fpv,1777627324.25714,1,0,fpv_remote_remote,,,,,,,,,,
images/000414.jpg,0.0,0.5,fpv,1777627324.3854628,1,0,fpv_remote_remote,,,,,,,,,,
images/000415.jpg,0.0,0.5,fpv,1777627324.511563,1,0,fpv_remote_remote,,,,,,,,,,
images/000416.jpg,0.0,0.5,fpv,1777627324.6394799,1,0,fpv_remote_remote,,,,,,,,,,
images/000417.jpg,0.0,0.5,fpv,1777627324.7673004,1,0,fpv_remote_remote,,,,,,,,,,
images/000418.jpg,0.0,0.5,fpv,1777627324.8953407,1,0,fpv_remote_remote,,,,,,,,,,
images/000419.jpg,0.0,0.5,fpv,1777627325.022446,1,0,fpv_remote_remote,,,,,,,,,,
images/000420.jpg,0.0,0.5,fpv,1777627325.1517882,1,0,fpv_remote_remote,,,,,,,,,,
images/000421.jpg,0.0,0.3247627185888241,fpv,1777627325.2774312,1,0,fpv_remote_remote,,,,,,,,,,
images/000422.jpg,0.0,-0.5,fpv,1777627325.5751836,1,0,fpv_remote_remote,,,,,,,,,,
images/000423.jpg,0.0,-0.5,fpv,1777627325.703678,1,0,fpv_remote_remote,,,,,,,,,,
images/000424.jpg,0.0,-0.5,fpv,1777627325.830147,1,0,fpv_remote_remote,,,,,,,,,,
images/000425.jpg,0.0,-0.5,fpv,1777627325.9586425,1,0,fpv_remote_remote,,,,,,,,,,
images/000426.jpg,0.0,-0.5,fpv,1777627326.0854068,1,0,fpv_remote_remote,,,,,,,,,,
images/000427.jpg,0.0,-0.3659779656361583,fpv,1777627326.2135143,1,0,fpv_remote_remote,,,,,,,,,,
images/000428.jpg,-0.8,0.5,fpv,1777627327.2258976,1,0,fpv_remote_remote,,,,,,,,,,
images/000429.jpg,-0.8,0.5,fpv,1777627327.3525255,1,0,fpv_remote_remote,,,,,,,,,,
images/000430.jpg,-0.8,0.5,fpv,1777627327.479365,1,0,fpv_remote_remote,,,,,,,,,,
images/000431.jpg,-0.8,0.5,fpv,1777627327.6058893,1,0,fpv_remote_remote,,,,,,,,,,
images/000432.jpg,-0.8,0.5,fpv,1777627327.7347913,1,0,fpv_remote_remote,,,,,,,,,,
images/000433.jpg,-0.7010467848750267,0.5,fpv,1777627327.86168,1,0,fpv_remote_remote,,,,,,,,,,
images/000434.jpg,0.0,0.5,fpv,1777627327.9888155,1,0,fpv_remote_remote,,,,,,,,,,
images/000435.jpg,0.8,0.5,fpv,1777627328.114127,1,0,fpv_remote_remote,,,,,,,,,,
images/000436.jpg,0.8,0.5,fpv,1777627328.2402792,1,0,fpv_remote_remote,,,,,,,,,,
images/000437.jpg,0.8,0.5,fpv,1777627328.3665073,1,0,fpv_remote_remote,,,,,,,,,,
images/000438.jpg,0.8,0.5,fpv,1777627328.4948583,1,0,fpv_remote_remote,,,,,,,,,,
images/000439.jpg,0.0,0.5,fpv,1777627328.621894,1,0,fpv_remote_remote,,,,,,,,,,
images/000440.jpg,-0.5278481398968474,0.5,fpv,1777627328.74888,1,0,fpv_remote_remote,,,,,,,,,,
images/000441.jpg,-0.8,0.5,fpv,1777627328.8779044,1,0,fpv_remote_remote,,,,,,,,,,
images/000442.jpg,-0.42061830500198377,0.5,fpv,1777627329.0038474,1,0,fpv_remote_remote,,,,,,,,,,
images/000443.jpg,0.0,0.5,fpv,1777627329.130455,1,0,fpv_remote_remote,,,,,,,,,,
images/000444.jpg,0.0,0.5,fpv,1777627329.258917,1,0,fpv_remote_remote,,,,,,,,,,
images/000445.jpg,0.0,0.5,fpv,1777627329.384912,1,0,fpv_remote_remote,,,,,,,,,,
images/000446.jpg,0.0,0.5,fpv,1777627329.5125737,1,0,fpv_remote_remote,,,,,,,,,,
images/000447.jpg,-0.7257789849543749,0.5,fpv,1777627329.6402678,1,0,fpv_remote_remote,,,,,,,,,,
images/000448.jpg,-0.8,0.5,fpv,1777627329.767574,1,0,fpv_remote_remote,,,,,,,,,,
images/000449.jpg,-0.7175267799920653,0.5,fpv,1777627329.895013,1,0,fpv_remote_remote,,,,,,,,,,
images/000450.jpg,0.0,0.5,fpv,1777627330.0209024,1,0,fpv_remote_remote,,,,,,,,,,
images/000451.jpg,0.0,0.5,fpv,1777627330.147406,1,0,fpv_remote_remote,,,,,,,,,,
images/000452.jpg,0.0,0.5,fpv,1777627330.2742932,1,0,fpv_remote_remote,,,,,,,,,,
images/000453.jpg,0.0,0.5,fpv,1777627330.4004655,1,0,fpv_remote_remote,,,,,,,,,,
images/000454.jpg,0.0,0.5,fpv,1777627330.5256526,1,0,fpv_remote_remote,,,,,,,,,,
images/000455.jpg,0.0,0.5,fpv,1777627330.6528506,1,0,fpv_remote_remote,,,,,,,,,,
images/000456.jpg,0.0,0.5,fpv,1777627330.7806134,1,0,fpv_remote_remote,,,,,,,,,,
images/000457.jpg,0.0,0.5,fpv,1777627330.908126,1,0,fpv_remote_remote,,,,,,,,,,
images/000458.jpg,0.0,0.5,fpv,1777627331.0360599,1,0,fpv_remote_remote,,,,,,,,,,
images/000459.jpg,0.0,0.5,fpv,1777627331.1632237,1,0,fpv_remote_remote,,,,,,,,,,
images/000460.jpg,0.0,0.5,fpv,1777627331.2906349,1,0,fpv_remote_remote,,,,,,,,,,
images/000461.jpg,0.0,0.5,fpv,1777627331.4179175,1,0,fpv_remote_remote,,,,,,,,,,
images/000462.jpg,0.8,0.5,fpv,1777627331.5438857,1,0,fpv_remote_remote,,,,,,,,,,
images/000463.jpg,0.0,0.5,fpv,1777627331.6697867,1,0,fpv_remote_remote,,,,,,,,,,
images/000464.jpg,0.0,0.5,fpv,1777627331.795956,1,0,fpv_remote_remote,,,,,,,,,,
images/000465.jpg,0.0,0.5,fpv,1777627331.923903,1,0,fpv_remote_remote,,,,,,,,,,
images/000466.jpg,0.0,0.5,fpv,1777627332.050149,1,0,fpv_remote_remote,,,,,,,,,,
images/000467.jpg,0.0,0.5,fpv,1777627332.1786122,1,0,fpv_remote_remote,,,,,,,,,,
images/000468.jpg,0.2556962797936949,0.5,fpv,1777627332.30531,1,0,fpv_remote_remote,,,,,,,,,,
images/000469.jpg,0.8,0.5,fpv,1777627332.433079,1,0,fpv_remote_remote,,,,,,,,,,
images/000470.jpg,0.0,0.5,fpv,1777627332.5588224,1,0,fpv_remote_remote,,,,,,,,,,
images/000471.jpg,0.0,0.5,fpv,1777627332.686964,1,0,fpv_remote_remote,,,,,,,,,,
images/000472.jpg,0.0,0.5,fpv,1777627332.8126154,1,0,fpv_remote_remote,,,,,,,,,,
images/000473.jpg,0.2556962797936949,0.5,fpv,1777627332.940163,1,0,fpv_remote_remote,,,,,,,,,,
images/000474.jpg,0.0,0.5,fpv,1777627333.06551,1,0,fpv_remote_remote,,,,,,,,,,
images/000475.jpg,0.0,0.5,fpv,1777627333.1923332,1,0,fpv_remote_remote,,,,,,,,,,
images/000476.jpg,0.8,0.5,fpv,1777627333.3193192,1,0,fpv_remote_remote,,,,,,,,,,
images/000477.jpg,0.8,0.5,fpv,1777627333.4461608,1,0,fpv_remote_remote,,,,,,,,,,
images/000478.jpg,0.0,0.5,fpv,1777627333.5713475,1,0,fpv_remote_remote,,,,,,,,,,
images/000479.jpg,0.0,0.5,fpv,1777627333.6997027,1,0,fpv_remote_remote,,,,,,,,,,
images/000480.jpg,0.8,0.5,fpv,1777627333.8259883,1,0,fpv_remote_remote,,,,,,,,,,
images/000481.jpg,0.0,0.5,fpv,1777627333.9534924,1,0,fpv_remote_remote,,,,,,,,,,
images/000482.jpg,0.0,0.5,fpv,1777627334.0798287,1,0,fpv_remote_remote,,,,,,,,,,
images/000483.jpg,0.0,0.5,fpv,1777627334.2080898,1,0,fpv_remote_remote,,,,,,,,,,
images/000484.jpg,0.0,0.5,fpv,1777627334.333994,1,0,fpv_remote_remote,,,,,,,,,,
images/000485.jpg,0.0,0.5,fpv,1777627334.4626017,1,0,fpv_remote_remote,,,,,,,,,,
images/000486.jpg,0.8,0.5,fpv,1777627334.589567,1,0,fpv_remote_remote,,,,,,,,,,
images/000487.jpg,0.8,0.5,fpv,1777627334.7171125,1,0,fpv_remote_remote,,,,,,,,,,
images/000488.jpg,0.0,0.5,fpv,1777627334.844271,1,0,fpv_remote_remote,,,,,,,,,,
images/000489.jpg,0.0,0.5,fpv,1777627334.9730997,1,0,fpv_remote_remote,,,,,,,,,,
images/000490.jpg,0.0,0.5,fpv,1777627335.1011426,1,0,fpv_remote_remote,,,,,,,,,,
images/000491.jpg,0.0,0.5,fpv,1777627335.2290828,1,0,fpv_remote_remote,,,,,,,,,,
images/000492.jpg,0.0,0.5,fpv,1777627335.3565204,1,0,fpv_remote_remote,,,,,,,,,,
images/000493.jpg,0.0,0.5,fpv,1777627335.4825318,1,0,fpv_remote_remote,,,,,,,,,,
images/000494.jpg,0.0,0.5,fpv,1777627335.6104188,1,0,fpv_remote_remote,,,,,,,,,,
images/000495.jpg,0.0,0.5,fpv,1777627335.7378037,1,0,fpv_remote_remote,,,,,,,,,,
images/000496.jpg,0.0,0.5,fpv,1777627335.866487,1,0,fpv_remote_remote,,,,,,,,,,
images/000497.jpg,0.0,0.5,fpv,1777627335.9924686,1,0,fpv_remote_remote,,,,,,,,,,
images/000498.jpg,-0.6103213599047823,0.5,fpv,1777627336.121668,1,0,fpv_remote_remote,,,,,,,,,,
images/000499.jpg,-0.8,0.5,fpv,1777627336.2481174,1,0,fpv_remote_remote,,,,,,,,,,
images/000500.jpg,-0.8,0.5,fpv,1777627336.377433,1,0,fpv_remote_remote,,,,,,,,,,
images/000501.jpg,-0.23091525009918518,0.5,fpv,1777627336.5034459,1,0,fpv_remote_remote,,,,,,,,,,
images/000502.jpg,0.0,0.5,fpv,1777627336.6316063,1,0,fpv_remote_remote,,,,,,,,,,
images/000503.jpg,0.0,0.5,fpv,1777627336.7575133,1,0,fpv_remote_remote,,,,,,,,,,
images/000504.jpg,0.49486373485518964,0.5,fpv,1777627336.88602,1,0,fpv_remote_remote,,,,,,,,,,
images/000505.jpg,0.41239051484725486,0.5,fpv,1777627337.0136166,1,0,fpv_remote_remote,,,,,,,,,,
images/000506.jpg,0.0,0.5,fpv,1777627337.1429932,1,0,fpv_remote_remote,,,,,,,,,,
images/000507.jpg,0.0,0.5,fpv,1777627337.2692435,1,0,fpv_remote_remote,,,,,,,,,,
images/000508.jpg,0.0,0.5,fpv,1777627337.3970633,1,0,fpv_remote_remote,,,,,,,,,,
images/000509.jpg,0.0,0.5,fpv,1777627337.5232134,1,0,fpv_remote_remote,,,,,,,,,,
images/000510.jpg,0.0,0.5,fpv,1777627337.650333,1,0,fpv_remote_remote,,,,,,,,,,
images/000511.jpg,0.2969328897976623,0.5,fpv,1777627337.7793472,1,0,fpv_remote_remote,,,,,,,,,,
images/000512.jpg,0.8,0.5,fpv,1777627337.906676,1,0,fpv_remote_remote,,,,,,,,,,
images/000513.jpg,0.16497085482345042,0.5,fpv,1777627338.0355034,1,0,fpv_remote_remote,,,,,,,,,,
images/000514.jpg,0.0,0.5,fpv,1777627338.1612346,1,0,fpv_remote_remote,,,,,,,,,,
images/000515.jpg,0.0,0.5,fpv,1777627338.2897563,1,0,fpv_remote_remote,,,,,,,,,,
images/000516.jpg,0.0,0.5,fpv,1777627338.4164395,1,0,fpv_remote_remote,,,,,,,,,,
images/000517.jpg,0.0,0.5,fpv,1777627338.5453496,1,0,fpv_remote_remote,,,,,,,,,,
images/000518.jpg,0.0,0.5,fpv,1777627338.6733851,1,0,fpv_remote_remote,,,,,,,,,,
images/000519.jpg,0.8,0.5,fpv,1777627338.8018613,1,0,fpv_remote_remote,,,,,,,,,,
images/000520.jpg,0.0,0.5,fpv,1777627338.9324985,1,0,fpv_remote_remote,,,,,,,,,,
images/000521.jpg,0.0,0.5,fpv,1777627339.0624492,1,0,fpv_remote_remote,,,,,,,,,,
images/000522.jpg,0.0,0.5,fpv,1777627339.1915843,1,0,fpv_remote_remote,,,,,,,,,,
images/000523.jpg,0.0,0.5,fpv,1777627339.3211038,1,0,fpv_remote_remote,,,,,,,,,,
images/000524.jpg,0.0,0.5,fpv,1777627339.4476202,1,0,fpv_remote_remote,,,,,,,,,,
images/000525.jpg,0.0,0.5,fpv,1777627339.5754728,1,0,fpv_remote_remote,,,,,,,,,,
images/000526.jpg,0.0,0.5,fpv,1777627339.7031717,1,0,fpv_remote_remote,,,,,,,,,,
images/000527.jpg,0.0,0.5,fpv,1777627339.8302054,1,0,fpv_remote_remote,,,,,,,,,,
images/000528.jpg,0.0,0.5,fpv,1777627339.9599214,1,0,fpv_remote_remote,,,,,,,,,,
images/000529.jpg,-0.8,0.5,fpv,1777627340.0880532,1,0,fpv_remote_remote,,,,,,,,,,
images/000530.jpg,-0.8,0.5,fpv,1777627340.2168908,1,0,fpv_remote_remote,,,,,,,,,,
images/000531.jpg,-0.8,0.5,fpv,1777627340.3450818,1,0,fpv_remote_remote,,,,,,,,,,
images/000532.jpg,0.0,0.5,fpv,1777627340.472533,1,0,fpv_remote_remote,,,,,,,,,,
images/000533.jpg,0.0,0.5,fpv,1777627340.599273,1,0,fpv_remote_remote,,,,,,,,,,
images/000534.jpg,0.1402142399365215,0.5,fpv,1777627340.727396,1,0,fpv_remote_remote,,,,,,,,,,
images/000535.jpg,0.8,0.5,fpv,1777627340.854858,1,0,fpv_remote_remote,,,,,,,,,,
images/000536.jpg,0.8,0.5,fpv,1777627340.9826849,1,0,fpv_remote_remote,,,,,,,,,,
images/000537.jpg,0.0,0.5,fpv,1777627341.1091833,1,0,fpv_remote_remote,,,,,,,,,,
images/000538.jpg,0.0,0.5,fpv,1777627341.236246,1,0,fpv_remote_remote,,,,,,,,,,
images/000539.jpg,0.8,0.5,fpv,1777627341.3626854,1,0,fpv_remote_remote,,,,,,,,,,
images/000540.jpg,0.767040009765923,0.5,fpv,1777627341.4901705,1,0,fpv_remote_remote,,,,,,,,,,
images/000541.jpg,0.0,0.5,fpv,1777627341.6156166,1,0,fpv_remote_remote,,,,,,,,,,
images/000542.jpg,0.49486373485518964,0.5,fpv,1777627341.743478,1,0,fpv_remote_remote,,,,,,,,,,
images/000543.jpg,0.8,0.5,fpv,1777627341.8701196,1,0,fpv_remote_remote,,,,,,,,,,
images/000544.jpg,0.8,0.5,fpv,1777627341.9985623,1,0,fpv_remote_remote,,,,,,,,,,
images/000545.jpg,0.0,0.5,fpv,1777627342.12598,1,0,fpv_remote_remote,,,,,,,,,,
images/000546.jpg,0.0,0.5,fpv,1777627342.2545154,1,0,fpv_remote_remote,,,,,,,,,,
images/000547.jpg,0.0,0.5,fpv,1777627342.3817194,1,0,fpv_remote_remote,,,,,,,,,,
images/000548.jpg,0.0,0.5,fpv,1777627342.5096872,1,0,fpv_remote_remote,,,,,,,,,,
images/000549.jpg,0.0,0.5,fpv,1777627342.6369543,1,0,fpv_remote_remote,,,,,,,,,,
images/000550.jpg,0.0,0.5,fpv,1777627342.7632704,1,0,fpv_remote_remote,,,,,,,,,,
images/000551.jpg,0.8,0.28867458113345745,fpv,1777627342.8898044,1,0,fpv_remote_remote,,,,,,,,,,
images/000552.jpg,0.0,-0.5,fpv,1777627343.356697,1,0,fpv_remote_remote,,,,,,,,,,
images/000553.jpg,-0.5443281350138859,-0.5,fpv,1777627343.4844327,1,0,fpv_remote_remote,,,,,,,,,,
images/000554.jpg,-0.8,-0.5,fpv,1777627343.6141212,1,0,fpv_remote_remote,,,,,,,,,,
images/000555.jpg,-0.8,-0.5,fpv,1777627343.7430036,1,0,fpv_remote_remote,,,,,,,,,,
images/000556.jpg,-0.5360759300515764,-0.5,fpv,1777627343.8697853,1,0,fpv_remote_remote,,,,,,,,,,
images/000557.jpg,-0.4123661000396741,-0.5,fpv,1777627343.9961557,1,0,fpv_remote_remote,,,,,,,,,,
images/000558.jpg,-0.20618305001983706,-0.5,fpv,1777627344.123359,1,0,fpv_remote_remote,,,,,,,,,,
images/000559.jpg,0.0,0.21135593737601854,fpv,1777627345.1362398,1,0,fpv_remote_remote,,,,,,,,,,
images/000560.jpg,0.0,0.2835169530320139,fpv,1777627345.2642672,1,0,fpv_remote_remote,,,,,,,,,,
images/000561.jpg,0.0,0.2680593279824213,fpv,1777627345.3894036,1,0,fpv_remote_remote,,,,,,,,,,
images/000562.jpg,-0.8,0.2680593279824213,fpv,1777627345.5149739,1,0,fpv_remote_remote,,,,,,,,,,
images/000563.jpg,-0.8,0.5,fpv,1777627345.6406713,1,0,fpv_remote_remote,,,,,,,,,,
images/000564.jpg,-0.8,0.5,fpv,1777627345.7702353,1,0,fpv_remote_remote,,,,,,,,,,
images/000565.jpg,0.0,0.5,fpv,1777627345.896283,1,0,fpv_remote_remote,,,,,,,,,,
images/000566.jpg,0.0,0.5,fpv,1777627346.022951,1,0,fpv_remote_remote,,,,,,,,,,
images/000567.jpg,0.0,0.5,fpv,1777627346.14802,1,0,fpv_remote_remote,,,,,,,,,,
images/000568.jpg,0.0,0.5,fpv,1777627346.2747777,1,0,fpv_remote_remote,,,,,,,,,,
images/000569.jpg,0.0,0.5,fpv,1777627346.3988125,1,0,fpv_remote_remote,,,,,,,,,,
images/000570.jpg,0.0,0.5,fpv,1777627346.5258617,1,0,fpv_remote_remote,,,,,,,,,,
images/000571.jpg,0.0,0.5,fpv,1777627346.6522381,1,0,fpv_remote_remote,,,,,,,,,,
images/000572.jpg,0.0,0.5,fpv,1777627346.7799199,1,0,fpv_remote_remote,,,,,,,,,,
images/000573.jpg,0.0,0.5,fpv,1777627346.9075406,1,0,fpv_remote_remote,,,,,,,,,,
images/000574.jpg,0.0,-0.5,fpv,1777627347.2042594,1,0,fpv_remote_remote,,,,,,,,,,
images/000575.jpg,0.0,-0.5,fpv,1777627347.333091,1,0,fpv_remote_remote,,,,,,,,,,
images/000576.jpg,0.0,-0.5,fpv,1777627347.4608526,1,0,fpv_remote_remote,,,,,,,,,,
images/000577.jpg,0.0,-0.5,fpv,1777627347.5890114,1,0,fpv_remote_remote,,,,,,,,,,
images/000578.jpg,0.3134128849147008,-0.5,fpv,1777627347.714947,1,0,fpv_remote_remote,,,,,,,,,,
images/000579.jpg,0.8,-0.5,fpv,1777627347.843313,1,0,fpv_remote_remote,,,,,,,,,,
images/000580.jpg,0.8,-0.44845423749504076,fpv,1777627347.9697082,1,0,fpv_remote_remote,,,,,,,,,,
images/000581.jpg,0.0,0.5,fpv,1777627348.9881096,1,0,fpv_remote_remote,,,,,,,,,,
images/000582.jpg,0.0,0.5,fpv,1777627349.1147316,1,0,fpv_remote_remote,,,,,,,,,,
images/000583.jpg,0.0,0.5,fpv,1777627349.2477498,1,0,fpv_remote_remote,,,,,,,,,,
images/000584.jpg,0.0,0.5,fpv,1777627349.3731728,1,0,fpv_remote_remote,,,,,,,,,,
images/000585.jpg,0.0,0.5,fpv,1777627349.5007398,1,0,fpv_remote_remote,,,,,,,,,,
images/000586.jpg,0.4371471297341838,0.5,fpv,1777627349.6265063,1,0,fpv_remote_remote,,,,,,,,,,
images/000587.jpg,0.8,0.5,fpv,1777627349.7519438,1,0,fpv_remote_remote,,,,,,,,,,
images/000588.jpg,0.8,0.5,fpv,1777627349.8769255,1,0,fpv_remote_remote,,,,,,,,,,
images/000589.jpg,0.8,0.5,fpv,1777627350.0053546,1,0,fpv_remote_remote,,,,,,,,,,
images/000590.jpg,0.0,0.5,fpv,1777627350.1314516,1,0,fpv_remote_remote,,,,,,,,,,
images/000591.jpg,0.0,0.5,fpv,1777627350.2623644,1,0,fpv_remote_remote,,,,,,,,,,
images/000592.jpg,-0.8,0.5,fpv,1777627350.3885396,1,0,fpv_remote_remote,,,,,,,,,,
images/000593.jpg,-0.8,0.5,fpv,1777627350.5174115,1,0,fpv_remote_remote,,,,,,,,,,
images/000594.jpg,0.0,0.5,fpv,1777627350.6433218,1,0,fpv_remote_remote,,,,,,,,,,
images/000595.jpg,0.0,0.5,fpv,1777627350.7722638,1,0,fpv_remote_remote,,,,,,,,,,
images/000596.jpg,0.0,0.5,fpv,1777627350.8991172,1,0,fpv_remote_remote,,,,,,,,,,
images/000597.jpg,0.0,0.5,fpv,1777627351.0275195,1,0,fpv_remote_remote,,,,,,,,,,
images/000598.jpg,0.0,0.5,fpv,1777627351.1545677,1,0,fpv_remote_remote,,,,,,,,,,
images/000599.jpg,-0.16494644001586964,0.5,fpv,1777627351.2812486,1,0,fpv_remote_remote,,,,,,,,,,
images/000600.jpg,-0.8,0.5,fpv,1777627351.4064577,1,0,fpv_remote_remote,,,,,,,,,,
images/000601.jpg,-0.8,0.5,fpv,1777627351.5332127,1,0,fpv_remote_remote,,,,,,,,,,
images/000602.jpg,0.0,0.5,fpv,1777627351.6604445,1,0,fpv_remote_remote,,,,,,,,,,
images/000603.jpg,0.0,0.5,fpv,1777627351.7880468,1,0,fpv_remote_remote,,,,,,,,,,
images/000604.jpg,0.0,0.5,fpv,1777627351.9154403,1,0,fpv_remote_remote,,,,,,,,,,
images/000605.jpg,0.0,0.5,fpv,1777627352.0429204,1,0,fpv_remote_remote,,,,,,,,,,
images/000606.jpg,0.0,0.5,fpv,1777627352.1692066,1,0,fpv_remote_remote,,,,,,,,,,
images/000607.jpg,0.0,0.5,fpv,1777627352.2967541,1,0,fpv_remote_remote,,,,,,,,,,
images/000608.jpg,-0.8,0.5,fpv,1777627352.4240117,1,0,fpv_remote_remote,,,,,,,,,,
images/000609.jpg,0.0,0.5,fpv,1777627352.549693,1,0,fpv_remote_remote,,,,,,,,,,
images/000610.jpg,0.0,0.5,fpv,1777627352.6776402,1,0,fpv_remote_remote,,,,,,,,,,
images/000611.jpg,0.0,0.5,fpv,1777627352.805469,1,0,fpv_remote_remote,,,,,,,,,,
images/000612.jpg,0.0,0.5,fpv,1777627352.9334884,1,0,fpv_remote_remote,,,,,,,,,,
images/000613.jpg,0.6515823847163306,0.5,fpv,1777627353.0605278,1,0,fpv_remote_remote,,,,,,,,,,
images/000614.jpg,0.560856959746086,0.5,fpv,1777627353.1871793,1,0,fpv_remote_remote,,,,,,,,,,
images/000615.jpg,0.0,0.5,fpv,1777627353.3134713,1,0,fpv_remote_remote,,,,,,,,,,
images/000616.jpg,0.0,0.5,fpv,1777627353.4433053,1,0,fpv_remote_remote,,,,,,,,,,
images/000617.jpg,0.0,0.5,fpv,1777627353.5738165,1,0,fpv_remote_remote,,,,,,,,,,
images/000618.jpg,0.0,0.5,fpv,1777627353.700517,1,0,fpv_remote_remote,,,,,,,,,,
images/000619.jpg,0.0,0.5,fpv,1777627353.8275328,1,0,fpv_remote_remote,,,,,,,,,,
images/000620.jpg,0.0,0.5,fpv,1777627353.9556544,1,0,fpv_remote_remote,,,,,,,,,,
images/000621.jpg,0.5443525498214667,0.5,fpv,1777627354.0836535,1,0,fpv_remote_remote,,,,,,,,,,
images/000622.jpg,0.0,0.5,fpv,1777627354.2111347,1,0,fpv_remote_remote,,,,,,,,,,
images/000623.jpg,0.0,0.5,fpv,1777627354.338689,1,0,fpv_remote_remote,,,,,,,,,,
images/000624.jpg,0.0,0.5,fpv,1777627354.4650445,1,0,fpv_remote_remote,,,,,,,,,,
images/000625.jpg,0.0,0.5,fpv,1777627354.592075,1,0,fpv_remote_remote,,,,,,,,,,
images/000626.jpg,0.0,0.5,fpv,1777627354.7193336,1,0,fpv_remote_remote,,,,,,,,,,
images/000627.jpg,0.0,0.5,fpv,1777627354.84711,1,0,fpv_remote_remote,,,,,,,,,,
images/000628.jpg,0.5526047547837764,0.5,fpv,1777627354.9728112,1,0,fpv_remote_remote,,,,,,,,,,
images/000629.jpg,0.8,0.5,fpv,1777627355.100149,1,0,fpv_remote_remote,,,,,,,,,,
images/000630.jpg,0.354673909726249,0.5,fpv,1777627355.226552,1,0,fpv_remote_remote,,,,,,,,,,
images/000631.jpg,0.0,0.5,fpv,1777627355.3541508,1,0,fpv_remote_remote,,,,,,,,,,
images/000632.jpg,0.0,0.5,fpv,1777627355.4800968,1,0,fpv_remote_remote,,,,,,,,,,
images/000633.jpg,0.0,0.5,fpv,1777627355.6086023,1,0,fpv_remote_remote,,,,,,,,,,
images/000634.jpg,0.0,0.5,fpv,1777627355.7348511,1,0,fpv_remote_remote,,,,,,,,,,
images/000635.jpg,0.0,0.5,fpv,1777627355.8626294,1,0,fpv_remote_remote,,,,,,,,,,
images/000636.jpg,0.0,0.5,fpv,1777627355.987587,1,0,fpv_remote_remote,,,,,,,,,,
images/000637.jpg,0.8,0.5,fpv,1777627356.1154094,1,0,fpv_remote_remote,,,,,,,,,,
images/000638.jpg,0.0,0.5,fpv,1777627356.2458072,1,0,fpv_remote_remote,,,,,,,,,,
images/000639.jpg,0.0,0.5,fpv,1777627356.373899,1,0,fpv_remote_remote,,,,,,,,,,
images/000640.jpg,0.0,0.5,fpv,1777627356.500839,1,0,fpv_remote_remote,,,,,,,,,,
images/000641.jpg,0.0,0.5,fpv,1777627356.6294906,1,0,fpv_remote_remote,,,,,,,,,,
images/000642.jpg,0.0,0.5,fpv,1777627356.7556665,1,0,fpv_remote_remote,,,,,,,,,,
images/000643.jpg,0.0,0.5,fpv,1777627356.8833895,1,0,fpv_remote_remote,,,,,,,,,,
images/000644.jpg,0.8,0.5,fpv,1777627357.0112078,1,0,fpv_remote_remote,,,,,,,,,,
images/000645.jpg,0.0,0.5,fpv,1777627357.13943,1,0,fpv_remote_remote,,,,,,,,,,
images/000646.jpg,0.0,0.5,fpv,1777627357.2672067,1,0,fpv_remote_remote,,,,,,,,,,
images/000647.jpg,0.0,0.5,fpv,1777627357.395088,1,0,fpv_remote_remote,,,,,,,,,,
images/000648.jpg,0.0,0.5,fpv,1777627357.5223157,1,0,fpv_remote_remote,,,,,,,,,,
images/000649.jpg,0.0,0.5,fpv,1777627357.6491742,1,0,fpv_remote_remote,,,,,,,,,,
images/000650.jpg,0.0,0.5,fpv,1777627357.776785,1,0,fpv_remote_remote,,,,,,,,,,
images/000651.jpg,0.0,0.5,fpv,1777627357.903235,1,0,fpv_remote_remote,,,,,,,,,,
images/000652.jpg,0.0,0.5,fpv,1777627358.0310152,1,0,fpv_remote_remote,,,,,,,,,,
images/000653.jpg,-0.5195959349345378,0.5,fpv,1777627358.1593254,1,0,fpv_remote_remote,,,,,,,,,,
images/000654.jpg,-0.8,0.5,fpv,1777627358.2882993,1,0,fpv_remote_remote,,,,,,,,,,
images/000655.jpg,0.0,0.5,fpv,1777627358.4155052,1,0,fpv_remote_remote,,,,,,,,,,
images/000656.jpg,0.0,0.5,fpv,1777627358.5435987,1,0,fpv_remote_remote,,,,,,,,,,
images/000657.jpg,0.0,0.5,fpv,1777627358.6703334,1,0,fpv_remote_remote,,,,,,,,,,
images/000658.jpg,0.0,0.5,fpv,1777627358.797652,1,0,fpv_remote_remote,,,,,,,,,,
images/000659.jpg,0.0,0.5,fpv,1777627358.9238405,1,0,fpv_remote_remote,,,,,,,,,,
images/000660.jpg,0.0,0.5,fpv,1777627359.0526843,1,0,fpv_remote_remote,,,,,,,,,,
images/000661.jpg,0.0,0.5,fpv,1777627359.179627,1,0,fpv_remote_remote,,,,,,,,,,
images/000662.jpg,0.0,0.5,fpv,1777627359.3107862,1,0,fpv_remote_remote,,,,,,,,,,
images/000663.jpg,0.0,0.5,fpv,1777627359.4390562,1,0,fpv_remote_remote,,,,,,,,,,
images/000664.jpg,0.0,0.5,fpv,1777627359.5666575,1,0,fpv_remote_remote,,,,,,,,,,
images/000665.jpg,0.0,0.5,fpv,1777627359.6921732,1,0,fpv_remote_remote,,,,,,,,,,
images/000666.jpg,0.8,0.5,fpv,1777627359.8206246,1,0,fpv_remote_remote,,,,,,,,,,
images/000667.jpg,0.8,0.5,fpv,1777627359.9482105,1,0,fpv_remote_remote,,,,,,,,,,
images/000668.jpg,0.0,0.5,fpv,1777627360.0755136,1,0,fpv_remote_remote,,,,,,,,,,
images/000669.jpg,0.0,0.5,fpv,1777627360.2038553,1,0,fpv_remote_remote,,,,,,,,,,
images/000670.jpg,0.0,0.5,fpv,1777627360.3323295,1,0,fpv_remote_remote,,,,,,,,,,
images/000671.jpg,0.0,0.5,fpv,1777627360.4603302,1,0,fpv_remote_remote,,,,,,,,,,
images/000672.jpg,0.8,0.5,fpv,1777627360.5878575,1,0,fpv_remote_remote,,,,,,,,,,
images/000673.jpg,0.8,0.5,fpv,1777627360.716077,1,0,fpv_remote_remote,,,,,,,,,,
images/000674.jpg,0.8,0.5,fpv,1777627360.8421614,1,0,fpv_remote_remote,,,,,,,,,,
images/000675.jpg,0.0,0.5,fpv,1777627360.9686525,1,0,fpv_remote_remote,,,,,,,,,,
images/000676.jpg,0.0,0.5,fpv,1777627361.0945854,1,0,fpv_remote_remote,,,,,,,,,,
images/000677.jpg,0.0,0.5,fpv,1777627361.2222104,1,0,fpv_remote_remote,,,,,,,,,,
images/000678.jpg,-0.8,0.5,fpv,1777627361.3505123,1,0,fpv_remote_remote,,,,,,,,,,
images/000679.jpg,-0.8,0.5,fpv,1777627361.4800906,1,0,fpv_remote_remote,,,,,,,,,,
images/000680.jpg,-0.8,0.5,fpv,1777627361.6069407,1,0,fpv_remote_remote,,,,,,,,,,
images/000681.jpg,-0.8,0.5,fpv,1777627361.7345777,1,0,fpv_remote_remote,,,,,,,,,,
images/000682.jpg,-0.8,0.5,fpv,1777627361.8605337,1,0,fpv_remote_remote,,,,,,,,,,
images/000683.jpg,-0.4866115298928801,0.5,fpv,1777627361.9882681,1,0,fpv_remote_remote,,,,,,,,,,
images/000684.jpg,-0.4866115298928801,0.5,fpv,1777627362.1155765,1,0,fpv_remote_remote,,,,,,,,,,
images/000685.jpg,-0.43712271492660304,0.5,fpv,1777627362.2442029,1,0,fpv_remote_remote,,,,,,,,,,
images/000686.jpg,0.0,0.5,fpv,1777627362.372099,1,0,fpv_remote_remote,,,,,,,,,,
images/000687.jpg,0.8,0.5,fpv,1777627362.4989624,1,0,fpv_remote_remote,,,,,,,,,,
images/000688.jpg,0.8,0.5,fpv,1777627362.6236136,1,0,fpv_remote_remote,,,,,,,,,,
images/000689.jpg,0.8,0.5,fpv,1777627362.7520964,1,0,fpv_remote_remote,,,,,,,,,,
images/000690.jpg,0.8,0.5,fpv,1777627362.8781686,1,0,fpv_remote_remote,,,,,,,,,,
images/000691.jpg,0.0,0.5,fpv,1777627363.0065706,1,0,fpv_remote_remote,,,,,,,,,,
images/000692.jpg,0.0,0.5,fpv,1777627363.133417,1,0,fpv_remote_remote,,,,,,,,,,
images/000693.jpg,0.0,0.5,fpv,1777627363.2613854,1,0,fpv_remote_remote,,,,,,,,,,
images/000694.jpg,0.8,0.5,fpv,1777627363.3905997,1,0,fpv_remote_remote,,,,,,,,,,
images/000695.jpg,0.0,0.5,fpv,1777627363.5174034,1,0,fpv_remote_remote,,,,,,,,,,
images/000696.jpg,0.0,0.5,fpv,1777627363.6462483,1,0,fpv_remote_remote,,,,,,,,,,
images/000697.jpg,0.8,0.5,fpv,1777627363.7746265,1,0,fpv_remote_remote,,,,,,,,,,
images/000698.jpg,0.8,0.5,fpv,1777627363.902531,1,0,fpv_remote_remote,,,,,,,,,,
images/000699.jpg,0.8,0.5,fpv,1777627364.0290446,1,0,fpv_remote_remote,,,,,,,,,,
images/000700.jpg,0.0,0.5,fpv,1777627364.1585968,1,0,fpv_remote_remote,,,,,,,,,,
images/000701.jpg,0.0,0.5,fpv,1777627364.2864163,1,0,fpv_remote_remote,,,,,,,,,,
images/000702.jpg,0.0,0.5,fpv,1777627364.414272,1,0,fpv_remote_remote,,,,,,,,,,
images/000703.jpg,0.0,0.5,fpv,1777627364.5406742,1,0,fpv_remote_remote,,,,,,,,,,
images/000704.jpg,0.0,0.5,fpv,1777627364.6702375,1,0,fpv_remote_remote,,,,,,,,,,
images/000705.jpg,0.0,0.5,fpv,1777627364.7981377,1,0,fpv_remote_remote,,,,,,,,,,
images/000706.jpg,0.0,0.5,fpv,1777627364.9253173,1,0,fpv_remote_remote,,,,,,,,,,
images/000707.jpg,0.0,0.5,fpv,1777627365.051752,1,0,fpv_remote_remote,,,,,,,,,,
images/000708.jpg,0.0,0.5,fpv,1777627365.1795263,1,0,fpv_remote_remote,,,,,,,,,,
images/000709.jpg,0.0,0.5,fpv,1777627365.3072627,1,0,fpv_remote_remote,,,,,,,,,,
images/000710.jpg,-0.43712271492660304,0.5,fpv,1777627365.4350488,1,0,fpv_remote_remote,,,,,,,,,,
images/000711.jpg,0.0,0.5,fpv,1777627365.5632672,1,0,fpv_remote_remote,,,,,,,,,,
images/000712.jpg,0.0,0.5,fpv,1777627365.6902652,1,0,fpv_remote_remote,,,,,,,,,,
images/000713.jpg,0.0,0.5,fpv,1777627365.8174975,1,0,fpv_remote_remote,,,,,,,,,,
images/000714.jpg,0.0,0.5,fpv,1777627365.9431477,1,0,fpv_remote_remote,,,,,,,,,,
images/000715.jpg,0.0,0.5,fpv,1777627366.0709167,1,0,fpv_remote_remote,,,,,,,,,,
images/000716.jpg,0.0,0.5,fpv,1777627366.197473,1,0,fpv_remote_remote,,,,,,,,,,
images/000717.jpg,-0.8,0.5,fpv,1777627366.3252623,1,0,fpv_remote_remote,,,,,,,,,,
images/000718.jpg,-0.8,0.5,fpv,1777627366.4538145,1,0,fpv_remote_remote,,,,,,,,,,
images/000719.jpg,-0.47835932493057043,0.5,fpv,1777627366.5820203,1,0,fpv_remote_remote,,,,,,,,,,
images/000720.jpg,-0.34639728995635855,0.5,fpv,1777627366.709574,1,0,fpv_remote_remote,,,,,,,,,,
images/000721.jpg,0.0,0.5,fpv,1777627366.8376584,1,0,fpv_remote_remote,,,,,,,,,,
images/000722.jpg,0.0,0.5,fpv,1777627366.9641995,1,0,fpv_remote_remote,,,,,,,,,,
images/000723.jpg,0.0,0.5,fpv,1777627367.0915225,1,0,fpv_remote_remote,,,,,,,,,,
images/000724.jpg,0.8,0.5,fpv,1777627367.2173333,1,0,fpv_remote_remote,,,,,,,,,,
images/000725.jpg,0.0,0.5,fpv,1777627367.3461697,1,0,fpv_remote_remote,,,,,,,,,,
images/000726.jpg,0.0,0.5,fpv,1777627367.471086,1,0,fpv_remote_remote,,,,,,,,,,
images/000727.jpg,0.0,0.5,fpv,1777627367.5985472,1,0,fpv_remote_remote,,,,,,,,,,
images/000728.jpg,0.0,0.5,fpv,1777627367.7252808,1,0,fpv_remote_remote,,,,,,,,,,
images/000729.jpg,0.0,0.5,fpv,1777627367.8524666,1,0,fpv_remote_remote,,,,,,,,,,
images/000730.jpg,0.0,0.5,fpv,1777627367.98032,1,0,fpv_remote_remote,,,,,,,,,,
images/000731.jpg,0.0,0.5,fpv,1777627368.1069844,1,0,fpv_remote_remote,,,,,,,,,,
images/000732.jpg,0.8,0.5,fpv,1777627368.2345598,1,0,fpv_remote_remote,,,,,,,,,,
images/000733.jpg,0.8,0.5,fpv,1777627368.3617837,1,0,fpv_remote_remote,,,,,,,,,,
images/000734.jpg,0.0,0.5,fpv,1777627368.4891834,1,0,fpv_remote_remote,,,,,,,,,,
images/000735.jpg,0.0,0.5,fpv,1777627368.615085,1,0,fpv_remote_remote,,,,,,,,,,
images/000736.jpg,0.0,0.5,fpv,1777627368.7418654,1,0,fpv_remote_remote,,,,,,,,,,
images/000737.jpg,0.0,0.5,fpv,1777627368.868469,1,0,fpv_remote_remote,,,,,,,,,,
images/000738.jpg,0.0,0.5,fpv,1777627368.9964416,1,0,fpv_remote_remote,,,,,,,,,,
images/000739.jpg,0.0,0.5,fpv,1777627369.1245127,1,0,fpv_remote_remote,,,,,,,,,,
images/000740.jpg,0.8,0.5,fpv,1777627369.253771,1,0,fpv_remote_remote,,,,,,,,,,
images/000741.jpg,0.2391918698690756,0.5,fpv,1777627369.3800912,1,0,fpv_remote_remote,,,,,,,,,,
images/000742.jpg,0.0,0.5,fpv,1777627369.509139,1,0,fpv_remote_remote,,,,,,,,,,
images/000743.jpg,0.0,0.5,fpv,1777627369.6347244,1,0,fpv_remote_remote,,,,,,,,,,
images/000744.jpg,0.0,0.5,fpv,1777627369.7627287,1,0,fpv_remote_remote,,,,,,,,,,
images/000745.jpg,0.0,0.5,fpv,1777627369.8907561,1,0,fpv_remote_remote,,,,,,,,,,
images/000746.jpg,0.0,0.5,fpv,1777627370.0191472,1,0,fpv_remote_remote,,,,,,,,,,
images/000747.jpg,0.0,0.5,fpv,1777627370.145333,1,0,fpv_remote_remote,,,,,,,,,,
images/000748.jpg,0.16497085482345042,0.5,fpv,1777627370.2735493,1,0,fpv_remote_remote,,,,,,,,,,
images/000749.jpg,0.8,0.5,fpv,1777627370.3999772,1,0,fpv_remote_remote,,,,,,,,,,
images/000750.jpg,0.0,0.5,fpv,1777627370.5275998,1,0,fpv_remote_remote,,,,,,,,,,
images/000751.jpg,0.0,0.5,fpv,1777627370.6528625,1,0,fpv_remote_remote,,,,,,,,,,
images/000752.jpg,0.0,0.5,fpv,1777627370.780307,1,0,fpv_remote_remote,,,,,,,,,,
images/000753.jpg,0.280428479873043,0.5,fpv,1777627370.9068558,1,0,fpv_remote_remote,,,,,,,,,,
images/000754.jpg,0.767040009765923,0.5,fpv,1777627371.0340164,1,0,fpv_remote_remote,,,,,,,,,,
images/000755.jpg,0.0,0.5,fpv,1777627371.1600385,1,0,fpv_remote_remote,,,,,,,,,,
images/000756.jpg,0.0,0.5,fpv,1777627371.2882133,1,0,fpv_remote_remote,,,,,,,,,,
images/000757.jpg,0.8,0.5,fpv,1777627371.4153626,1,0,fpv_remote_remote,,,,,,,,,,
images/000758.jpg,0.0,0.5,fpv,1777627371.5419402,1,0,fpv_remote_remote,,,,,,,,,,
images/000759.jpg,0.0,0.5,fpv,1777627371.6694672,1,0,fpv_remote_remote,,,,,,,,,,
images/000760.jpg,0.0,0.5,fpv,1777627371.7973716,1,0,fpv_remote_remote,,,,,,,,,,
images/000761.jpg,0.0,0.5,fpv,1777627371.9245913,1,0,fpv_remote_remote,,,,,,,,,,
images/000762.jpg,0.0,0.5,fpv,1777627372.052171,1,0,fpv_remote_remote,,,,,,,,,,
images/000763.jpg,-0.8,0.5,fpv,1777627372.1793065,1,0,fpv_remote_remote,,,,,,,,,,
images/000764.jpg,0.0,0.5,fpv,1777627372.306269,1,0,fpv_remote_remote,,,,,,,,,,
images/000765.jpg,0.0,0.5,fpv,1777627372.4328299,1,0,fpv_remote_remote,,,,,,,,,,
images/000766.jpg,0.0,0.5,fpv,1777627372.5602584,1,0,fpv_remote_remote,,,,,,,,,,
images/000767.jpg,0.0,0.5,fpv,1777627372.6858542,1,0,fpv_remote_remote,,,,,,,,,,
images/000768.jpg,0.0,0.5,fpv,1777627372.8129108,1,0,fpv_remote_remote,,,,,,,,,,
images/000769.jpg,0.0,0.5,fpv,1777627372.9428904,1,0,fpv_remote_remote,,,,,,,,,,
images/000770.jpg,-0.8,0.5,fpv,1777627373.0703776,1,0,fpv_remote_remote,,,,,,,,,,
images/000771.jpg,-0.8,0.5,fpv,1777627373.1987243,1,0,fpv_remote_remote,,,,,,,,,,
images/000772.jpg,0.0,0.5,fpv,1777627373.3265328,1,0,fpv_remote_remote,,,,,,,,,,
images/000773.jpg,0.0,0.5,fpv,1777627373.45494,1,0,fpv_remote_remote,,,,,,,,,,
images/000774.jpg,0.0,0.5,fpv,1777627373.5818183,1,0,fpv_remote_remote,,,,,,,,,,
images/000775.jpg,0.0,0.5,fpv,1777627373.7088974,1,0,fpv_remote_remote,,,,,,,,,,
images/000776.jpg,0.0,0.5,fpv,1777627373.8361077,1,0,fpv_remote_remote,,,,,,,,,,
images/000777.jpg,0.8,0.5,fpv,1777627373.9641333,1,0,fpv_remote_remote,,,,,,,,,,
images/000778.jpg,0.8,0.5,fpv,1777627374.0910976,1,0,fpv_remote_remote,,,,,,,,,,
images/000779.jpg,0.2556962797936949,0.5,fpv,1777627374.2190382,1,0,fpv_remote_remote,,,,,,,,,,
images/000780.jpg,0.0,0.5,fpv,1777627374.348258,1,0,fpv_remote_remote,,,,,,,,,,
images/000781.jpg,0.5031159398174994,0.5,fpv,1777627374.476097,1,0,fpv_remote_remote,,,,,,,,,,
images/000782.jpg,0.8,0.5,fpv,1777627374.6029882,1,0,fpv_remote_remote,,,,,,,,,,
images/000783.jpg,0.0,0.5,fpv,1777627374.7318552,1,0,fpv_remote_remote,,,,,,,,,,
images/000784.jpg,0.0,0.5,fpv,1777627374.8581085,1,0,fpv_remote_remote,,,,,,,,,,
images/000785.jpg,0.0,0.5,fpv,1777627374.986305,1,0,fpv_remote_remote,,,,,,,,,,
images/000786.jpg,0.6268257698294016,0.5,fpv,1777627375.114039,1,0,fpv_remote_remote,,,,,,,,,,
images/000787.jpg,0.8,0.5,fpv,1777627375.2426095,1,0,fpv_remote_remote,,,,,,,,,,
images/000788.jpg,0.8,0.5,fpv,1777627375.3693051,1,0,fpv_remote_remote,,,,,,,,,,
images/000789.jpg,0.6598345896786402,0.5,fpv,1777627375.4957507,1,0,fpv_remote_remote,,,,,,,,,,
images/000790.jpg,0.668062379833369,0.5,fpv,1777627375.6238155,1,0,fpv_remote_remote,,,,,,,,,,
images/000791.jpg,0.0,0.5,fpv,1777627375.752089,1,0,fpv_remote_remote,,,,,,,,,,
images/000792.jpg,0.0,0.5,fpv,1777627375.881113,1,0,fpv_remote_remote,,,,,,,,,,
images/000793.jpg,-0.8,0.5,fpv,1777627376.0079856,1,0,fpv_remote_remote,,,,,,,,,,
images/000794.jpg,-0.8,0.5,fpv,1777627376.1355178,1,0,fpv_remote_remote,,,,,,,,,,
images/000795.jpg,-0.8,0.5,fpv,1777627376.2632103,1,0,fpv_remote_remote,,,,,,,,,,
images/000796.jpg,-0.8,0.5,fpv,1777627376.391884,1,0,fpv_remote_remote,,,,,,,,,,
images/000797.jpg,-0.8,0.5,fpv,1777627376.5184884,1,0,fpv_remote_remote,,,,,,,,,,
images/000798.jpg,-0.8,0.5,fpv,1777627376.6489003,1,0,fpv_remote_remote,,,,,,,,,,
images/000799.jpg,-0.8,0.5,fpv,1777627376.7759748,1,0,fpv_remote_remote,,,,,,,,,,
images/000800.jpg,-0.7175267799920653,0.5,fpv,1777627376.9052124,1,0,fpv_remote_remote,,,,,,,,,,
images/000801.jpg,0.8,0.5,fpv,1777627377.033465,1,0,fpv_remote_remote,,,,,,,,,,
images/000802.jpg,0.0,0.5,fpv,1777627377.1613626,1,0,fpv_remote_remote,,,,,,,,,,
images/000803.jpg,0.0,0.5,fpv,1777627377.2876863,1,0,fpv_remote_remote,,,,,,,,,,
images/000804.jpg,0.0,0.5,fpv,1777627377.4163468,1,0,fpv_remote_remote,,,,,,,,,,
images/000805.jpg,0.0,0.5,fpv,1777627377.545663,1,0,fpv_remote_remote,,,,,,,,,,
images/000806.jpg,0.8,0.5,fpv,1777627377.674202,1,0,fpv_remote_remote,,,,,,,,,,
images/000807.jpg,0.8,0.5,fpv,1777627377.8030372,1,0,fpv_remote_remote,,,,,,,,,,
images/000808.jpg,0.8,0.5,fpv,1777627377.930313,1,0,fpv_remote_remote,,,,,,,,,,
images/000809.jpg,0.8,0.5,fpv,1777627378.057896,1,0,fpv_remote_remote,,,,,,,,,,
images/000810.jpg,0.8,0.5,fpv,1777627378.1859515,1,0,fpv_remote_remote,,,,,,,,,,
images/000811.jpg,0.0,0.5,fpv,1777627378.3138983,1,0,fpv_remote_remote,,,,,,,,,,
images/000812.jpg,0.0,0.5,fpv,1777627378.4400237,1,0,fpv_remote_remote,,,,,,,,,,
images/000813.jpg,0.0,0.5,fpv,1777627378.566629,1,0,fpv_remote_remote,,,,,,,,,,
images/000814.jpg,0.0,0.5,fpv,1777627378.692281,1,0,fpv_remote_remote,,,,,,,,,,
images/000815.jpg,0.0,0.5,fpv,1777627378.8201654,1,0,fpv_remote_remote,,,,,,,,,,
images/000816.jpg,0.0,0.5,fpv,1777627378.946763,1,0,fpv_remote_remote,,,,,,,,,,
images/000817.jpg,0.0,0.5,fpv,1777627379.0746295,1,0,fpv_remote_remote,,,,,,,,,,
images/000818.jpg,-0.4701071199682607,0.5,fpv,1777627379.2017632,1,0,fpv_remote_remote,,,,,,,,,,
images/000819.jpg,-0.8,0.5,fpv,1777627379.3280458,1,0,fpv_remote_remote,,,,,,,,,,
images/000820.jpg,0.0,0.5,fpv,1777627379.4563766,1,0,fpv_remote_remote,,,,,,,,,,
images/000821.jpg,0.0,0.5,fpv,1777627379.5837293,1,0,fpv_remote_remote,,,,,,,,,,
images/000822.jpg,0.0,0.5,fpv,1777627379.7117682,1,0,fpv_remote_remote,,,,,,,,,,
images/000823.jpg,0.0,0.5,fpv,1777627379.8401,1,0,fpv_remote_remote,,,,,,,,,,
images/000824.jpg,0.0,0.5,fpv,1777627379.9658253,1,0,fpv_remote_remote,,,,,,,,,,
images/000825.jpg,0.0,0.5,fpv,1777627380.0945258,1,0,fpv_remote_remote,,,,,,,,,,
images/000826.jpg,0.0,0.5,fpv,1777627380.2206845,1,0,fpv_remote_remote,,,,,,,,,,
images/000827.jpg,0.0,0.5,fpv,1777627380.3498194,1,0,fpv_remote_remote,,,,,,,,,,
images/000828.jpg,0.0,0.5,fpv,1777627380.4752614,1,0,fpv_remote_remote,,,,,,,,,,
images/000829.jpg,0.0,0.5,fpv,1777627380.603126,1,0,fpv_remote_remote,,,,,,,,,,
images/000830.jpg,0.0,0.5,fpv,1777627380.7302752,1,0,fpv_remote_remote,,,,,,,,,,
images/000831.jpg,0.8,0.5,fpv,1777627380.857052,1,0,fpv_remote_remote,,,,,,,,,,
images/000832.jpg,0.0,0.5,fpv,1777627380.9841766,1,0,fpv_remote_remote,,,,,,,,,,
images/000833.jpg,0.0,0.5,fpv,1777627381.1131418,1,0,fpv_remote_remote,,,,,,,,,,
images/000834.jpg,0.0,0.5,fpv,1777627381.2397203,1,0,fpv_remote_remote,,,,,,,,,,
images/000835.jpg,0.0,0.5,fpv,1777627381.3662813,1,0,fpv_remote_remote,,,,,,,,,,
images/000836.jpg,0.0,0.5,fpv,1777627381.494233,1,0,fpv_remote_remote,,,,,,,,,,
images/000837.jpg,0.0,0.5,fpv,1777627381.6221085,1,0,fpv_remote_remote,,,,,,,,,,
images/000838.jpg,0.2969328897976623,0.5,fpv,1777627381.749474,1,0,fpv_remote_remote,,,,,,,,,,
images/000839.jpg,0.8,0.5,fpv,1777627381.875311,1,0,fpv_remote_remote,,,,,,,,,,
images/000840.jpg,0.0,0.5,fpv,1777627382.000491,1,0,fpv_remote_remote,,,,,,,,,,
images/000841.jpg,0.0,0.5,fpv,1777627382.1278288,1,0,fpv_remote_remote,,,,,,,,,,
images/000842.jpg,0.0,0.5,fpv,1777627382.2562952,1,0,fpv_remote_remote,,,,,,,,,,
images/000843.jpg,0.0,0.5,fpv,1777627382.3832262,1,0,fpv_remote_remote,,,,,,,,,,
images/000844.jpg,0.0,0.5,fpv,1777627382.5114038,1,0,fpv_remote_remote,,,,,,,,,,
images/000845.jpg,0.0,0.5,fpv,1777627382.6390905,1,0,fpv_remote_remote,,,,,,,,,,
images/000846.jpg,0.0,0.5,fpv,1777627382.766839,1,0,fpv_remote_remote,,,,,,,,,,
images/000847.jpg,0.0,0.5,fpv,1777627382.8933363,1,0,fpv_remote_remote,,,,,,,,,,
images/000848.jpg,0.0,0.5,fpv,1777627383.0215905,1,0,fpv_remote_remote,,,,,,,,,,
images/000849.jpg,0.0,0.5,fpv,1777627383.1481805,1,0,fpv_remote_remote,,,,,,,,,,
images/000850.jpg,0.0,0.5,fpv,1777627383.2775104,1,0,fpv_remote_remote,,,,,,,,,,
images/000851.jpg,0.0,0.5,fpv,1777627383.405215,1,0,fpv_remote_remote,,,,,,,,,,
images/000852.jpg,0.0,0.5,fpv,1777627383.533456,1,0,fpv_remote_remote,,,,,,,,,,
images/000853.jpg,0.0,0.5,fpv,1777627383.6615682,1,0,fpv_remote_remote,,,,,,,,,,
images/000854.jpg,0.0,0.5,fpv,1777627383.7875845,1,0,fpv_remote_remote,,,,,,,,,,
images/000855.jpg,0.4783837397381512,0.5,fpv,1777627383.9154105,1,0,fpv_remote_remote,,,,,,,,,,
images/000856.jpg,0.5278725547044283,0.5,fpv,1777627384.0425277,1,0,fpv_remote_remote,,,,,,,,,,
images/000857.jpg,0.7093234046449172,0.5,fpv,1777627384.1727552,1,0,fpv_remote_remote,,,,,,,,,,
images/000858.jpg,0.8,0.5,fpv,1777627384.2995217,1,0,fpv_remote_remote,,,,,,,,,,
images/000859.jpg,0.8,0.5,fpv,1777627384.4280424,1,0,fpv_remote_remote,,,,,,,,,,
images/000860.jpg,0.0,0.5,fpv,1777627384.5552914,1,0,fpv_remote_remote,,,,,,,,,,
images/000861.jpg,0.0,0.5,fpv,1777627384.6843174,1,0,fpv_remote_remote,,,,,,,,,,
images/000862.jpg,0.0,0.5,fpv,1777627384.811247,1,0,fpv_remote_remote,,,,,,,,,,
images/000863.jpg,0.0,0.5,fpv,1777627384.9391086,1,0,fpv_remote_remote,,,,,,,,,,
images/000864.jpg,-0.23091525009918518,0.5,fpv,1777627385.0649848,1,0,fpv_remote_remote,,,,,,,,,,
images/000865.jpg,-0.5443281350138859,0.5,fpv,1777627385.1930826,1,0,fpv_remote_remote,,,,,,,,,,
images/000866.jpg,0.0,0.5,fpv,1777627385.3205924,1,0,fpv_remote_remote,,,,,,,,,,
images/000867.jpg,0.0,0.5,fpv,1777627385.4492185,1,0,fpv_remote_remote,,,,,,,,,,
images/000868.jpg,0.0,0.5,fpv,1777627385.5769603,1,0,fpv_remote_remote,,,,,,,,,,
images/000869.jpg,0.0,0.5,fpv,1777627385.7040331,1,0,fpv_remote_remote,,,,,,,,,,
images/000870.jpg,0.0,0.5,fpv,1777627385.8312776,1,0,fpv_remote_remote,,,,,,,,,,
images/000871.jpg,0.0,0.5,fpv,1777627385.959434,1,0,fpv_remote_remote,,,,,,,,,,
images/000872.jpg,-0.5030915250099185,0.5,fpv,1777627386.0893369,1,0,fpv_remote_remote,,,,,,,,,,
images/000873.jpg,0.0,0.5,fpv,1777627386.2163806,1,0,fpv_remote_remote,,,,,,,,,,
images/000874.jpg,0.0,0.5,fpv,1777627386.3456197,1,0,fpv_remote_remote,,,,,,,,,,
images/000875.jpg,0.0,0.5,fpv,1777627386.4723794,1,0,fpv_remote_remote,,,,,,,,,,
images/000876.jpg,0.0,0.5,fpv,1777627386.600678,1,0,fpv_remote_remote,,,,,,,,,,
images/000877.jpg,0.0,0.5,fpv,1777627386.7272606,1,0,fpv_remote_remote,,,,,,,,,,
images/000878.jpg,0.0,0.5,fpv,1777627386.8553407,1,0,fpv_remote_remote,,,,,,,,,,
images/000879.jpg,-0.6515579699087497,0.5,fpv,1777627386.9813058,1,0,fpv_remote_remote,,,,,,,,,,
images/000880.jpg,-0.12370983001190222,0.5,fpv,1777627387.1105795,1,0,fpv_remote_remote,,,,,,,,,,
images/000881.jpg,0.0,0.5,fpv,1777627387.2376182,1,0,fpv_remote_remote,,,,,,,,,,
images/000882.jpg,0.0,0.5,fpv,1777627387.3661528,1,0,fpv_remote_remote,,,,,,,,,,
images/000883.jpg,0.0,0.5,fpv,1777627387.4939494,1,0,fpv_remote_remote,,,,,,,,,,
images/000884.jpg,0.0,0.5,fpv,1777627387.622202,1,0,fpv_remote_remote,,,,,,,,,,
images/000885.jpg,0.8,0.5,fpv,1777627387.7494059,1,0,fpv_remote_remote,,,,,,,,,,
images/000886.jpg,0.8,0.5,fpv,1777627387.8763294,1,0,fpv_remote_remote,,,,,,,,,,
images/000887.jpg,0.8,0.5,fpv,1777627388.0046816,1,0,fpv_remote_remote,,,,,,,,,,
images/000888.jpg,0.8,0.5,fpv,1777627388.1337047,1,0,fpv_remote_remote,,,,,,,,,,
images/000889.jpg,0.8,0.5,fpv,1777627388.2622325,1,0,fpv_remote_remote,,,,,,,,,,
images/000890.jpg,0.0,0.5,fpv,1777627388.3894408,1,0,fpv_remote_remote,,,,,,,,,,
images/000891.jpg,0.0,0.5,fpv,1777627388.5182402,1,0,fpv_remote_remote,,,,,,,,,,
images/000892.jpg,0.0,0.5,fpv,1777627388.6442785,1,0,fpv_remote_remote,,,,,,,,,,
images/000893.jpg,-0.8,0.5,fpv,1777627388.7734914,1,0,fpv_remote_remote,,,,,,,,,,
images/000894.jpg,-0.8,0.5,fpv,1777627388.9012175,1,0,fpv_remote_remote,,,,,,,,,,
images/000895.jpg,0.0,0.5,fpv,1777627389.0308628,1,0,fpv_remote_remote,,,,,,,,,,
images/000896.jpg,0.0,0.5,fpv,1777627389.1587484,1,0,fpv_remote_remote,,,,,,,,,,
images/000897.jpg,0.0,0.5,fpv,1777627389.286106,1,0,fpv_remote_remote,,,,,,,,,,
images/000898.jpg,0.0,0.5,fpv,1777627389.4140894,1,0,fpv_remote_remote,,,,,,,,,,
images/000899.jpg,0.0,0.5,fpv,1777627389.5417204,1,0,fpv_remote_remote,,,,,,,,,,
images/000900.jpg,0.0,0.5,fpv,1777627389.670502,1,0,fpv_remote_remote,,,,,,,,,,
images/000901.jpg,0.0,0.5,fpv,1777627389.7964892,1,0,fpv_remote_remote,,,,,,,,,,
images/000902.jpg,0.0,0.5,fpv,1777627389.9245791,1,0,fpv_remote_remote,,,,,,,,,,
images/000903.jpg,0.0,0.5,fpv,1777627390.0509486,1,0,fpv_remote_remote,,,,,,,,,,
images/000904.jpg,0.0,0.5,fpv,1777627390.1784768,1,0,fpv_remote_remote,,,,,,,,,,
images/000905.jpg,0.0,0.5,fpv,1777627390.3061187,1,0,fpv_remote_remote,,,,,,,,,,
images/000906.jpg,0.0,0.5,fpv,1777627390.4357328,1,0,fpv_remote_remote,,,,,,,,,,
images/000907.jpg,0.0,0.5,fpv,1777627390.5627456,1,0,fpv_remote_remote,,,,,,,,,,
images/000908.jpg,0.0,0.5,fpv,1777627390.6905656,1,0,fpv_remote_remote,,,,,,,,,,
images/000909.jpg,0.0,0.5,fpv,1777627390.8166778,1,0,fpv_remote_remote,,,,,,,,,,
images/000910.jpg,0.0,0.5,fpv,1777627390.945152,1,0,fpv_remote_remote,,,,,,,,,,
images/000911.jpg,0.8,0.5,fpv,1777627391.072517,1,0,fpv_remote_remote,,,,,,,,,,
images/000912.jpg,0.8,0.5,fpv,1777627391.1991363,1,0,fpv_remote_remote,,,,,,,,,,
images/000913.jpg,0.8,0.5,fpv,1777627391.3265,1,0,fpv_remote_remote,,,,,,,,,,
images/000914.jpg,0.8,0.5,fpv,1777627391.45519,1,0,fpv_remote_remote,,,,,,,,,,
images/000915.jpg,0.8,0.5,fpv,1777627391.581895,1,0,fpv_remote_remote,,,,,,,,,,
images/000916.jpg,0.0,0.5,fpv,1777627391.7098556,1,0,fpv_remote_remote,,,,,,,,,,
images/000917.jpg,0.0,0.5,fpv,1777627391.836128,1,0,fpv_remote_remote,,,,,,,,,,
images/000918.jpg,0.8,0.5,fpv,1777627391.963541,1,0,fpv_remote_remote,,,,,,,,,,
images/000919.jpg,0.8,0.5,fpv,1777627392.090589,1,0,fpv_remote_remote,,,,,,,,,,
images/000920.jpg,0.0,0.5,fpv,1777627392.2173975,1,0,fpv_remote_remote,,,,,,,,,,
images/000921.jpg,0.0,0.5,fpv,1777627392.3467174,1,0,fpv_remote_remote,,,,,,,,,,
images/000922.jpg,0.0,0.5,fpv,1777627392.4749377,1,0,fpv_remote_remote,,,,,,,,,,
images/000923.jpg,0.0,0.5,fpv,1777627392.6017113,1,0,fpv_remote_remote,,,,,,,,,,
images/000924.jpg,0.0,0.5,fpv,1777627392.733803,1,0,fpv_remote_remote,,,,,,,,,,
images/000925.jpg,0.0,0.5,fpv,1777627392.8593574,1,0,fpv_remote_remote,,,,,,,,,,
images/000926.jpg,0.0,0.5,fpv,1777627392.9859586,1,0,fpv_remote_remote,,,,,,,,,,
images/000927.jpg,0.0,-0.08761864070558793,fpv,1777627393.3696332,1,0,fpv_remote_remote,,,,,,,,,,
images/000928.jpg,0.0,-0.3092745750297555,fpv,1777627393.4953861,1,0,fpv_remote_remote,,,,,,,,,,
images/000929.jpg,0.0,-0.5,fpv,1777627393.6255744,1,0,fpv_remote_remote,,,,,,,,,,
images/000930.jpg,0.0,-0.5,fpv,1777627393.752193,1,0,fpv_remote_remote,,,,,,,,,,
images/000931.jpg,0.0,-0.5,fpv,1777627393.879978,1,0,fpv_remote_remote,,,,,,,,,,
images/000932.jpg,0.0,-0.5,fpv,1777627394.0060914,1,0,fpv_remote_remote,,,,,,,,,,
images/000933.jpg,0.0,-0.5,fpv,1777627394.1349788,1,0,fpv_remote_remote,,,,,,,,,,
images/000934.jpg,0.0,-0.5,fpv,1777627394.2628996,1,0,fpv_remote_remote,,,,,,,,,,
images/000935.jpg,0.0,-0.17525254066591386,fpv,1777627394.3925555,1,0,fpv_remote_remote,,,,,,,,,,
images/000936.jpg,-0.8,0.40723899044770656,fpv,1777627395.2419558,1,0,fpv_remote_remote,,,,,,,,,,
images/000937.jpg,-0.8,0.5,fpv,1777627395.369191,1,0,fpv_remote_remote,,,,,,,,,,
images/000938.jpg,-0.5855647450178533,0.5,fpv,1777627395.4970505,1,0,fpv_remote_remote,,,,,,,,,,
images/000939.jpg,0.0,0.5,fpv,1777627395.6229494,1,0,fpv_remote_remote,,,,,,,,,,
images/000940.jpg,0.0,0.5,fpv,1777627395.7508278,1,0,fpv_remote_remote,,,,,,,,,,
images/000941.jpg,0.0,0.5,fpv,1777627395.8768733,1,0,fpv_remote_remote,,,,,,,,,,
images/000942.jpg,0.8,0.5,fpv,1777627396.006429,1,0,fpv_remote_remote,,,,,,,,,,
images/000943.jpg,0.6515823847163306,0.5,fpv,1777627396.1341603,1,0,fpv_remote_remote,,,,,,,,,,
images/000944.jpg,0.0,0.5,fpv,1777627396.262969,1,0,fpv_remote_remote,,,,,,,,,,
images/000945.jpg,0.8,0.5,fpv,1777627396.3894823,1,0,fpv_remote_remote,,,,,,,,,,
images/000946.jpg,0.8,0.5,fpv,1777627396.5176628,1,0,fpv_remote_remote,,,,,,,,,,
images/000947.jpg,0.8,0.5,fpv,1777627396.643683,1,0,fpv_remote_remote,,,,,,,,,,
images/000948.jpg,0.8,0.5,fpv,1777627396.7738469,1,0,fpv_remote_remote,,,,,,,,,,
images/000949.jpg,0.24744407483138522,0.5,fpv,1777627396.9020247,1,0,fpv_remote_remote,,,,,,,,,,
images/000950.jpg,0.0,0.37115085299233985,fpv,1777627397.0283794,1,0,fpv_remote_remote,,,,,,,,,,
images/000951.jpg,-0.1401898251289407,-0.5,fpv,1777627397.1989546,1,0,fpv_remote_remote,,,,,,,,,,
images/000952.jpg,-0.2391674550614948,-0.5,fpv,1777627397.3261127,1,0,fpv_remote_remote,,,,,,,,,,
images/000953.jpg,0.0,-0.5,fpv,1777627397.4552135,1,0,fpv_remote_remote,,,,,,,,,,
images/000954.jpg,0.0,0.5,fpv,1777627397.751398,1,0,fpv_remote_remote,,,,,,,,,,
images/000955.jpg,0.0,0.5,fpv,1777627397.8788695,1,0,fpv_remote_remote,,,,,,,,,,
images/000956.jpg,0.0,0.5,fpv,1777627398.0076578,1,0,fpv_remote_remote,,,,,,,,,,
images/000957.jpg,0.0,0.5,fpv,1777627398.135728,1,0,fpv_remote_remote,,,,,,,,,,
images/000958.jpg,0.0,0.5,fpv,1777627398.26328,1,0,fpv_remote_remote,,,,,,,,,,
images/000959.jpg,0.0,0.5,fpv,1777627398.3900528,1,0,fpv_remote_remote,,,,,,,,,,
images/000960.jpg,0.0,0.5,fpv,1777627398.5180714,1,0,fpv_remote_remote,,,,,,,,,,
images/000961.jpg,0.0,0.5,fpv,1777627398.646054,1,0,fpv_remote_remote,,,,,,,,,,
images/000962.jpg,0.0,-0.5,fpv,1777627398.8607404,1,0,fpv_remote_remote,,,,,,,,,,
images/000963.jpg,-0.8,-0.5,fpv,1777627398.989437,1,0,fpv_remote_remote,,,,,,,,,,
images/000964.jpg,-0.8,-0.5,fpv,1777627399.11651,1,0,fpv_remote_remote,,,,,,,,,,
images/000965.jpg,-0.8,-0.5,fpv,1777627399.245498,1,0,fpv_remote_remote,,,,,,,,,,
images/000966.jpg,-0.8,-0.5,fpv,1777627399.3723986,1,0,fpv_remote_remote,,,,,,,,,,
images/000967.jpg,-0.8,-0.5,fpv,1777627399.499186,1,0,fpv_remote_remote,,,,,,,,,,
images/000968.jpg,-0.8,-0.5,fpv,1777627399.6274345,1,0,fpv_remote_remote,,,,,,,,,,
images/000969.jpg,0.0,0.5,fpv,1777627399.9258208,1,0,fpv_remote_remote,,,,,,,,,,
images/000970.jpg,0.0,0.5,fpv,1777627400.0537744,1,0,fpv_remote_remote,,,,,,,,,,
images/000971.jpg,0.0,0.5,fpv,1777627400.181248,1,0,fpv_remote_remote,,,,,,,,,,
images/000972.jpg,0.0,0.5,fpv,1777627400.3088121,1,0,fpv_remote_remote,,,,,,,,,,
images/000973.jpg,0.0,0.5,fpv,1777627400.4366376,1,0,fpv_remote_remote,,,,,,,,,,
images/000974.jpg,0.0,0.5,fpv,1777627400.563481,1,0,fpv_remote_remote,,,,,,,,,,
images/000975.jpg,0.0,0.5,fpv,1777627400.6912348,1,0,fpv_remote_remote,,,,,,,,,,
images/000976.jpg,-0.8,0.5,fpv,1777627400.818721,1,0,fpv_remote_remote,,,,,,,,,,
images/000977.jpg,-0.8,0.5,fpv,1777627400.945969,1,0,fpv_remote_remote,,,,,,,,,,
images/000978.jpg,-0.8,0.5,fpv,1777627401.0719385,1,0,fpv_remote_remote,,,,,,,,,,
images/000979.jpg,-0.8,0.5,fpv,1777627401.199659,1,0,fpv_remote_remote,,,,,,,,,,
images/000980.jpg,-0.8,0.5,fpv,1777627401.3246467,1,0,fpv_remote_remote,,,,,,,,,,
images/000981.jpg,-0.3546494949186682,0.5,fpv,1777627401.453706,1,0,fpv_remote_remote,,,,,,,,,,
images/000982.jpg,0.0,0.5,fpv,1777627401.5804162,1,0,fpv_remote_remote,,,,,,,,,,
images/000983.jpg,0.0,0.5,fpv,1777627401.7072818,1,0,fpv_remote_remote,,,,,,,,,,
images/000984.jpg,0.0,0.5,fpv,1777627401.8347533,1,0,fpv_remote_remote,,,,,,,,,,
images/000985.jpg,0.0,0.5,fpv,1777627401.9627001,1,0,fpv_remote_remote,,,,,,,,,,
images/000986.jpg,0.0,0.5,fpv,1777627402.0893648,1,0,fpv_remote_remote,,,,,,,,,,
images/000987.jpg,-0.8,0.5,fpv,1777627402.2172241,1,0,fpv_remote_remote,,,,,,,,,,
images/000988.jpg,-0.8,0.5,fpv,1777627402.3451934,1,0,fpv_remote_remote,,,,,,,,,,
images/000989.jpg,-0.2639240699484237,0.5,fpv,1777627402.4718263,1,0,fpv_remote_remote,,,,,,,,,,
images/000990.jpg,0.0,0.5,fpv,1777627402.5993729,1,0,fpv_remote_remote,,,,,,,,,,
images/000991.jpg,0.0,0.5,fpv,1777627402.7250807,1,0,fpv_remote_remote,,,,,,,,,,
images/000992.jpg,0.0,0.5,fpv,1777627402.8523345,1,0,fpv_remote_remote,,,,,,,,,,
images/000993.jpg,0.0,0.5,fpv,1777627402.9781194,1,0,fpv_remote_remote,,,,,,,,,,
images/000994.jpg,0.0,0.5,fpv,1777627403.1066859,1,0,fpv_remote_remote,,,,,,,,,,
images/000995.jpg,0.0,0.5,fpv,1777627403.2333863,1,0,fpv_remote_remote,,,,,,,,,,
images/000996.jpg,0.0,0.5,fpv,1777627403.3611207,1,0,fpv_remote_remote,,,,,,,,,,
images/000997.jpg,-0.8,0.5,fpv,1777627403.486715,1,0,fpv_remote_remote,,,,,,,,,,
images/000998.jpg,0.0,0.5,fpv,1777627403.6140249,1,0,fpv_remote_remote,,,,,,,,,,
images/000999.jpg,0.0,0.5,fpv,1777627403.7400396,1,0,fpv_remote_remote,,,,,,,,,,
images/001000.jpg,0.0,0.5,fpv,1777627403.8666735,1,0,fpv_remote_remote,,,,,,,,,,
images/001001.jpg,0.0,0.5,fpv,1777627403.9956524,1,0,fpv_remote_remote,,,,,,,,,,
images/001002.jpg,0.0,0.5,fpv,1777627404.1260118,1,0,fpv_remote_remote,,,,,,,,,,
images/001003.jpg,0.0,0.5,fpv,1777627404.2548807,1,0,fpv_remote_remote,,,,,,,,,,
images/001004.jpg,0.0,0.5,fpv,1777627404.381738,1,0,fpv_remote_remote,,,,,,,,,,
images/001005.jpg,0.0,0.5,fpv,1777627404.510192,1,0,fpv_remote_remote,,,,,,,,,,
images/001006.jpg,0.8,0.5,fpv,1777627404.6360795,1,0,fpv_remote_remote,,,,,,,,,,
images/001007.jpg,0.0,0.5,fpv,1777627404.7649531,1,0,fpv_remote_remote,,,,,,,,,,
images/001008.jpg,0.0,0.5,fpv,1777627404.8946056,1,0,fpv_remote_remote,,,,,,,,,,
images/001009.jpg,0.0,0.5,fpv,1777627405.0213664,1,0,fpv_remote_remote,,,,,,,,,,
images/001010.jpg,0.1979552598651082,0.5,fpv,1777627405.1485445,1,0,fpv_remote_remote,,,,,,,,,,
images/001011.jpg,0.0,0.5,fpv,1777627405.276063,1,0,fpv_remote_remote,,,,,,,,,,
images/001012.jpg,0.0,0.5,fpv,1777627405.404327,1,0,fpv_remote_remote,,,,,,,,,,
images/001013.jpg,0.0,0.5,fpv,1777627405.5319963,1,0,fpv_remote_remote,,,,,,,,,,
images/001014.jpg,0.8,0.5,fpv,1777627405.659683,1,0,fpv_remote_remote,,,,,,,,,,
images/001015.jpg,0.5443525498214667,0.5,fpv,1777627405.7853777,1,0,fpv_remote_remote,,,,,,,,,,
images/001016.jpg,0.0,0.5,fpv,1777627405.9142253,1,0,fpv_remote_remote,,,,,,,,,,
images/001017.jpg,0.0,0.5,fpv,1777627406.0443792,1,0,fpv_remote_remote,,,,,,,,,,
images/001018.jpg,0.0,0.5,fpv,1777627406.172042,1,0,fpv_remote_remote,,,,,,,,,,
images/001019.jpg,0.0,0.5,fpv,1777627406.2998548,1,0,fpv_remote_remote,,,,,,,,,,
images/001020.jpg,0.0,0.5,fpv,1777627406.4271522,1,0,fpv_remote_remote,,,,,,,,,,
images/001021.jpg,0.0,0.5,fpv,1777627406.554361,1,0,fpv_remote_remote,,,,,,,,,,
images/001022.jpg,0.0,0.5,fpv,1777627406.6812737,1,0,fpv_remote_remote,,,,,,,,,,
images/001023.jpg,0.8,0.5,fpv,1777627406.8085017,1,0,fpv_remote_remote,,,,,,,,,,
images/001024.jpg,0.8,0.5,fpv,1777627406.935929,1,0,fpv_remote_remote,,,,,,,,,,
images/001025.jpg,0.0,0.5,fpv,1777627407.0648286,1,0,fpv_remote_remote,,,,,,,,,,
images/001026.jpg,0.0,0.5,fpv,1777627407.191881,1,0,fpv_remote_remote,,,,,,,,,,
images/001027.jpg,0.0,0.5,fpv,1777627407.3202932,1,0,fpv_remote_remote,,,,,,,,,,
images/001028.jpg,0.0,0.5,fpv,1777627407.4477382,1,0,fpv_remote_remote,,,,,,,,,,
images/001029.jpg,0.0,0.5,fpv,1777627407.57625,1,0,fpv_remote_remote,,,,,,,,,,
images/001030.jpg,0.0,0.5,fpv,1777627407.7029855,1,0,fpv_remote_remote,,,,,,,,,,
images/001031.jpg,0.5443525498214667,0.5,fpv,1777627407.8322327,1,0,fpv_remote_remote,,,,,,,,,,
images/001032.jpg,0.0,0.5,fpv,1777627407.9582758,1,0,fpv_remote_remote,,,,,,,,,,
images/001033.jpg,0.0,0.5,fpv,1777627408.0845392,1,0,fpv_remote_remote,,,,,,,,,,
images/001034.jpg,0.8,0.5,fpv,1777627408.2112665,1,0,fpv_remote_remote,,,,,,,,,,
images/001035.jpg,0.0,0.5,fpv,1777627408.3388724,1,0,fpv_remote_remote,,,,,,,,,,
images/001036.jpg,0.0,0.5,fpv,1777627408.4648442,1,0,fpv_remote_remote,,,,,,,,,,
images/001037.jpg,0.0,0.5,fpv,1777627408.5936227,1,0,fpv_remote_remote,,,,,,,,,,
images/001038.jpg,0.0,0.5,fpv,1777627408.719856,1,0,fpv_remote_remote,,,,,,,,,,
images/001039.jpg,0.0,0.5,fpv,1777627408.847604,1,0,fpv_remote_remote,,,,,,,,,,
images/001040.jpg,0.0,0.5,fpv,1777627408.9742873,1,0,fpv_remote_remote,,,,,,,,,,
images/001041.jpg,0.0,0.5,fpv,1777627409.1037447,1,0,fpv_remote_remote,,,,,,,,,,
images/001042.jpg,-0.8,0.5,fpv,1777627409.2296522,1,0,fpv_remote_remote,,,,,,,,,,
images/001043.jpg,-0.8,0.5,fpv,1777627409.3571024,1,0,fpv_remote_remote,,,,,,,,,,
images/001044.jpg,-0.4701071199682607,0.5,fpv,1777627409.4807925,1,0,fpv_remote_remote,,,,,,,,,,
images/001045.jpg,-0.47835932493057043,0.5,fpv,1777627409.6100147,1,0,fpv_remote_remote,,,,,,,,,,
images/001046.jpg,-0.47835932493057043,0.5,fpv,1777627409.737257,1,0,fpv_remote_remote,,,,,,,,,,
images/001047.jpg,-0.47835932493057043,0.5,fpv,1777627409.8634443,1,0,fpv_remote_remote,,,,,,,,,,
images/001048.jpg,-0.4701071199682607,0.5,fpv,1777627409.9893873,1,0,fpv_remote_remote,,,,,,,,,,
images/001049.jpg,0.0,0.5,fpv,1777627410.116743,1,0,fpv_remote_remote,,,,,,,,,,
images/001050.jpg,0.4783837397381512,0.5,fpv,1777627410.2433903,1,0,fpv_remote_remote,,,,,,,,,,
images/001051.jpg,0.8,0.5,fpv,1777627410.3712025,1,0,fpv_remote_remote,,,,,,,,,,
images/001052.jpg,0.8,0.5,fpv,1777627410.499053,1,0,fpv_remote_remote,,,,,,,,,,
images/001053.jpg,0.8,0.5,fpv,1777627410.6254911,1,0,fpv_remote_remote,,,,,,,,,,
images/001054.jpg,0.8,0.5,fpv,1777627410.752643,1,0,fpv_remote_remote,,,,,,,,,,
images/001055.jpg,0.0,0.5,fpv,1777627410.880228,1,0,fpv_remote_remote,,,,,,,,,,
images/001056.jpg,0.0,0.5,fpv,1777627411.0080585,1,0,fpv_remote_remote,,,,,,,,,,
images/001057.jpg,-0.5360759300515764,0.5,fpv,1777627411.1354198,1,0,fpv_remote_remote,,,,,,,,,,
images/001058.jpg,-0.8,0.5,fpv,1777627411.2645125,1,0,fpv_remote_remote,,,,,,,,,,
images/001059.jpg,-0.13196203497421186,0.5,fpv,1777627411.3918827,1,0,fpv_remote_remote,,,,,,,,,,
images/001060.jpg,0.6103457747123631,0.5,fpv,1777627411.5210285,1,0,fpv_remote_remote,,,,,,,,,,
images/001061.jpg,0.8,0.5,fpv,1777627411.6483412,1,0,fpv_remote_remote,,,,,,,,,,
images/001062.jpg,0.8,0.5,fpv,1777627411.7756953,1,0,fpv_remote_remote,,,,,,,,,,
images/001063.jpg,0.8,0.5,fpv,1777627411.9024608,1,0,fpv_remote_remote,,,,,,,,,,
images/001064.jpg,0.8,0.5,fpv,1777627412.0303285,1,0,fpv_remote_remote,,,,,,,,,,
images/001065.jpg,0.0,0.5,fpv,1777627412.1577468,1,0,fpv_remote_remote,,,,,,,,,,
images/001066.jpg,0.0,0.5,fpv,1777627412.2856011,1,0,fpv_remote_remote,,,,,,,,,,
images/001067.jpg,0.0,0.5,fpv,1777627412.4135983,1,0,fpv_remote_remote,,,,,,,,,,
images/001068.jpg,0.0,0.5,fpv,1777627412.5421495,1,0,fpv_remote_remote,,,,,,,,,,
images/001069.jpg,0.0,0.5,fpv,1777627412.6693597,1,0,fpv_remote_remote,,,,,,,,,,
images/001070.jpg,0.0,0.5,fpv,1777627412.7984846,1,0,fpv_remote_remote,,,,,,,,,,
images/001071.jpg,0.0,0.5,fpv,1777627412.9269774,1,0,fpv_remote_remote,,,,,,,,,,
images/001072.jpg,0.0,0.5,fpv,1777627413.0557172,1,0,fpv_remote_remote,,,,,,,,,,
images/001073.jpg,0.0,0.5,fpv,1777627413.183609,1,0,fpv_remote_remote,,,,,,,,,,
images/001074.jpg,0.0,0.5,fpv,1777627413.3119621,1,0,fpv_remote_remote,,,,,,,,,,
images/001075.jpg,0.0,0.5,fpv,1777627413.4389343,1,0,fpv_remote_remote,,,,,,,,,,
images/001076.jpg,0.0,0.5,fpv,1777627413.5646677,1,0,fpv_remote_remote,,,,,,,,,,
images/001077.jpg,0.0,0.5,fpv,1777627413.6932588,1,0,fpv_remote_remote,,,,,,,,,,
images/001078.jpg,0.0,0.5,fpv,1777627413.820269,1,0,fpv_remote_remote,,,,,,,,,,
images/001079.jpg,0.0,0.5,fpv,1777627413.9516711,1,0,fpv_remote_remote,,,,,,,,,,
images/001080.jpg,0.0,0.5,fpv,1777627414.078518,1,0,fpv_remote_remote,,,,,,,,,,
images/001081.jpg,0.0,0.5,fpv,1777627414.2074242,1,0,fpv_remote_remote,,,,,,,,,,
images/001082.jpg,0.0,0.5,fpv,1777627414.3353236,1,0,fpv_remote_remote,,,,,,,,,,
images/001083.jpg,0.1567186498611408,0.5,fpv,1777627414.463827,1,0,fpv_remote_remote,,,,,,,,,,
images/001084.jpg,0.8,0.5,fpv,1777627414.5916855,1,0,fpv_remote_remote,,,,,,,,,,
images/001085.jpg,0.8,0.5,fpv,1777627414.7192912,1,0,fpv_remote_remote,,,,,,,,,,
images/001086.jpg,0.8,0.5,fpv,1777627414.8471742,1,0,fpv_remote_remote,,,,,,,,,,
images/001087.jpg,0.8,0.5,fpv,1777627414.9736555,1,0,fpv_remote_remote,,,,,,,,,,
images/001088.jpg,0.8,0.5,fpv,1777627415.1016767,1,0,fpv_remote_remote,,,,,,,,,,
images/001089.jpg,0.0,0.5,fpv,1777627415.2284687,1,0,fpv_remote_remote,,,,,,,,,,
images/001090.jpg,0.0,0.5,fpv,1777627415.3592036,1,0,fpv_remote_remote,,,,,,,,,,
images/001091.jpg,0.0,0.5,fpv,1777627415.4863646,1,0,fpv_remote_remote,,,,,,,,,,
images/001092.jpg,0.0,0.5,fpv,1777627415.6147375,1,0,fpv_remote_remote,,,,,,,,,,
images/001093.jpg,0.0,0.5,fpv,1777627415.7410257,1,0,fpv_remote_remote,,,,,,,,,,
images/001094.jpg,0.0,0.5,fpv,1777627415.869006,1,0,fpv_remote_remote,,,,,,,,,,
images/001095.jpg,0.0,0.5,fpv,1777627415.9949617,1,0,fpv_remote_remote,,,,,,,,,,
images/001096.jpg,0.0,0.5,fpv,1777627416.1236808,1,0,fpv_remote_remote,,,,,,,,,,
images/001097.jpg,0.0,0.5,fpv,1777627416.2505333,1,0,fpv_remote_remote,,,,,,,,,,
images/001098.jpg,-0.8,0.5,fpv,1777627416.38061,1,0,fpv_remote_remote,,,,,,,,,,
images/001099.jpg,0.0,0.5,fpv,1777627416.508097,1,0,fpv_remote_remote,,,,,,,,,,
images/001100.jpg,0.0,0.5,fpv,1777627416.6354315,1,0,fpv_remote_remote,,,,,,,,,,
images/001101.jpg,0.0,0.5,fpv,1777627416.7628474,1,0,fpv_remote_remote,,,,,,,,,,
images/001102.jpg,0.0,0.5,fpv,1777627416.8896804,1,0,fpv_remote_remote,,,,,,,,,,
images/001103.jpg,0.0,0.5,fpv,1777627417.0166833,1,0,fpv_remote_remote,,,,,,,,,,
images/001104.jpg,0.0,0.5,fpv,1777627417.1431878,1,0,fpv_remote_remote,,,,,,,,,,
images/001105.jpg,0.0,0.5,fpv,1777627417.2703722,1,0,fpv_remote_remote,,,,,,,,,,
images/001106.jpg,0.0,0.5,fpv,1777627417.396492,1,0,fpv_remote_remote,,,,,,,,,,
images/001107.jpg,-0.22266304513687554,0.5,fpv,1777627417.5237288,1,0,fpv_remote_remote,,,,,,,,,,
images/001108.jpg,0.0,0.5,fpv,1777627417.650615,1,0,fpv_remote_remote,,,,,,,,,,
images/001109.jpg,0.0,0.5,fpv,1777627417.7785602,1,0,fpv_remote_remote,,,,,,,,,,
images/001110.jpg,0.0,0.5,fpv,1777627417.9047709,1,0,fpv_remote_remote,,,,,,,,,,
images/001111.jpg,0.0,0.5,fpv,1777627418.031998,1,0,fpv_remote_remote,,,,,,,,,,
images/001112.jpg,0.0,0.5,fpv,1777627418.1589,1,0,fpv_remote_remote,,,,,,,,,,
images/001113.jpg,0.0,0.5,fpv,1777627418.287204,1,0,fpv_remote_remote,,,,,,,,,,
images/001114.jpg,0.0,0.5,fpv,1777627418.4145415,1,0,fpv_remote_remote,,,,,,,,,,
images/001115.jpg,0.0,0.5,fpv,1777627418.540431,1,0,fpv_remote_remote,,,,,,,,,,
images/001116.jpg,0.0,0.5,fpv,1777627418.6665647,1,0,fpv_remote_remote,,,,,,,,,,
images/001117.jpg,0.8,0.5,fpv,1777627418.7928932,1,0,fpv_remote_remote,,,,,,,,,,
images/001118.jpg,0.8,0.5,fpv,1777627418.9190044,1,0,fpv_remote_remote,,,,,,,,,,
images/001119.jpg,0.2391918698690756,0.5,fpv,1777627419.0475976,1,0,fpv_remote_remote,,,,,,,,,,
images/001120.jpg,0.2391918698690756,0.5,fpv,1777627419.1721797,1,0,fpv_remote_remote,,,,,,,,,,
images/001121.jpg,0.2391918698690756,0.5,fpv,1777627419.2974555,1,0,fpv_remote_remote,,,,,,,,,,
images/001122.jpg,0.2391918698690756,0.5,fpv,1777627419.423806,1,0,fpv_remote_remote,,,,,,,,,,
images/001123.jpg,0.2391918698690756,0.5,fpv,1777627419.551199,1,0,fpv_remote_remote,,,,,,,,,,
images/001124.jpg,0.17322305978576008,0.5,fpv,1777627419.678856,1,0,fpv_remote_remote,,,,,,,,,,
images/001125.jpg,0.0,0.5,fpv,1777627419.8068492,1,0,fpv_remote_remote,,,,,,,,,,
images/001126.jpg,0.0,0.5,fpv,1777627419.9345932,1,0,fpv_remote_remote,,,,,,,,,,
images/001127.jpg,0.0,0.5,fpv,1777627420.062891,1,0,fpv_remote_remote,,,,,,,,,,
images/001128.jpg,-0.8,0.5,fpv,1777627420.1892471,1,0,fpv_remote_remote,,,,,,,,,,
images/001129.jpg,-0.7092989898373364,0.5,fpv,1777627420.3165138,1,0,fpv_remote_remote,,,,,,,,,,
images/001130.jpg,0.0,0.5,fpv,1777627420.4431622,1,0,fpv_remote_remote,,,,,,,,,,
images/001131.jpg,0.0,0.5,fpv,1777627420.571427,1,0,fpv_remote_remote,,,,,,,,,,
images/001132.jpg,0.8,0.5,fpv,1777627420.698921,1,0,fpv_remote_remote,,,,,,,,,,
images/001133.jpg,0.8,0.5,fpv,1777627420.8242989,1,0,fpv_remote_remote,,,,,,,,,,
images/001134.jpg,0.24744407483138522,0.5,fpv,1777627420.951853,1,0,fpv_remote_remote,,,,,,,,,,
images/001135.jpg,0.0,0.5,fpv,1777627421.079962,1,0,fpv_remote_remote,,,,,,,,,,
images/001136.jpg,0.0,0.5,fpv,1777627421.2084122,1,0,fpv_remote_remote,,,,,,,,,,
images/001137.jpg,0.0,0.5,fpv,1777627421.334773,1,0,fpv_remote_remote,,,,,,,,,,
images/001138.jpg,0.0,0.5,fpv,1777627421.4629614,1,0,fpv_remote_remote,,,,,,,,,,
images/001139.jpg,0.0,0.5,fpv,1777627421.5893743,1,0,fpv_remote_remote,,,,,,,,,,
images/001140.jpg,0.0,0.5,fpv,1777627421.7169008,1,0,fpv_remote_remote,,,,,,,,,,
images/001141.jpg,0.8,0.5,fpv,1777627421.8448446,1,0,fpv_remote_remote,,,,,,,,,,
images/001142.jpg,0.0,0.5,fpv,1777627421.9726093,1,0,fpv_remote_remote,,,,,,,,,,
images/001143.jpg,0.0,0.5,fpv,1777627422.0994859,1,0,fpv_remote_remote,,,,,,,,,,
images/001144.jpg,0.0,0.5,fpv,1777627422.2285538,1,0,fpv_remote_remote,,,,,,,,,,
images/001145.jpg,0.8,0.5,fpv,1777627422.3557858,1,0,fpv_remote_remote,,,,,,,,,,
images/001146.jpg,0.0,0.5,fpv,1777627422.4825602,1,0,fpv_remote_remote,,,,,,,,,,
images/001147.jpg,0.0,0.5,fpv,1777627422.6101923,1,0,fpv_remote_remote,,,,,,,,,,
images/001148.jpg,0.0,0.5,fpv,1777627422.736599,1,0,fpv_remote_remote,,,,,,,,,,
images/001149.jpg,0.0,0.5,fpv,1777627422.8625438,1,0,fpv_remote_remote,,,,,,,,,,
images/001150.jpg,0.0,0.5,fpv,1777627422.9885018,1,0,fpv_remote_remote,,,,,,,,,,
images/001151.jpg,0.0,0.5,fpv,1777627423.116991,1,0,fpv_remote_remote,,,,,,,,,,
images/001152.jpg,0.0,0.5,fpv,1777627423.2451608,1,0,fpv_remote_remote,,,,,,,,,,
images/001153.jpg,0.0,0.5,fpv,1777627423.371926,1,0,fpv_remote_remote,,,,,,,,,,
images/001154.jpg,0.0,0.5,fpv,1777627423.4985805,1,0,fpv_remote_remote,,,,,,,,,,
images/001155.jpg,0.0,0.5,fpv,1777627423.6252642,1,0,fpv_remote_remote,,,,,,,,,,
images/001156.jpg,0.0,0.5,fpv,1777627423.7527304,1,0,fpv_remote_remote,,,,,,,,,,
images/001157.jpg,-0.8,0.5,fpv,1777627423.880542,1,0,fpv_remote_remote,,,,,,,,,,
images/001158.jpg,-0.8,0.5,fpv,1777627424.0087306,1,0,fpv_remote_remote,,,,,,,,,,
images/001159.jpg,-0.8,0.5,fpv,1777627424.1370518,1,0,fpv_remote_remote,,,,,,,,,,
images/001160.jpg,-0.8,0.5,fpv,1777627424.2636104,1,0,fpv_remote_remote,,,,,,,,,,
images/001161.jpg,0.0,0.5,fpv,1777627424.3923929,1,0,fpv_remote_remote,,,,,,,,,,
images/001162.jpg,0.0,0.5,fpv,1777627424.5202887,1,0,fpv_remote_remote,,,,,,,,,,
images/001163.jpg,0.0,0.5,fpv,1777627424.6494653,1,0,fpv_remote_remote,,,,,,,,,,
images/001164.jpg,0.5196203497421186,0.5,fpv,1777627424.7767117,1,0,fpv_remote_remote,,,,,,,,,,
images/001165.jpg,0.8,0.5,fpv,1777627424.9048367,1,0,fpv_remote_remote,,,,,,,,,,
images/001166.jpg,0.5855891598254341,0.5,fpv,1777627425.0311472,1,0,fpv_remote_remote,,,,,,,,,,
images/001167.jpg,0.0,0.5,fpv,1777627425.1608381,1,0,fpv_remote_remote,,,,,,,,,,
images/001168.jpg,0.0,0.5,fpv,1777627425.2884972,1,0,fpv_remote_remote,,,,,,,,,,
images/001169.jpg,0.0,0.5,fpv,1777627425.4164433,1,0,fpv_remote_remote,,,,,,,,,,
images/001170.jpg,0.0,0.5,fpv,1777627425.542574,1,0,fpv_remote_remote,,,,,,,,,,
images/001171.jpg,0.8,0.5,fpv,1777627425.6732607,1,0,fpv_remote_remote,,,,,,,,,,
images/001172.jpg,0.8,0.5,fpv,1777627425.7994268,1,0,fpv_remote_remote,,,,,,,,,,
images/001173.jpg,0.3134128849147008,0.5,fpv,1777627425.928246,1,0,fpv_remote_remote,,,,,,,,,,
images/001174.jpg,0.0,0.5,fpv,1777627426.0559108,1,0,fpv_remote_remote,,,,,,,,,,
images/001175.jpg,0.0,0.5,fpv,1777627426.1846244,1,0,fpv_remote_remote,,,,,,,,,,
images/001176.jpg,0.8,0.5,fpv,1777627426.3132358,1,0,fpv_remote_remote,,,,,,,,,,
images/001177.jpg,0.0,0.5,fpv,1777627426.4398236,1,0,fpv_remote_remote,,,,,,,,,,
images/001178.jpg,0.0,0.5,fpv,1777627426.5681841,1,0,fpv_remote_remote,,,,,,,,,,
images/001179.jpg,0.0,0.5,fpv,1777627426.694569,1,0,fpv_remote_remote,,,,,,,,,,
images/001180.jpg,0.0,0.5,fpv,1777627426.8241467,1,0,fpv_remote_remote,,,,,,,,,,
images/001181.jpg,0.1402142399365215,0.5,fpv,1777627426.9531467,1,0,fpv_remote_remote,,,,,,,,,,
images/001182.jpg,0.0,0.5,fpv,1777627427.080057,1,0,fpv_remote_remote,,,,,,,,,,
images/001183.jpg,0.0,0.5,fpv,1777627427.20669,1,0,fpv_remote_remote,,,,,,,,,,
images/001184.jpg,0.0,0.5,fpv,1777627427.3337815,1,0,fpv_remote_remote,,,,,,,,,,
images/001185.jpg,0.0,0.5,fpv,1777627427.460882,1,0,fpv_remote_remote,,,,,,,,,,
images/001186.jpg,0.0,0.5,fpv,1777627427.5886912,1,0,fpv_remote_remote,,,,,,,,,,
images/001187.jpg,0.0,0.5,fpv,1777627427.7160563,1,0,fpv_remote_remote,,,,,,,,,,
images/001188.jpg,0.0,0.5,fpv,1777627427.8438776,1,0,fpv_remote_remote,,,,,,,,,,
images/001189.jpg,0.8,0.5,fpv,1777627427.9729154,1,0,fpv_remote_remote,,,,,,,,,,
images/001190.jpg,0.0,0.5,fpv,1777627428.099551,1,0,fpv_remote_remote,,,,,,,,,,
images/001191.jpg,0.0,0.5,fpv,1777627428.227498,1,0,fpv_remote_remote,,,,,,,,,,
images/001192.jpg,0.8,0.5,fpv,1777627428.3563395,1,0,fpv_remote_remote,,,,,,,,,,
images/001193.jpg,0.8,0.5,fpv,1777627428.483304,1,0,fpv_remote_remote,,,,,,,,,,
images/001194.jpg,0.0,0.5,fpv,1777627428.6100295,1,0,fpv_remote_remote,,,,,,,,,,
images/001195.jpg,0.0,0.5,fpv,1777627428.7374246,1,0,fpv_remote_remote,,,,,,,,,,
images/001196.jpg,0.8,0.5,fpv,1777627428.8655992,1,0,fpv_remote_remote,,,,,,,,,,
images/001197.jpg,0.8,0.5,fpv,1777627428.9933586,1,0,fpv_remote_remote,,,,,,,,,,
images/001198.jpg,0.1814508499404889,0.5,fpv,1777627429.1189146,1,0,fpv_remote_remote,,,,,,,,,,
images/001199.jpg,0.0,0.5,fpv,1777627429.2466373,1,0,fpv_remote_remote,,,,,,,,,,
images/001200.jpg,0.0,0.5,fpv,1777627429.37239,1,0,fpv_remote_remote,,,,,,,,,,
images/001201.jpg,0.0,0.5,fpv,1777627429.499968,1,0,fpv_remote_remote,,,,,,,,,,
images/001202.jpg,0.0,0.5,fpv,1777627429.6280797,1,0,fpv_remote_remote,,,,,,,,,,
images/001203.jpg,0.0,0.5,fpv,1777627429.7543201,1,0,fpv_remote_remote,,,,,,,,,,
images/001204.jpg,0.0,0.5,fpv,1777627429.880173,1,0,fpv_remote_remote,,,,,,,,,,
images/001205.jpg,0.0,0.5,fpv,1777627430.0083203,1,0,fpv_remote_remote,,,,,,,,,,
images/001206.jpg,0.0,0.5,fpv,1777627430.1340456,1,0,fpv_remote_remote,,,,,,,,,,
images/001207.jpg,-0.8,0.5,fpv,1777627430.2635176,1,0,fpv_remote_remote,,,,,,,,,,
images/001208.jpg,-0.8,0.5,fpv,1777627430.3938038,1,0,fpv_remote_remote,,,,,,,,,,
images/001209.jpg,0.0,0.5,fpv,1777627430.5197656,1,0,fpv_remote_remote,,,,,,,,,,
images/001210.jpg,0.0,0.5,fpv,1777627430.6476996,1,0,fpv_remote_remote,,,,,,,,,,
images/001211.jpg,0.0,0.5,fpv,1777627430.7748866,1,0,fpv_remote_remote,,,,,,,,,,
images/001212.jpg,0.0,0.5,fpv,1777627430.9063644,1,0,fpv_remote_remote,,,,,,,,,,
images/001213.jpg,0.0,0.5,fpv,1777627431.0329359,1,0,fpv_remote_remote,,,,,,,,,,
images/001214.jpg,0.0,0.5,fpv,1777627431.1616235,1,0,fpv_remote_remote,,,,,,,,,,
images/001215.jpg,0.0,0.5,fpv,1777627431.2882283,1,0,fpv_remote_remote,,,,,,,,,,
images/001216.jpg,0.0,0.5,fpv,1777627431.4172351,1,0,fpv_remote_remote,,,,,,,,,,
images/001217.jpg,0.0,0.5,fpv,1777627431.5445807,1,0,fpv_remote_remote,,,,,,,,,,
images/001218.jpg,0.0,0.5,fpv,1777627431.6720374,1,0,fpv_remote_remote,,,,,,,,,,
images/001219.jpg,0.0,0.5,fpv,1777627431.797003,1,0,fpv_remote_remote,,,,,,,,,,
images/001220.jpg,0.0,0.5,fpv,1777627431.924498,1,0,fpv_remote_remote,,,,,,,,,,
images/001221.jpg,0.0,0.5,fpv,1777627432.052088,1,0,fpv_remote_remote,,,,,,,,,,
images/001222.jpg,0.0,0.5,fpv,1777627432.180385,1,0,fpv_remote_remote,,,,,,,,,,
images/001223.jpg,0.0,0.5,fpv,1777627432.3071654,1,0,fpv_remote_remote,,,,,,,,,,
images/001224.jpg,0.0,0.5,fpv,1777627432.4344077,1,0,fpv_remote_remote,,,,,,,,,,
images/001225.jpg,0.0,0.5,fpv,1777627432.5628595,1,0,fpv_remote_remote,,,,,,,,,,
images/001226.jpg,0.0,0.5,fpv,1777627432.690949,1,0,fpv_remote_remote,,,,,,,,,,
images/001227.jpg,0.8,0.5,fpv,1777627432.819537,1,0,fpv_remote_remote,,,,,,,,,,
images/001228.jpg,0.8,0.5,fpv,1777627432.9459825,1,0,fpv_remote_remote,,,,,,,,,,
images/001229.jpg,0.0,0.5,fpv,1777627433.0734527,1,0,fpv_remote_remote,,,,,,,,,,
images/001230.jpg,0.0,0.5,fpv,1777627433.1994174,1,0,fpv_remote_remote,,,,,,,,,,
images/001231.jpg,0.0,0.5,fpv,1777627433.3254716,1,0,fpv_remote_remote,,,,,,,,,,
images/001232.jpg,0.0,0.5,fpv,1777627433.45131,1,0,fpv_remote_remote,,,,,,,,,,
images/001233.jpg,0.0,0.5,fpv,1777627433.5802348,1,0,fpv_remote_remote,,,,,,,,,,
images/001234.jpg,0.8,0.5,fpv,1777627433.7077851,1,0,fpv_remote_remote,,,,,,,,,,
images/001235.jpg,0.8,0.5,fpv,1777627433.836193,1,0,fpv_remote_remote,,,,,,,,,,
images/001236.jpg,0.0,0.5,fpv,1777627433.9646828,1,0,fpv_remote_remote,,,,,,,,,,
images/001237.jpg,0.0,0.5,fpv,1777627434.092614,1,0,fpv_remote_remote,,,,,,,,,,
images/001238.jpg,0.0,0.5,fpv,1777627434.2195547,1,0,fpv_remote_remote,,,,,,,,,,
images/001239.jpg,0.0,0.5,fpv,1777627434.3489864,1,0,fpv_remote_remote,,,,,,,,,,
images/001240.jpg,0.0,0.5,fpv,1777627434.4758546,1,0,fpv_remote_remote,,,,,,,,,,
images/001241.jpg,0.0,0.5,fpv,1777627434.6040075,1,0,fpv_remote_remote,,,,,,,,,,
images/001242.jpg,0.8,0.5,fpv,1777627434.7303004,1,0,fpv_remote_remote,,,,,,,,,,
images/001243.jpg,0.0,0.5,fpv,1777627434.860026,1,0,fpv_remote_remote,,,,,,,,,,
images/001244.jpg,0.0,0.5,fpv,1777627434.987606,1,0,fpv_remote_remote,,,,,,,,,,
images/001245.jpg,0.0,0.5,fpv,1777627435.1150758,1,0,fpv_remote_remote,,,,,,,,,,
images/001246.jpg,0.0,0.5,fpv,1777627435.2430422,1,0,fpv_remote_remote,,,,,,,,,,
images/001247.jpg,0.0,0.5,fpv,1777627435.3691466,1,0,fpv_remote_remote,,,,,,,,,,
images/001248.jpg,0.0,0.5,fpv,1777627435.49618,1,0,fpv_remote_remote,,,,,,,,,,
images/001249.jpg,0.0,0.5,fpv,1777627435.6233647,1,0,fpv_remote_remote,,,,,,,,,,
images/001250.jpg,0.8,0.5,fpv,1777627435.7515755,1,0,fpv_remote_remote,,,,,,,,,,
images/001251.jpg,0.0,0.5,fpv,1777627435.8768697,1,0,fpv_remote_remote,,,,,,,,,,
images/001252.jpg,0.0,0.5,fpv,1777627436.0038826,1,0,fpv_remote_remote,,,,,,,,,,
images/001253.jpg,0.0,0.5,fpv,1777627436.1314552,1,0,fpv_remote_remote,,,,,,,,,,
images/001254.jpg,0.0,0.5,fpv,1777627436.2578797,1,0,fpv_remote_remote,,,,,,,,,,
images/001255.jpg,0.0,0.5,fpv,1777627436.3868766,1,0,fpv_remote_remote,,,,,,,,,,
images/001256.jpg,0.0,0.5,fpv,1777627436.5139122,1,0,fpv_remote_remote,,,,,,,,,,
images/001257.jpg,0.0,0.5,fpv,1777627436.6422212,1,0,fpv_remote_remote,,,,,,,,,,
images/001258.jpg,0.0,0.5,fpv,1777627436.7694879,1,0,fpv_remote_remote,,,,,,,,,,
images/001259.jpg,0.0,0.5,fpv,1777627436.8955834,1,0,fpv_remote_remote,,,,,,,,,,
images/001260.jpg,0.0,0.5,fpv,1777627437.0253656,1,0,fpv_remote_remote,,,,,,,,,,
images/001261.jpg,0.0,0.5,fpv,1777627437.1558483,1,0,fpv_remote_remote,,,,,,,,,,
images/001262.jpg,-0.18142643513290813,0.5,fpv,1777627437.2843566,1,0,fpv_remote_remote,,,,,,,,,,
images/001263.jpg,-0.8,0.5,fpv,1777627437.411581,1,0,fpv_remote_remote,,,,,,,,,,
images/001264.jpg,0.0,0.5,fpv,1777627437.5383785,1,0,fpv_remote_remote,,,,,,,,,,
images/001265.jpg,0.0,0.5,fpv,1777627437.6665301,1,0,fpv_remote_remote,,,,,,,,,,
images/001266.jpg,0.0,0.5,fpv,1777627437.7946312,1,0,fpv_remote_remote,,,,,,,,,,
images/001267.jpg,0.0,0.5,fpv,1777627437.9223824,1,0,fpv_remote_remote,,,,,,,,,,
images/001268.jpg,0.0,0.5,fpv,1777627438.0497766,1,0,fpv_remote_remote,,,,,,,,,,
images/001269.jpg,0.0,0.5,fpv,1777627438.1793623,1,0,fpv_remote_remote,,,,,,,,,,
images/001270.jpg,0.0,0.5,fpv,1777627438.3065236,1,0,fpv_remote_remote,,,,,,,,,,
images/001271.jpg,0.0,0.5,fpv,1777627438.4321382,1,0,fpv_remote_remote,,,,,,,,,,
images/001272.jpg,0.6598345896786402,0.5,fpv,1777627438.5575926,1,0,fpv_remote_remote,,,,,,,,,,
images/001273.jpg,0.8,0.5,fpv,1777627438.686074,1,0,fpv_remote_remote,,,,,,,,,,
images/001274.jpg,0.8,0.5,fpv,1777627438.8126683,1,0,fpv_remote_remote,,,,,,,,,,
images/001275.jpg,0.8,0.5,fpv,1777627438.9409268,1,0,fpv_remote_remote,,,,,,,,,,
images/001276.jpg,0.0,0.5,fpv,1777627439.067693,1,0,fpv_remote_remote,,,,,,,,,,
images/001277.jpg,0.0,0.5,fpv,1777627439.1960676,1,0,fpv_remote_remote,,,,,,,,,,
images/001278.jpg,0.0,0.5,fpv,1777627439.3222327,1,0,fpv_remote_remote,,,,,,,,,,
images/001279.jpg,0.0,0.5,fpv,1777627439.4499168,1,0,fpv_remote_remote,,,,,,,,,,
images/001280.jpg,0.0,0.5,fpv,1777627439.5766017,1,0,fpv_remote_remote,,,,,,,,,,
images/001281.jpg,0.0,0.5,fpv,1777627439.7049708,1,0,fpv_remote_remote,,,,,,,,,,
images/001282.jpg,0.0,0.5,fpv,1777627439.8336558,1,0,fpv_remote_remote,,,,,,,,,,
images/001283.jpg,0.0,0.5,fpv,1777627439.9605954,1,0,fpv_remote_remote,,,,,,,,,,
images/001284.jpg,0.0,0.5,fpv,1777627440.0902393,1,0,fpv_remote_remote,,,,,,,,,,
images/001285.jpg,0.0,0.5,fpv,1777627440.218122,1,0,fpv_remote_remote,,,,,,,,,,
images/001286.jpg,0.0,0.5,fpv,1777627440.3495812,1,0,fpv_remote_remote,,,,,,,,,,
images/001287.jpg,0.0,0.5,fpv,1777627440.4756215,1,0,fpv_remote_remote,,,,,,,,,,
images/001288.jpg,0.0,0.5,fpv,1777627440.6035397,1,0,fpv_remote_remote,,,,,,,,,,
images/001289.jpg,0.0,0.5,fpv,1777627440.730362,1,0,fpv_remote_remote,,,,,,,,,,
images/001290.jpg,0.0,0.5,fpv,1777627440.8593535,1,0,fpv_remote_remote,,,,,,,,,,
images/001291.jpg,0.0,0.5,fpv,1777627440.986323,1,0,fpv_remote_remote,,,,,,,,,,
images/001292.jpg,0.0,0.5,fpv,1777627441.115437,1,0,fpv_remote_remote,,,,,,,,,,
images/001293.jpg,0.0,0.5,fpv,1777627441.2423227,1,0,fpv_remote_remote,,,,,,,,,,
images/001294.jpg,0.0,0.5,fpv,1777627441.3702583,1,0,fpv_remote_remote,,,,,,,,,,
images/001295.jpg,0.8,0.5,fpv,1777627441.4957864,1,0,fpv_remote_remote,,,,,,,,,,
images/001296.jpg,0.8,0.5,fpv,1777627441.6244416,1,0,fpv_remote_remote,,,,,,,,,,
images/001297.jpg,0.8,0.5,fpv,1777627441.7516947,1,0,fpv_remote_remote,,,,,,,,,,
images/001298.jpg,0.8,0.5,fpv,1777627441.8776002,1,0,fpv_remote_remote,,,,,,,,,,
images/001299.jpg,0.7752922147282327,0.5,fpv,1777627442.0045133,1,0,fpv_remote_remote,,,,,,,,,,
images/001300.jpg,0.668062379833369,0.5,fpv,1777627442.1309383,1,0,fpv_remote_remote,,,,,,,,,,
images/001301.jpg,0.8,0.5,fpv,1777627442.257905,1,0,fpv_remote_remote,,,,,,,,,,
images/001302.jpg,0.8,0.5,fpv,1777627442.3867047,1,0,fpv_remote_remote,,,,,,,,,,
images/001303.jpg,0.8,0.5,fpv,1777627442.5148942,1,0,fpv_remote_remote,,,,,,,,,,
images/001304.jpg,0.14846644489883115,0.5,fpv,1777627442.642387,1,0,fpv_remote_remote,,,,,,,,,,
images/001305.jpg,0.0,0.5,fpv,1777627442.7699587,1,0,fpv_remote_remote,,,,,,,,,,
images/001306.jpg,0.0,0.5,fpv,1777627442.8966687,1,0,fpv_remote_remote,,,,,,,,,,
images/001307.jpg,-0.8,0.5,fpv,1777627443.0250797,1,0,fpv_remote_remote,,,,,,,,,,
images/001308.jpg,-0.8,0.5,fpv,1777627443.1522954,1,0,fpv_remote_remote,,,,,,,,,,
images/001309.jpg,0.0,0.5,fpv,1777627443.2798326,1,0,fpv_remote_remote,,,,,,,,,,
images/001310.jpg,0.0,0.5,fpv,1777627443.4054577,1,0,fpv_remote_remote,,,,,,,,,,
images/001311.jpg,0.0,0.5,fpv,1777627443.5345469,1,0,fpv_remote_remote,,,,,,,,,,
images/001312.jpg,0.0,0.5,fpv,1777627443.66196,1,0,fpv_remote_remote,,,,,,,,,,
images/001313.jpg,0.0,0.5,fpv,1777627443.7892048,1,0,fpv_remote_remote,,,,,,,,,,
images/001314.jpg,0.0,0.5,fpv,1777627443.91505,1,0,fpv_remote_remote,,,,,,,,,,
images/001315.jpg,0.0,0.5,fpv,1777627444.0424316,1,0,fpv_remote_remote,,,,,,,,,,
images/001316.jpg,0.0,0.5,fpv,1777627444.1689148,1,0,fpv_remote_remote,,,,,,,,,,
images/001317.jpg,0.0,0.5,fpv,1777627444.2966778,1,0,fpv_remote_remote,,,,,,,,,,
images/001318.jpg,0.0,0.5,fpv,1777627444.422512,1,0,fpv_remote_remote,,,,,,,,,,
images/001319.jpg,0.0,0.5,fpv,1777627444.5498452,1,0,fpv_remote_remote,,,,,,,,,,
images/001320.jpg,0.0,0.5,fpv,1777627444.676547,1,0,fpv_remote_remote,,,,,,,,,,
images/001321.jpg,0.0,0.5,fpv,1777627444.8042245,1,0,fpv_remote_remote,,,,,,,,,,
images/001322.jpg,0.0,0.5,fpv,1777627444.9313204,1,0,fpv_remote_remote,,,,,,,,,,
images/001323.jpg,0.0,0.5,fpv,1777627445.059887,1,0,fpv_remote_remote,,,,,,,,,,
images/001324.jpg,0.0,0.5,fpv,1777627445.1862772,1,0,fpv_remote_remote,,,,,,,,,,
images/001325.jpg,0.0,0.5,fpv,1777627445.3125641,1,0,fpv_remote_remote,,,,,,,,,,
images/001326.jpg,0.0,0.5,fpv,1777627445.4390323,1,0,fpv_remote_remote,,,,,,,,,,
images/001327.jpg,0.0,0.5,fpv,1777627445.566089,1,0,fpv_remote_remote,,,,,,,,,,
images/001328.jpg,0.0,0.5,fpv,1777627445.6927176,1,0,fpv_remote_remote,,,,,,,,,,
images/001329.jpg,0.0,0.5,fpv,1777627445.818572,1,0,fpv_remote_remote,,,,,,,,,,
images/001330.jpg,0.0,0.5,fpv,1777627445.9479058,1,0,fpv_remote_remote,,,,,,,,,,
images/001331.jpg,0.0,0.5,fpv,1777627446.0748355,1,0,fpv_remote_remote,,,,,,,,,,
images/001332.jpg,0.0,0.5,fpv,1777627446.2030284,1,0,fpv_remote_remote,,,,,,,,,,
images/001333.jpg,0.0,0.5,fpv,1777627446.328223,1,0,fpv_remote_remote,,,,,,,,,,
images/001334.jpg,0.0,0.5,fpv,1777627446.4553528,1,0,fpv_remote_remote,,,,,,,,,,
images/001335.jpg,0.8,0.5,fpv,1777627446.5822785,1,0,fpv_remote_remote,,,,,,,,,,
images/001336.jpg,0.8,0.5,fpv,1777627446.7102633,1,0,fpv_remote_remote,,,,,,,,,,
images/001337.jpg,0.0,0.5,fpv,1777627446.8368778,1,0,fpv_remote_remote,,,,,,,,,,
images/001338.jpg,0.0,0.5,fpv,1777627446.9645765,1,0,fpv_remote_remote,,,,,,,,,,
images/001339.jpg,0.0,0.5,fpv,1777627447.091089,1,0,fpv_remote_remote,,,,,,,,,,
images/001340.jpg,0.0,0.5,fpv,1777627447.2181108,1,0,fpv_remote_remote,,,,,,,,,,
images/001341.jpg,0.0,0.5,fpv,1777627447.3467102,1,0,fpv_remote_remote,,,,,,,,,,
images/001342.jpg,0.0,0.5,fpv,1777627447.4738898,1,0,fpv_remote_remote,,,,,,,,,,
images/001343.jpg,0.0,0.5,fpv,1777627447.6002126,1,0,fpv_remote_remote,,,,,,,,,,
images/001344.jpg,0.4783837397381512,0.5,fpv,1777627447.7279518,1,0,fpv_remote_remote,,,,,,,,,,
images/001345.jpg,0.41239051484725486,0.5,fpv,1777627447.8537738,1,0,fpv_remote_remote,,,,,,,,,,
images/001346.jpg,0.0,0.5,fpv,1777627447.9831839,1,0,fpv_remote_remote,,,,,,,,,,
images/001347.jpg,0.0,0.5,fpv,1777627448.1089163,1,0,fpv_remote_remote,,,,,,,,,,
images/001348.jpg,0.0,0.5,fpv,1777627448.23647,1,0,fpv_remote_remote,,,,,,,,,,
images/001349.jpg,0.0,0.5,fpv,1777627448.3627043,1,0,fpv_remote_remote,,,,,,,,,,
images/001350.jpg,0.0,0.5,fpv,1777627448.4936926,1,0,fpv_remote_remote,,,,,,,,,,
images/001351.jpg,0.8,0.5,fpv,1777627448.619966,1,0,fpv_remote_remote,,,,,,,,,,
images/001352.jpg,0.8,0.5,fpv,1777627448.7483363,1,0,fpv_remote_remote,,,,,,,,,,
images/001353.jpg,0.0,0.5,fpv,1777627448.8749032,1,0,fpv_remote_remote,,,,,,,,,,
images/001354.jpg,0.0,0.5,fpv,1777627449.0036042,1,0,fpv_remote_remote,,,,,,,,,,
images/001355.jpg,0.0,0.5,fpv,1777627449.1312692,1,0,fpv_remote_remote,,,,,,,,,,
images/001356.jpg,0.0,0.5,fpv,1777627449.2594223,1,0,fpv_remote_remote,,,,,,,,,,
images/001357.jpg,0.0,0.5,fpv,1777627449.3869836,1,0,fpv_remote_remote,,,,,,,,,,
images/001358.jpg,0.0,0.5,fpv,1777627449.5143285,1,0,fpv_remote_remote,,,,,,,,,,
images/001359.jpg,0.5031159398174994,0.5,fpv,1777627449.6413078,1,0,fpv_remote_remote,,,,,,,,,,
images/001360.jpg,0.0,0.5,fpv,1777627449.7685564,1,0,fpv_remote_remote,,,,,,,,,,
images/001361.jpg,0.0,0.5,fpv,1777627449.8965907,1,0,fpv_remote_remote,,,,,,,,,,
images/001362.jpg,0.0,0.5,fpv,1777627450.0239687,1,0,fpv_remote_remote,,,,,,,,,,
images/001363.jpg,0.0,0.5,fpv,1777627450.1550496,1,0,fpv_remote_remote,,,,,,,,,,
images/001364.jpg,0.0,0.5,fpv,1777627450.28167,1,0,fpv_remote_remote,,,,,,,,,,
images/001365.jpg,-0.28040406506546217,0.5,fpv,1777627450.4107146,1,0,fpv_remote_remote,,,,,,,,,,
images/001366.jpg,0.0,0.5,fpv,1777627450.5370302,1,0,fpv_remote_remote,,,,,,,,,,
images/001367.jpg,0.0,0.5,fpv,1777627450.6679673,1,0,fpv_remote_remote,,,,,,,,,,
images/001368.jpg,0.0,0.5,fpv,1777627450.7929032,1,0,fpv_remote_remote,,,,,,,,,,
images/001369.jpg,0.0,0.5,fpv,1777627450.9229312,1,0,fpv_remote_remote,,,,,,,,,,
images/001370.jpg,0.0,0.5,fpv,1777627451.050781,1,0,fpv_remote_remote,,,,,,,,,,
images/001371.jpg,0.0,0.5,fpv,1777627451.1797912,1,0,fpv_remote_remote,,,,,,,,,,
images/001372.jpg,0.0,0.5,fpv,1777627451.3102267,1,0,fpv_remote_remote,,,,,,,,,,
images/001373.jpg,0.0,0.5,fpv,1777627451.4383464,1,0,fpv_remote_remote,,,,,,,,,,
images/001374.jpg,0.0,0.5,fpv,1777627451.5664644,1,0,fpv_remote_remote,,,,,,,,,,
images/001375.jpg,0.0,0.5,fpv,1777627451.6924276,1,0,fpv_remote_remote,,,,,,,,,,
images/001376.jpg,-0.27215186010315257,0.5,fpv,1777627451.820041,1,0,fpv_remote_remote,,,,,,,,,,
images/001377.jpg,-0.8,0.5,fpv,1777627451.9450839,1,0,fpv_remote_remote,,,,,,,,,,
images/001378.jpg,-0.8,0.5,fpv,1777627452.0716639,1,0,fpv_remote_remote,,,,,,,,,,
images/001379.jpg,-0.7505355998413038,0.5,fpv,1777627452.198679,1,0,fpv_remote_remote,,,,,,,,,,
images/001380.jpg,0.0,0.5,fpv,1777627452.3267875,1,0,fpv_remote_remote,,,,,,,,,,
images/001381.jpg,0.0,0.5,fpv,1777627452.4524589,1,0,fpv_remote_remote,,,,,,,,,,
images/001382.jpg,0.8,0.5,fpv,1777627452.580528,1,0,fpv_remote_remote,,,,,,,,,,
images/001383.jpg,0.8,0.5,fpv,1777627452.7079914,1,0,fpv_remote_remote,,,,,,,,,,
images/001384.jpg,0.8,0.5,fpv,1777627452.83607,1,0,fpv_remote_remote,,,,,,,,,,
images/001385.jpg,0.8,0.5,fpv,1777627452.9634376,1,0,fpv_remote_remote,,,,,,,,,,
images/001386.jpg,0.8,0.5,fpv,1777627453.0936184,1,0,fpv_remote_remote,,,,,,,,,,
images/001387.jpg,0.8,0.5,fpv,1777627453.2228916,1,0,fpv_remote_remote,,,,,,,,,,
images/001388.jpg,0.8,0.5,fpv,1777627453.351354,1,0,fpv_remote_remote,,,,,,,,,,
images/001389.jpg,0.8,0.5,fpv,1777627453.4768927,1,0,fpv_remote_remote,,,,,,,,,,
images/001390.jpg,0.0,0.5,fpv,1777627453.605265,1,0,fpv_remote_remote,,,,,,,,,,
images/001391.jpg,-0.8,0.5,fpv,1777627453.7316287,1,0,fpv_remote_remote,,,,,,,,,,
images/001392.jpg,-0.8,0.5,fpv,1777627453.861673,1,0,fpv_remote_remote,,,,,,,,,,
images/001393.jpg,-0.8,0.5,fpv,1777627453.9897213,1,0,fpv_remote_remote,,,,,,,,,,
images/001394.jpg,-0.8,0.5,fpv,1777627454.1165767,1,0,fpv_remote_remote,,,,,,,,,,
images/001395.jpg,-0.8,0.5,fpv,1777627454.2458127,1,0,fpv_remote_remote,,,,,,,,,,
images/001396.jpg,-0.8,0.5,fpv,1777627454.3735096,1,0,fpv_remote_remote,,,,,,,,,,
images/001397.jpg,0.0,0.5,fpv,1777627454.5019386,1,0,fpv_remote_remote,,,,,,,,,,
images/001398.jpg,0.0,0.5,fpv,1777627454.6296518,1,0,fpv_remote_remote,,,,,,,,,,
images/001399.jpg,0.8,0.5,fpv,1777627454.7578588,1,0,fpv_remote_remote,,,,,,,,,,
images/001400.jpg,0.8,0.5,fpv,1777627454.884694,1,0,fpv_remote_remote,,,,,,,,,,
images/001401.jpg,0.8,0.5,fpv,1777627455.012275,1,0,fpv_remote_remote,,,,,,,,,,
images/001402.jpg,0.0,0.5,fpv,1777627455.1385608,1,0,fpv_remote_remote,,,,,,,,,,
images/001403.jpg,0.0,0.5,fpv,1777627455.267716,1,0,fpv_remote_remote,,,,,,,,,,
images/001404.jpg,0.0,0.5,fpv,1777627455.3950877,1,0,fpv_remote_remote,,,,,,,,,,
images/001405.jpg,0.0,0.5,fpv,1777627455.5242238,1,0,fpv_remote_remote,,,,,,,,,,
images/001406.jpg,0.8,0.5,fpv,1777627455.6511211,1,0,fpv_remote_remote,,,,,,,,,,
images/001407.jpg,0.8,0.5,fpv,1777627455.7801316,1,0,fpv_remote_remote,,,,,,,,,,
images/001408.jpg,0.8,0.5,fpv,1777627455.9075332,1,0,fpv_remote_remote,,,,,,,,,,
images/001409.jpg,0.8,0.5,fpv,1777627456.0353518,1,0,fpv_remote_remote,,,,,,,,,,
images/001410.jpg,0.8,0.5,fpv,1777627456.1639245,1,0,fpv_remote_remote,,,,,,,,,,
images/001411.jpg,0.0,0.5,fpv,1777627456.289872,1,0,fpv_remote_remote,,,,,,,,,,
images/001412.jpg,0.0,0.5,fpv,1777627456.4169714,1,0,fpv_remote_remote,,,,,,,,,,
images/001413.jpg,0.0,0.5,fpv,1777627456.5426998,1,0,fpv_remote_remote,,,,,,,,,,
images/001414.jpg,0.0,0.5,fpv,1777627456.6716013,1,0,fpv_remote_remote,,,,,,,,,,
images/001415.jpg,0.0,0.5,fpv,1777627456.7982092,1,0,fpv_remote_remote,,,,,,,,,,
images/001416.jpg,0.0,0.5,fpv,1777627456.926877,1,0,fpv_remote_remote,,,,,,,,,,
images/001417.jpg,0.0,-0.5,fpv,1777627457.1369467,1,0,fpv_remote_remote,,,,,,,,,,
images/001418.jpg,0.0,-0.5,fpv,1777627457.2655957,1,0,fpv_remote_remote,,,,,,,,,,
images/001419.jpg,0.0,-0.5,fpv,1777627457.391622,1,0,fpv_remote_remote,,,,,,,,,,
images/001420.jpg,0.0,-0.5,fpv,1777627457.520099,1,0,fpv_remote_remote,,,,,,,,,,
images/001421.jpg,0.0,-0.5,fpv,1777627457.6483467,1,0,fpv_remote_remote,,,,,,,,,,
images/001422.jpg,0.0,-0.5,fpv,1777627457.776577,1,0,fpv_remote_remote,,,,,,,,,,
images/001423.jpg,0.8,0.37115085299233985,fpv,1777627458.7483158,1,0,fpv_remote_remote,,,,,,,,,,
images/001424.jpg,0.8,0.5,fpv,1777627458.8763697,1,0,fpv_remote_remote,,,,,,,,,,
images/001425.jpg,0.8,0.5,fpv,1777627459.0032454,1,0,fpv_remote_remote,,,,,,,,,,
images/001426.jpg,0.8,0.5,fpv,1777627459.1306767,1,0,fpv_remote_remote,,,,,,,,,,
images/001427.jpg,0.8,0.5,fpv,1777627459.2594237,1,0,fpv_remote_remote,,,,,,,,,,
images/001428.jpg,0.8,0.5,fpv,1777627459.3872693,1,0,fpv_remote_remote,,,,,,,,,,
images/001429.jpg,0.0,0.5,fpv,1777627459.5143812,1,0,fpv_remote_remote,,,,,,,,,,
images/001430.jpg,0.0,0.5,fpv,1777627459.643299,1,0,fpv_remote_remote,,,,,,,,,,
images/001431.jpg,-0.8,0.5,fpv,1777627459.7694428,1,0,fpv_remote_remote,,,,,,,,,,
images/001432.jpg,-0.8,0.5,fpv,1777627459.8979087,1,0,fpv_remote_remote,,,,,,,,,,
images/001433.jpg,-0.8,0.5,fpv,1777627460.0241108,1,0,fpv_remote_remote,,,,,,,,,,
images/001434.jpg,-0.8,0.5,fpv,1777627460.151701,1,0,fpv_remote_remote,,,,,,,,,,
images/001435.jpg,-0.8,0.5,fpv,1777627460.276651,1,0,fpv_remote_remote,,,,,,,,,,
images/001436.jpg,0.0,0.5,fpv,1777627460.4063725,1,0,fpv_remote_remote,,,,,,,,,,
images/001437.jpg,0.0,0.5,fpv,1777627460.533614,1,0,fpv_remote_remote,,,,,,,,,,
images/001438.jpg,0.0,0.5,fpv,1777627460.661799,1,0,fpv_remote_remote,,,,,,,,,,
images/001439.jpg,0.0,0.5,fpv,1777627460.7873552,1,0,fpv_remote_remote,,,,,,,,,,
images/001440.jpg,0.0,0.5,fpv,1777627460.9158528,1,0,fpv_remote_remote,,,,,,,,,,
images/001441.jpg,0.0,0.5,fpv,1777627461.0421653,1,0,fpv_remote_remote,,,,,,,,,,
images/001442.jpg,0.0,0.5,fpv,1777627461.1690547,1,0,fpv_remote_remote,,,,,,,,,,
images/001443.jpg,0.0,0.5,fpv,1777627461.2940412,1,0,fpv_remote_remote,,,,,,,,,,
images/001444.jpg,0.0,0.5,fpv,1777627461.422689,1,0,fpv_remote_remote,,,,,,,,,,
images/001445.jpg,0.0,0.5,fpv,1777627461.550064,1,0,fpv_remote_remote,,,,,,,,,,
images/001446.jpg,0.0,0.5,fpv,1777627461.6777108,1,0,fpv_remote_remote,,,,,,,,,,
images/001447.jpg,0.0,0.5,fpv,1777627461.803705,1,0,fpv_remote_remote,,,,,,,,,,
images/001448.jpg,0.0,0.5,fpv,1777627461.9324048,1,0,fpv_remote_remote,,,,,,,,,,
images/001449.jpg,0.0,0.5,fpv,1777627462.058798,1,0,fpv_remote_remote,,,,,,,,,,
images/001450.jpg,0.0,0.5,fpv,1777627462.186054,1,0,fpv_remote_remote,,,,,,,,,,
images/001451.jpg,0.0,0.5,fpv,1777627462.3136659,1,0,fpv_remote_remote,,,,,,,,,,
images/001452.jpg,0.0,0.5,fpv,1777627462.4419253,1,0,fpv_remote_remote,,,,,,,,,,
images/001453.jpg,0.0,0.5,fpv,1777627462.5692582,1,0,fpv_remote_remote,,,,,,,,,,
images/001454.jpg,0.0,0.5,fpv,1777627462.6960006,1,0,fpv_remote_remote,,,,,,,,,,
images/001455.jpg,0.0,0.5,fpv,1777627462.8232565,1,0,fpv_remote_remote,,,,,,,,,,
images/001456.jpg,0.0,0.5,fpv,1777627462.9490411,1,0,fpv_remote_remote,,,,,,,,,,
images/001457.jpg,0.0,0.5,fpv,1777627463.0756364,1,0,fpv_remote_remote,,,,,,,,,,
images/001458.jpg,0.0,0.5,fpv,1777627463.2028968,1,0,fpv_remote_remote,,,,,,,,,,
images/001459.jpg,0.0,0.5,fpv,1777627463.3319974,1,0,fpv_remote_remote,,,,,,,,,,
images/001460.jpg,0.0,0.5,fpv,1777627463.457771,1,0,fpv_remote_remote,,,,,,,,,,
images/001461.jpg,0.0,0.5,fpv,1777627463.5839043,1,0,fpv_remote_remote,,,,,,,,,,
images/001462.jpg,0.717551194799646,0.5,fpv,1777627463.7101636,1,0,fpv_remote_remote,,,,,,,,,,
images/001463.jpg,0.8,0.5,fpv,1777627463.837873,1,0,fpv_remote_remote,,,,,,,,,,
images/001464.jpg,0.5443525498214667,0.5,fpv,1777627463.966104,1,0,fpv_remote_remote,,,,,,,,,,
images/001465.jpg,0.0,0.5,fpv,1777627464.0920115,1,0,fpv_remote_remote,,,,,,,,,,
images/001466.jpg,0.0,0.5,fpv,1777627464.218772,1,0,fpv_remote_remote,,,,,,,,,,
images/001467.jpg,0.0,0.5,fpv,1777627464.3465197,1,0,fpv_remote_remote,,,,,,,,,,
images/001468.jpg,0.0,0.5,fpv,1777627464.4721522,1,0,fpv_remote_remote,,,,,,,,,,
images/001469.jpg,0.0,0.5,fpv,1777627464.5992537,1,0,fpv_remote_remote,,,,,,,,,,
images/001470.jpg,0.0,0.5,fpv,1777627464.7267373,1,0,fpv_remote_remote,,,,,,,,,,
images/001471.jpg,0.8,0.5,fpv,1777627464.8550594,1,0,fpv_remote_remote,,,,,,,,,,
images/001472.jpg,0.7505600146488846,0.5,fpv,1777627464.981012,1,0,fpv_remote_remote,,,,,,,,,,
images/001473.jpg,0.0,0.5,fpv,1777627465.1073031,1,0,fpv_remote_remote,,,,,,,,,,
images/001474.jpg,0.0,0.5,fpv,1777627465.2329955,1,0,fpv_remote_remote,,,,,,,,,,
images/001475.jpg,0.0,0.5,fpv,1777627465.3617215,1,0,fpv_remote_remote,,,,,,,,,,
images/001476.jpg,0.0,0.5,fpv,1777627465.489255,1,0,fpv_remote_remote,,,,,,,,,,
images/001477.jpg,0.0,0.5,fpv,1777627465.6169086,1,0,fpv_remote_remote,,,,,,,,,,
images/001478.jpg,0.0,0.5,fpv,1777627465.7431061,1,0,fpv_remote_remote,,,,,,,,,,
images/001479.jpg,0.8,0.5,fpv,1777627465.8726578,1,0,fpv_remote_remote,,,,,,,,,,
images/001480.jpg,0.0,0.5,fpv,1777627465.99953,1,0,fpv_remote_remote,,,,,,,,,,
images/001481.jpg,0.0,0.5,fpv,1777627466.1271274,1,0,fpv_remote_remote,,,,,,,,,,
images/001482.jpg,0.0,0.5,fpv,1777627466.2534838,1,0,fpv_remote_remote,,,,,,,,,,
images/001483.jpg,0.8,0.5,fpv,1777627466.3812675,1,0,fpv_remote_remote,,,,,,,,,,
images/001484.jpg,0.0,0.5,fpv,1777627466.5097988,1,0,fpv_remote_remote,,,,,,,,,,
images/001485.jpg,0.0,0.5,fpv,1777627466.637328,1,0,fpv_remote_remote,,,,,,,,,,
images/001486.jpg,0.0,0.5,fpv,1777627466.763984,1,0,fpv_remote_remote,,,,,,,,,,
images/001487.jpg,0.0,0.5,fpv,1777627466.891426,1,0,fpv_remote_remote,,,,,,,,,,
images/001488.jpg,0.0,0.5,fpv,1777627467.0178018,1,0,fpv_remote_remote,,,,,,,,,,
images/001489.jpg,0.0,0.5,fpv,1777627467.1450214,1,0,fpv_remote_remote,,,,,,,,,,
images/001490.jpg,-0.8,0.5,fpv,1777627467.2722607,1,0,fpv_remote_remote,,,,,,,,,,
images/001491.jpg,-0.38763389996032593,0.5,fpv,1777627467.3994653,1,0,fpv_remote_remote,,,,,,,,,,
images/001492.jpg,0.0,0.5,fpv,1777627467.5264547,1,0,fpv_remote_remote,,,,,,,,,,
images/001493.jpg,0.0,0.5,fpv,1777627467.653918,1,0,fpv_remote_remote,,,,,,,,,,
images/001494.jpg,0.0,0.5,fpv,1777627467.7819972,1,0,fpv_remote_remote,,,,,,,,,,
images/001495.jpg,0.0,0.5,fpv,1777627467.907736,1,0,fpv_remote_remote,,,,,,,,,,
images/001496.jpg,0.0,0.5,fpv,1777627468.0366418,1,0,fpv_remote_remote,,,,,,,,,,
images/001497.jpg,0.0,0.5,fpv,1777627468.16605,1,0,fpv_remote_remote,,,,,,,,,,
images/001498.jpg,0.0,0.5,fpv,1777627468.292777,1,0,fpv_remote_remote,,,,,,,,,,
images/001499.jpg,0.0,0.5,fpv,1777627468.4185047,1,0,fpv_remote_remote,,,,,,,,,,
images/001500.jpg,0.0,0.5,fpv,1777627468.5457177,1,0,fpv_remote_remote,,,,,,,,,,
images/001501.jpg,0.0,0.5,fpv,1777627468.674165,1,0,fpv_remote_remote,,,,,,,,,,
images/001502.jpg,0.0,0.5,fpv,1777627468.802206,1,0,fpv_remote_remote,,,,,,,,,,
images/001503.jpg,0.0,0.5,fpv,1777627468.9281461,1,0,fpv_remote_remote,,,,,,,,,,
images/001504.jpg,0.16497085482345042,0.5,fpv,1777627469.0558589,1,0,fpv_remote_remote,,,,,,,,,,
images/001505.jpg,0.8,0.5,fpv,1777627469.1822226,1,0,fpv_remote_remote,,,,,,,,,,
images/001506.jpg,0.0,0.5,fpv,1777627469.310127,1,0,fpv_remote_remote,,,,,,,,,,
images/001507.jpg,0.0,0.5,fpv,1777627469.4373615,1,0,fpv_remote_remote,,,,,,,,,,
images/001508.jpg,0.0,0.5,fpv,1777627469.5662315,1,0,fpv_remote_remote,,,,,,,,,,
images/001509.jpg,0.0,0.5,fpv,1777627469.6947963,1,0,fpv_remote_remote,,,,,,,,,,
images/001510.jpg,0.0,0.5,fpv,1777627469.8210673,1,0,fpv_remote_remote,,,,,,,,,,
images/001511.jpg,0.0,0.5,fpv,1777627469.9482656,1,0,fpv_remote_remote,,,,,,,,,,
images/001512.jpg,0.8,0.5,fpv,1777627470.076703,1,0,fpv_remote_remote,,,,,,,,,,
images/001513.jpg,0.3134128849147008,0.5,fpv,1777627470.2040439,1,0,fpv_remote_remote,,,,,,,,,,
images/001514.jpg,0.0,0.5,fpv,1777627470.3305342,1,0,fpv_remote_remote,,,,,,,,,,
images/001515.jpg,0.0,0.5,fpv,1777627470.4586802,1,0,fpv_remote_remote,,,,,,,,,,
images/001516.jpg,0.0,0.5,fpv,1777627470.5846107,1,0,fpv_remote_remote,,,,,,,,,,
images/001517.jpg,0.0,0.5,fpv,1777627470.712229,1,0,fpv_remote_remote,,,,,,,,,,
images/001518.jpg,0.0,0.5,fpv,1777627470.8391066,1,0,fpv_remote_remote,,,,,,,,,,
images/001519.jpg,0.0,0.5,fpv,1777627470.9681487,1,0,fpv_remote_remote,,,,,,,,,,
images/001520.jpg,0.0,0.5,fpv,1777627471.0961556,1,0,fpv_remote_remote,,,,,,,,,,
images/001521.jpg,0.8,0.5,fpv,1777627471.2237883,1,0,fpv_remote_remote,,,,,,,,,,
images/001522.jpg,0.0,0.5,fpv,1777627471.3505812,1,0,fpv_remote_remote,,,,,,,,,,
images/001523.jpg,0.0,0.5,fpv,1777627471.4786534,1,0,fpv_remote_remote,,,,,,,,,,
images/001524.jpg,0.0,0.5,fpv,1777627471.6094942,1,0,fpv_remote_remote,,,,,,,,,,
images/001525.jpg,0.0,0.5,fpv,1777627471.73649,1,0,fpv_remote_remote,,,,,,,,,,
images/001526.jpg,-0.8,0.5,fpv,1777627471.863449,1,0,fpv_remote_remote,,,,,,,,,,
images/001527.jpg,0.0,0.5,fpv,1777627471.9924698,1,0,fpv_remote_remote,,,,,,,,,,
images/001528.jpg,0.0,0.5,fpv,1777627472.120329,1,0,fpv_remote_remote,,,,,,,,,,
images/001529.jpg,0.0,0.5,fpv,1777627472.246413,1,0,fpv_remote_remote,,,,,,,,,,
images/001530.jpg,0.18970305490279857,0.5,fpv,1777627472.3744912,1,0,fpv_remote_remote,,,,,,,,,,
images/001531.jpg,0.8,0.5,fpv,1777627472.5003786,1,0,fpv_remote_remote,,,,,,,,,,
images/001532.jpg,0.8,0.5,fpv,1777627472.6278827,1,0,fpv_remote_remote,,,,,,,,,,
images/001533.jpg,0.8,0.5,fpv,1777627472.7565858,1,0,fpv_remote_remote,,,,,,,,,,
images/001534.jpg,0.8,0.5,fpv,1777627472.8860016,1,0,fpv_remote_remote,,,,,,,,,,
images/001535.jpg,0.8,0.5,fpv,1777627473.0132403,1,0,fpv_remote_remote,,,,,,,,,,
images/001536.jpg,0.2391918698690756,0.5,fpv,1777627473.1412463,1,0,fpv_remote_remote,,,,,,,,,,
images/001537.jpg,0.0,0.5,fpv,1777627473.267786,1,0,fpv_remote_remote,,,,,,,,,,
images/001538.jpg,0.0,0.5,fpv,1777627473.3948176,1,0,fpv_remote_remote,,,,,,,,,,
images/001539.jpg,0.0,0.5,fpv,1777627473.520712,1,0,fpv_remote_remote,,,,,,,,,,
images/001540.jpg,0.0,-0.5,fpv,1777627473.7358365,1,0,fpv_remote_remote,,,,,,,,,,
images/001541.jpg,-0.8,-0.5,fpv,1777627473.8629358,1,0,fpv_remote_remote,,,,,,,,,,
images/001542.jpg,-0.8,-0.5,fpv,1777627473.9911716,1,0,fpv_remote_remote,,,,,,,,,,
images/001543.jpg,-0.8,-0.5,fpv,1777627474.1170099,1,0,fpv_remote_remote,,,,,,,,,,
images/001544.jpg,-0.8,-0.5,fpv,1777627474.2475326,1,0,fpv_remote_remote,,,,,,,,,,
images/001545.jpg,0.0,-0.5,fpv,1777627474.3740132,1,0,fpv_remote_remote,,,,,,,,,,
images/001546.jpg,0.0,-0.37113559373760185,fpv,1777627474.5013807,1,0,fpv_remote_remote,,,,,,,,,,
images/001547.jpg,0.0,0.5,fpv,1777627474.9681182,1,0,fpv_remote_remote,,,,,,,,,,
images/001548.jpg,0.0,0.5,fpv,1777627475.0941908,1,0,fpv_remote_remote,,,,,,,,,,
images/001549.jpg,0.0,0.5,fpv,1777627475.2216072,1,0,fpv_remote_remote,,,,,,,,,,
images/001550.jpg,0.0,0.5,fpv,1777627475.3479626,1,0,fpv_remote_remote,,,,,,,,,,
images/001551.jpg,0.0,0.5,fpv,1777627475.4753983,1,0,fpv_remote_remote,,,,,,,,,,
images/001552.jpg,0.8,0.5,fpv,1777627475.6018243,1,0,fpv_remote_remote,,,,,,,,,,
images/001553.jpg,0.0,0.5,fpv,1777627475.729331,1,0,fpv_remote_remote,,,,,,,,,,
images/001554.jpg,0.0,0.5,fpv,1777627475.856807,1,0,fpv_remote_remote,,,,,,,,,,
images/001555.jpg,0.0,0.5,fpv,1777627475.98319,1,0,fpv_remote_remote,,,,,,,,,,
images/001556.jpg,0.0,0.5,fpv,1777627476.1105387,1,0,fpv_remote_remote,,,,,,,,,,
images/001557.jpg,-0.8,0.5,fpv,1777627476.237998,1,0,fpv_remote_remote,,,,,,,,,,
images/001558.jpg,-0.8,0.5,fpv,1777627476.3652053,1,0,fpv_remote_remote,,,,,,,,,,
images/001559.jpg,0.0,0.5,fpv,1777627476.4910996,1,0,fpv_remote_remote,,,,,,,,,,
images/001560.jpg,0.0,0.5,fpv,1777627476.617697,1,0,fpv_remote_remote,,,,,,,,,,
images/001561.jpg,0.0,0.5,fpv,1777627476.7434018,1,0,fpv_remote_remote,,,,,,,,,,
images/001562.jpg,0.0,0.5,fpv,1777627476.8708887,1,0,fpv_remote_remote,,,,,,,,,,
images/001563.jpg,0.0,0.5,fpv,1777627476.9967923,1,0,fpv_remote_remote,,,,,,,,,,
images/001564.jpg,-0.8,0.5,fpv,1777627477.1253843,1,0,fpv_remote_remote,,,,,,,,,,
images/001565.jpg,-0.8,0.5,fpv,1777627477.2518675,1,0,fpv_remote_remote,,,,,,,,,,
images/001566.jpg,-0.8,0.5,fpv,1777627477.380935,1,0,fpv_remote_remote,,,,,,,,,,
images/001567.jpg,0.0,0.5,fpv,1777627477.5078125,1,0,fpv_remote_remote,,,,,,,,,,
images/001568.jpg,0.0,0.5,fpv,1777627477.6355288,1,0,fpv_remote_remote,,,,,,,,,,
images/001569.jpg,0.0,0.5,fpv,1777627477.7622123,1,0,fpv_remote_remote,,,,,,,,,,
images/001570.jpg,0.0,0.5,fpv,1777627477.890684,1,0,fpv_remote_remote,,,,,,,,,,
images/001571.jpg,0.0,0.5,fpv,1777627478.0169775,1,0,fpv_remote_remote,,,,,,,,,,
images/001572.jpg,0.0,0.5,fpv,1777627478.1469276,1,0,fpv_remote_remote,,,,,,,,,,
images/001573.jpg,-0.47835932493057043,0.5,fpv,1777627478.2757602,1,0,fpv_remote_remote,,,,,,,,,,
images/001574.jpg,0.0,0.5,fpv,1777627478.4032104,1,0,fpv_remote_remote,,,,,,,,,,
images/001575.jpg,0.0,0.5,fpv,1777627478.5296423,1,0,fpv_remote_remote,,,,,,,,,,
images/001576.jpg,0.0,0.5,fpv,1777627478.6582222,1,0,fpv_remote_remote,,,,,,,,,,
images/001577.jpg,0.0,0.5,fpv,1777627478.7856157,1,0,fpv_remote_remote,,,,,,,,,,
images/001578.jpg,0.0,0.5,fpv,1777627478.9104476,1,0,fpv_remote_remote,,,,,,,,,,
images/001579.jpg,0.0,0.5,fpv,1777627479.0353363,1,0,fpv_remote_remote,,,,,,,,,,
images/001580.jpg,0.0,0.5,fpv,1777627479.1604414,1,0,fpv_remote_remote,,,,,,,,,,
images/001581.jpg,0.0,0.5,fpv,1777627479.288158,1,0,fpv_remote_remote,,,,,,,,,,
images/001582.jpg,0.0,0.5,fpv,1777627479.4144492,1,0,fpv_remote_remote,,,,,,,,,,
images/001583.jpg,0.8,0.5,fpv,1777627479.5417988,1,0,fpv_remote_remote,,,,,,,,,,
images/001584.jpg,0.8,0.5,fpv,1777627479.669884,1,0,fpv_remote_remote,,,,,,,,,,
images/001585.jpg,0.8,0.5,fpv,1777627479.7968056,1,0,fpv_remote_remote,,,,,,,,,,
images/001586.jpg,0.0,0.5,fpv,1777627479.9226139,1,0,fpv_remote_remote,,,,,,,,,,
images/001587.jpg,0.0,0.5,fpv,1777627480.0487075,1,0,fpv_remote_remote,,,,,,,,,,
images/001588.jpg,0.0,0.5,fpv,1777627480.174656,1,0,fpv_remote_remote,,,,,,,,,,
images/001589.jpg,0.0,0.5,fpv,1777627480.3054366,1,0,fpv_remote_remote,,,,,,,,,,
images/001590.jpg,0.0,0.5,fpv,1777627480.4319692,1,0,fpv_remote_remote,,,,,,,,,,
images/001591.jpg,0.0,0.5,fpv,1777627480.5597425,1,0,fpv_remote_remote,,,,,,,,,,
images/001592.jpg,0.0,0.5,fpv,1777627480.6859515,1,0,fpv_remote_remote,,,,,,,,,,
images/001593.jpg,0.6268257698294016,0.5,fpv,1777627480.8122275,1,0,fpv_remote_remote,,,,,,,,,,
images/001594.jpg,0.8,0.5,fpv,1777627480.9379973,1,0,fpv_remote_remote,,,,,,,,,,
images/001595.jpg,0.0,0.5,fpv,1777627481.0655022,1,0,fpv_remote_remote,,,,,,,,,,
images/001596.jpg,0.0,0.5,fpv,1777627481.191177,1,0,fpv_remote_remote,,,,,,,,,,
images/001597.jpg,0.0,0.5,fpv,1777627481.318509,1,0,fpv_remote_remote,,,,,,,,,,
images/001598.jpg,0.0,0.5,fpv,1777627481.444518,1,0,fpv_remote_remote,,,,,,,,,,
images/001599.jpg,0.0,0.5,fpv,1777627481.5717552,1,0,fpv_remote_remote,,,,,,,,,,
images/001600.jpg,0.0,0.5,fpv,1777627481.6981485,1,0,fpv_remote_remote,,,,,,,,,,
images/001601.jpg,0.0,0.5,fpv,1777627481.8260312,1,0,fpv_remote_remote,,,,,,,,,,
images/001602.jpg,0.49486373485518964,0.5,fpv,1777627481.9525733,1,0,fpv_remote_remote,,,,,,,,,,
images/001603.jpg,0.8,0.5,fpv,1777627482.0797129,1,0,fpv_remote_remote,,,,,,,,,,
images/001604.jpg,0.8,0.5,fpv,1777627482.2082586,1,0,fpv_remote_remote,,,,,,,,,,
images/001605.jpg,0.8,0.5,fpv,1777627482.336091,1,0,fpv_remote_remote,,,,,,,,,,
images/001606.jpg,0.5526047547837764,0.5,fpv,1777627482.4634871,1,0,fpv_remote_remote,,,,,,,,,,
images/001607.jpg,0.2556962797936949,0.5,fpv,1777627482.5904086,1,0,fpv_remote_remote,,,,,,,,,,
images/001608.jpg,0.0,0.5,fpv,1777627482.7181175,1,0,fpv_remote_remote,,,,,,,,,,
images/001609.jpg,0.0,0.5,fpv,1777627482.8461933,1,0,fpv_remote_remote,,,,,,,,,,
images/001610.jpg,-0.7010467848750267,0.5,fpv,1777627482.9727771,1,0,fpv_remote_remote,,,,,,,,,,
images/001611.jpg,-0.4041138950773644,0.5,fpv,1777627483.100637,1,0,fpv_remote_remote,,,,,,,,,,
images/001612.jpg,0.0,0.5,fpv,1777627483.2294772,1,0,fpv_remote_remote,,,,,,,,,,
images/001613.jpg,0.0,0.5,fpv,1777627483.3555553,1,0,fpv_remote_remote,,,,,,,,,,
images/001614.jpg,0.0,0.5,fpv,1777627483.482478,1,0,fpv_remote_remote,,,,,,,,,,
images/001615.jpg,0.0,0.5,fpv,1777627483.609473,1,0,fpv_remote_remote,,,,,,,,,,
images/001616.jpg,0.0,0.5,fpv,1777627483.7367933,1,0,fpv_remote_remote,,,,,,,,,,
images/001617.jpg,-0.30516067995239116,0.5,fpv,1777627483.862461,1,0,fpv_remote_remote,,,,,,,,,,
images/001618.jpg,-0.8,0.5,fpv,1777627483.989699,1,0,fpv_remote_remote,,,,,,,,,,
images/001619.jpg,-0.8,0.5,fpv,1777627484.116358,1,0,fpv_remote_remote,,,,,,,,,,
images/001620.jpg,-0.5195959349345378,0.5,fpv,1777627484.2443979,1,0,fpv_remote_remote,,,,,,,,,,
images/001621.jpg,-0.46185491500595116,0.5,fpv,1777627484.3699217,1,0,fpv_remote_remote,,,,,,,,,,
images/001622.jpg,-0.4701071199682607,0.5,fpv,1777627484.4965026,1,0,fpv_remote_remote,,,,,,,,,,
images/001623.jpg,-0.42061830500198377,0.5,fpv,1777627484.623767,1,0,fpv_remote_remote,,,,,,,,,,
images/001624.jpg,0.0,0.5,fpv,1777627484.7510054,1,0,fpv_remote_remote,,,,,,,,,,
images/001625.jpg,0.0,0.5,fpv,1777627484.8778808,1,0,fpv_remote_remote,,,,,,,,,,
images/001626.jpg,0.0,0.5,fpv,1777627485.0084174,1,0,fpv_remote_remote,,,,,,,,,,
images/001627.jpg,0.8,0.5,fpv,1777627485.1347747,1,0,fpv_remote_remote,,,,,,,,,,
images/001628.jpg,0.8,0.5,fpv,1777627485.2646415,1,0,fpv_remote_remote,,,,,,,,,,
images/001629.jpg,0.0,0.5,fpv,1777627485.3916152,1,0,fpv_remote_remote,,,,,,,,,,
images/001630.jpg,0.0,0.5,fpv,1777627485.5182433,1,0,fpv_remote_remote,,,,,,,,,,
images/001631.jpg,0.0,0.5,fpv,1777627485.6443725,1,0,fpv_remote_remote,,,,,,,,,,
images/001632.jpg,0.0,0.5,fpv,1777627485.7729774,1,0,fpv_remote_remote,,,,,,,,,,
images/001633.jpg,0.0,0.5,fpv,1777627485.8995287,1,0,fpv_remote_remote,,,,,,,,,,
images/001634.jpg,0.0,0.5,fpv,1777627486.0270553,1,0,fpv_remote_remote,,,,,,,,,,
images/001635.jpg,0.8,0.5,fpv,1777627486.1540484,1,0,fpv_remote_remote,,,,,,,,,,
images/001636.jpg,0.8,0.5,fpv,1777627486.2830114,1,0,fpv_remote_remote,,,,,,,,,,
images/001637.jpg,0.8,0.5,fpv,1777627486.4101079,1,0,fpv_remote_remote,,,,,,,,,,
images/001638.jpg,0.0,0.5,fpv,1777627486.5370767,1,0,fpv_remote_remote,,,,,,,,,,
images/001639.jpg,0.0,0.5,fpv,1777627486.6638,1,0,fpv_remote_remote,,,,,,,,,,
images/001640.jpg,0.0,0.5,fpv,1777627486.793261,1,0,fpv_remote_remote,,,,,,,,,,
images/001641.jpg,0.0,0.5,fpv,1777627486.9220133,1,0,fpv_remote_remote,,,,,,,,,,
images/001642.jpg,0.0,0.5,fpv,1777627487.049711,1,0,fpv_remote_remote,,,,,,,,,,
images/001643.jpg,-0.47835932493057043,0.5,fpv,1777627487.179467,1,0,fpv_remote_remote,,,,,,,,,,
images/001644.jpg,0.0,0.5,fpv,1777627487.3075242,1,0,fpv_remote_remote,,,,,,,,,,
images/001645.jpg,0.0,0.5,fpv,1777627487.435049,1,0,fpv_remote_remote,,,,,,,,,,
images/001646.jpg,0.0,0.5,fpv,1777627487.5625014,1,0,fpv_remote_remote,,,,,,,,,,
images/001647.jpg,0.0,0.5,fpv,1777627487.6894271,1,0,fpv_remote_remote,,,,,,,,,,
images/001648.jpg,0.0,0.5,fpv,1777627487.815259,1,0,fpv_remote_remote,,,,,,,,,,
images/001649.jpg,0.0,0.5,fpv,1777627487.9430883,1,0,fpv_remote_remote,,,,,,,,,,
images/001650.jpg,0.0,0.5,fpv,1777627488.069658,1,0,fpv_remote_remote,,,,,,,,,,
images/001651.jpg,0.0,0.5,fpv,1777627488.1988444,1,0,fpv_remote_remote,,,,,,,,,,
images/001652.jpg,0.0,0.5,fpv,1777627488.3249352,1,0,fpv_remote_remote,,,,,,,,,,
images/001653.jpg,0.0,0.5,fpv,1777627488.4523783,1,0,fpv_remote_remote,,,,,,,,,,
images/001654.jpg,0.8,0.5,fpv,1777627488.5782053,1,0,fpv_remote_remote,,,,,,,,,,
images/001655.jpg,0.8,0.5,fpv,1777627488.7056122,1,0,fpv_remote_remote,,,,,,,,,,
images/001656.jpg,0.8,0.5,fpv,1777627488.8312802,1,0,fpv_remote_remote,,,,,,,,,,
images/001657.jpg,0.560856959746086,0.5,fpv,1777627488.9589164,1,0,fpv_remote_remote,,,,,,,,,,
images/001658.jpg,0.37940610980559714,0.5,fpv,1777627489.0846257,1,0,fpv_remote_remote,,,,,,,,,,
images/001659.jpg,0.37940610980559714,0.5,fpv,1777627489.2127352,1,0,fpv_remote_remote,,,,,,,,,,
images/001660.jpg,0.8,0.5,fpv,1777627489.3417125,1,0,fpv_remote_remote,,,,,,,,,,
images/001661.jpg,0.8,0.5,fpv,1777627489.470936,1,0,fpv_remote_remote,,,,,,,,,,
images/001662.jpg,0.8,0.5,fpv,1777627489.6004364,1,0,fpv_remote_remote,,,,,,,,,,
images/001663.jpg,0.8,0.5,fpv,1777627489.7292068,1,0,fpv_remote_remote,,,,,,,,,,
images/001664.jpg,0.0,0.5,fpv,1777627489.8562741,1,0,fpv_remote_remote,,,,,,,,,,
images/001665.jpg,0.0,0.5,fpv,1777627489.9836583,1,0,fpv_remote_remote,,,,,,,,,,
images/001666.jpg,0.0,0.5,fpv,1777627490.1120796,1,0,fpv_remote_remote,,,,,,,,,,
images/001667.jpg,-0.8,0.5,fpv,1777627490.239843,1,0,fpv_remote_remote,,,,,,,,,,
images/001668.jpg,-0.8,0.5,fpv,1777627490.3684955,1,0,fpv_remote_remote,,,,,,,,,,
images/001669.jpg,-0.8,0.5,fpv,1777627490.495033,1,0,fpv_remote_remote,,,,,,,,,,
images/001670.jpg,-0.8,0.5,fpv,1777627490.6237621,1,0,fpv_remote_remote,,,,,,,,,,
images/001671.jpg,0.0,0.5,fpv,1777627490.750804,1,0,fpv_remote_remote,,,,,,,,,,
images/001672.jpg,0.0,0.5,fpv,1777627490.8801544,1,0,fpv_remote_remote,,,,,,,,,,
images/001673.jpg,0.0,0.5,fpv,1777627491.0073283,1,0,fpv_remote_remote,,,,,,,,,,
images/001674.jpg,0.0,0.5,fpv,1777627491.135309,1,0,fpv_remote_remote,,,,,,,,,,
images/001675.jpg,0.0,0.5,fpv,1777627491.266654,1,0,fpv_remote_remote,,,,,,,,,,
images/001676.jpg,0.0,0.5,fpv,1777627491.3937008,1,0,fpv_remote_remote,,,,,,,,,,
images/001677.jpg,0.0,0.5,fpv,1777627491.5210168,1,0,fpv_remote_remote,,,,,,,,,,
images/001678.jpg,-0.12370983001190222,0.5,fpv,1777627491.6465807,1,0,fpv_remote_remote,,,,,,,,,,
images/001679.jpg,-0.28040406506546217,0.5,fpv,1777627491.7734344,1,0,fpv_remote_remote,,,,,,,,,,
images/001680.jpg,0.0,0.5,fpv,1777627491.9005907,1,0,fpv_remote_remote,,,,,,,,,,
images/001681.jpg,0.0,0.5,fpv,1777627492.0282965,1,0,fpv_remote_remote,,,,,,,,,,
images/001682.jpg,0.0,0.5,fpv,1777627492.154036,1,0,fpv_remote_remote,,,,,,,,,,
images/001683.jpg,0.0,0.5,fpv,1777627492.281902,1,0,fpv_remote_remote,,,,,,,,,,
images/001684.jpg,-0.4536027100436415,0.5,fpv,1777627492.4094143,1,0,fpv_remote_remote,,,,,,,,,,
images/001685.jpg,-0.5690847499008148,0.5,fpv,1777627492.5373783,1,0,fpv_remote_remote,,,,,,,,,,
images/001686.jpg,0.0,0.5,fpv,1777627492.6635964,1,0,fpv_remote_remote,,,,,,,,,,
images/001687.jpg,0.0,0.5,fpv,1777627492.7924302,1,0,fpv_remote_remote,,,,,,,,,,
images/001688.jpg,0.0,0.5,fpv,1777627492.9196212,1,0,fpv_remote_remote,,,,,,,,,,
images/001689.jpg,0.0,0.5,fpv,1777627493.047697,1,0,fpv_remote_remote,,,,,,,,,,
images/001690.jpg,0.0,0.5,fpv,1777627493.1741872,1,0,fpv_remote_remote,,,,,,,,,,
images/001691.jpg,0.0,0.5,fpv,1777627493.3028731,1,0,fpv_remote_remote,,,,,,,,,,
images/001692.jpg,0.3216650898770104,0.5,fpv,1777627493.4320037,1,0,fpv_remote_remote,,,,,,,,,,
images/001693.jpg,0.742307809686575,0.5,fpv,1777627493.559617,1,0,fpv_remote_remote,,,,,,,,,,
images/001694.jpg,0.0,0.5,fpv,1777627493.6861537,1,0,fpv_remote_remote,,,,,,,,,,
images/001695.jpg,0.0,0.5,fpv,1777627493.811827,1,0,fpv_remote_remote,,,,,,,,,,
images/001696.jpg,0.0,0.5,fpv,1777627493.9370878,1,0,fpv_remote_remote,,,,,,,,,,
images/001697.jpg,0.0,0.5,fpv,1777627494.0667152,1,0,fpv_remote_remote,,,,,,,,,,
images/001698.jpg,0.0,0.5,fpv,1777627494.1943347,1,0,fpv_remote_remote,,,,,,,,,,
images/001699.jpg,0.0,0.5,fpv,1777627494.3236659,1,0,fpv_remote_remote,,,,,,,,,,
images/001700.jpg,0.8,0.5,fpv,1777627494.4483957,1,0,fpv_remote_remote,,,,,,,,,,
images/001701.jpg,0.1567186498611408,0.5,fpv,1777627494.575778,1,0,fpv_remote_remote,,,,,,,,,,
images/001702.jpg,0.0,0.5,fpv,1777627494.7025807,1,0,fpv_remote_remote,,,,,,,,,,
images/001703.jpg,0.0,0.5,fpv,1777627494.8299665,1,0,fpv_remote_remote,,,,,,,,,,
images/001704.jpg,0.0,0.5,fpv,1777627494.9578612,1,0,fpv_remote_remote,,,,,,,,,,
images/001705.jpg,0.0,0.5,fpv,1777627495.0867484,1,0,fpv_remote_remote,,,,,,,,,,
images/001706.jpg,0.5443525498214667,0.5,fpv,1777627495.213782,1,0,fpv_remote_remote,,,,,,,,,,
images/001707.jpg,0.8,0.5,fpv,1777627495.3415926,1,0,fpv_remote_remote,,,,,,,,,,
images/001708.jpg,0.0,0.5,fpv,1777627495.466782,1,0,fpv_remote_remote,,,,,,,,,,
images/001709.jpg,0.0,0.5,fpv,1777627495.5931642,1,0,fpv_remote_remote,,,,,,,,,,
images/001710.jpg,0.14846644489883115,0.5,fpv,1777627495.7218087,1,0,fpv_remote_remote,,,,,,,,,,
images/001711.jpg,0.560856959746086,0.5,fpv,1777627495.8492324,1,0,fpv_remote_remote,,,,,,,,,,
images/001712.jpg,0.0,0.5,fpv,1777627495.978713,1,0,fpv_remote_remote,,,,,,,,,,
images/001713.jpg,0.0,0.5,fpv,1777627496.105479,1,0,fpv_remote_remote,,,,,,,,,,
images/001714.jpg,0.0,0.5,fpv,1777627496.2334795,1,0,fpv_remote_remote,,,,,,,,,,
images/001715.jpg,0.0,0.5,fpv,1777627496.3598132,1,0,fpv_remote_remote,,,,,,,,,,
images/001716.jpg,0.0,0.5,fpv,1777627496.4874895,1,0,fpv_remote_remote,,,,,,,,,,
images/001717.jpg,0.12373424481948302,0.5,fpv,1777627496.615392,1,0,fpv_remote_remote,,,,,,,,,,
images/001718.jpg,0.0,0.5,fpv,1777627496.7433355,1,0,fpv_remote_remote,,,,,,,,,,
images/001719.jpg,0.0,0.5,fpv,1777627496.869147,1,0,fpv_remote_remote,,,,,,,,,,
images/001720.jpg,0.8,0.5,fpv,1777627496.997032,1,0,fpv_remote_remote,,,,,,,,,,
images/001721.jpg,0.8,0.5,fpv,1777627497.124052,1,0,fpv_remote_remote,,,,,,,,,,
images/001722.jpg,0.0,0.5,fpv,1777627497.25107,1,0,fpv_remote_remote,,,,,,,,,,
images/001723.jpg,0.0,0.5,fpv,1777627497.3772345,1,0,fpv_remote_remote,,,,,,,,,,
images/001724.jpg,0.41239051484725486,0.5,fpv,1777627497.5053177,1,0,fpv_remote_remote,,,,,,,,,,
images/001725.jpg,0.0,0.5,fpv,1777627497.6321383,1,0,fpv_remote_remote,,,,,,,,,,
images/001726.jpg,0.0,0.5,fpv,1777627497.75888,1,0,fpv_remote_remote,,,,,,,,,,
images/001727.jpg,-0.8,0.5,fpv,1777627497.886559,1,0,fpv_remote_remote,,,,,,,,,,
images/001728.jpg,-0.8,0.5,fpv,1777627498.0142434,1,0,fpv_remote_remote,,,,,,,,,,
images/001729.jpg,0.0,0.5,fpv,1777627498.140829,1,0,fpv_remote_remote,,,,,,,,,,
images/001730.jpg,0.0,0.5,fpv,1777627498.2682598,1,0,fpv_remote_remote,,,,,,,,,,
images/001731.jpg,0.0,0.5,fpv,1777627498.395384,1,0,fpv_remote_remote,,,,,,,,,,
images/001732.jpg,0.0,0.5,fpv,1777627498.5224051,1,0,fpv_remote_remote,,,,,,,,,,
images/001733.jpg,0.0,0.5,fpv,1777627498.6498137,1,0,fpv_remote_remote,,,,,,,,,,
images/001734.jpg,0.0,0.5,fpv,1777627498.776369,1,0,fpv_remote_remote,,,,,,,,,,
images/001735.jpg,0.0,0.5,fpv,1777627498.9037824,1,0,fpv_remote_remote,,,,,,,,,,
images/001736.jpg,0.0,0.5,fpv,1777627499.0307362,1,0,fpv_remote_remote,,,,,,,,,,
images/001737.jpg,0.0,0.5,fpv,1777627499.1598802,1,0,fpv_remote_remote,,,,,,,,,,
images/001738.jpg,0.0,0.5,fpv,1777627499.2864535,1,0,fpv_remote_remote,,,,,,,,,,
images/001739.jpg,0.0,0.5,fpv,1777627499.4163282,1,0,fpv_remote_remote,,,,,,,,,,
images/001740.jpg,0.0,0.5,fpv,1777627499.543457,1,0,fpv_remote_remote,,,,,,,,,,
images/001741.jpg,0.0,0.5,fpv,1777627499.6714337,1,0,fpv_remote_remote,,,,,,,,,,
images/001742.jpg,0.0,0.5,fpv,1777627499.796787,1,0,fpv_remote_remote,,,,,,,,,,
images/001743.jpg,0.8,0.5,fpv,1777627499.9269335,1,0,fpv_remote_remote,,,,,,,,,,
images/001744.jpg,0.8,0.5,fpv,1777627500.0548303,1,0,fpv_remote_remote,,,,,,,,,,
images/001745.jpg,0.0,0.5,fpv,1777627500.181328,1,0,fpv_remote_remote,,,,,,,,,,
images/001746.jpg,0.0,0.5,fpv,1777627500.3115082,1,0,fpv_remote_remote,,,,,,,,,,
images/001747.jpg,0.0,0.5,fpv,1777627500.4381545,1,0,fpv_remote_remote,,,,,,,,,,
images/001748.jpg,0.0,0.5,fpv,1777627500.56781,1,0,fpv_remote_remote,,,,,,,,,,
images/001749.jpg,0.0,0.5,fpv,1777627500.6967003,1,0,fpv_remote_remote,,,,,,,,,,
images/001750.jpg,0.0,0.5,fpv,1777627500.8262677,1,0,fpv_remote_remote,,,,,,,,,,
images/001751.jpg,0.0,0.5,fpv,1777627500.9540522,1,0,fpv_remote_remote,,,,,,,,,,
images/001752.jpg,0.0,0.5,fpv,1777627501.0814898,1,0,fpv_remote_remote,,,,,,,,,,
images/001753.jpg,0.0,0.5,fpv,1777627501.209689,1,0,fpv_remote_remote,,,,,,,,,,
images/001754.jpg,0.0,0.5,fpv,1777627501.33598,1,0,fpv_remote_remote,,,,,,,,,,
images/001755.jpg,0.0,0.5,fpv,1777627501.463372,1,0,fpv_remote_remote,,,,,,,,,,
images/001756.jpg,0.0,0.5,fpv,1777627501.589234,1,0,fpv_remote_remote,,,,,,,,,,
images/001757.jpg,0.0,0.5,fpv,1777627501.7181578,1,0,fpv_remote_remote,,,,,,,,,,
images/001758.jpg,0.0,0.5,fpv,1777627501.843012,1,0,fpv_remote_remote,,,,,,,,,,
images/001759.jpg,0.0,0.5,fpv,1777627501.9705346,1,0,fpv_remote_remote,,,,,,,,,,
images/001760.jpg,0.0,0.5,fpv,1777627502.0974913,1,0,fpv_remote_remote,,,,,,,,,,
images/001761.jpg,0.0,0.5,fpv,1777627502.2259855,1,0,fpv_remote_remote,,,,,,,,,,
images/001762.jpg,0.8,0.5,fpv,1777627502.351506,1,0,fpv_remote_remote,,,,,,,,,,
images/001763.jpg,0.8,0.5,fpv,1777627502.4790545,1,0,fpv_remote_remote,,,,,,,,,,
images/001764.jpg,0.5196203497421186,0.5,fpv,1777627502.606737,1,0,fpv_remote_remote,,,,,,,,,,
images/001765.jpg,0.0,0.5,fpv,1777627502.7373586,1,0,fpv_remote_remote,,,,,,,,,,
images/001766.jpg,0.12373424481948302,0.5,fpv,1777627502.8650684,1,0,fpv_remote_remote,,,,,,,,,,
images/001767.jpg,0.8,0.5,fpv,1777627502.9931505,1,0,fpv_remote_remote,,,,,,,,,,
images/001768.jpg,0.8,0.5,fpv,1777627503.1234698,1,0,fpv_remote_remote,,,,,,,,,,
images/001769.jpg,0.3134128849147008,0.5,fpv,1777627503.2509365,1,0,fpv_remote_remote,,,,,,,,,,
images/001770.jpg,0.8,0.5,fpv,1777627503.3782494,1,0,fpv_remote_remote,,,,,,,,,,
images/001771.jpg,0.8,0.5,fpv,1777627503.503904,1,0,fpv_remote_remote,,,,,,,,,,
images/001772.jpg,0.8,0.5,fpv,1777627503.6318963,1,0,fpv_remote_remote,,,,,,,,,,
images/001773.jpg,0.0,0.5,fpv,1777627503.7585287,1,0,fpv_remote_remote,,,,,,,,,,
images/001774.jpg,0.0,0.5,fpv,1777627503.887059,1,0,fpv_remote_remote,,,,,,,,,,
images/001775.jpg,0.0,0.5,fpv,1777627504.0156353,1,0,fpv_remote_remote,,,,,,,,,,
images/001776.jpg,0.0,0.5,fpv,1777627504.143739,1,0,fpv_remote_remote,,,,,,,,,,
images/001777.jpg,-0.8,0.5,fpv,1777627504.2702343,1,0,fpv_remote_remote,,,,,,,,,,
images/001778.jpg,-0.8,0.5,fpv,1777627504.39697,1,0,fpv_remote_remote,,,,,,,,,,
images/001779.jpg,0.0,0.5,fpv,1777627504.5233562,1,0,fpv_remote_remote,,,,,,,,,,
images/001780.jpg,0.0,0.5,fpv,1777627504.6522303,1,0,fpv_remote_remote,,,,,,,,,,
images/001781.jpg,0.0,0.5,fpv,1777627504.779516,1,0,fpv_remote_remote,,,,,,,,,,
images/001782.jpg,0.0,0.5,fpv,1777627504.9076552,1,0,fpv_remote_remote,,,,,,,,,,
images/001783.jpg,0.0,0.5,fpv,1777627505.0338502,1,0,fpv_remote_remote,,,,,,,,,,
images/001784.jpg,0.0,0.5,fpv,1777627505.1620939,1,0,fpv_remote_remote,,,,,,,,,,
images/001785.jpg,-0.31338847010712,0.5,fpv,1777627505.2902644,1,0,fpv_remote_remote,,,,,,,,,,
images/001786.jpg,0.0,0.5,fpv,1777627505.417681,1,0,fpv_remote_remote,,,,,,,,,,
images/001787.jpg,0.0,0.5,fpv,1777627505.5447354,1,0,fpv_remote_remote,,,,,,,,,,
images/001788.jpg,0.0,0.5,fpv,1777627505.6728323,1,0,fpv_remote_remote,,,,,,,,,,
images/001789.jpg,0.0,0.5,fpv,1777627505.799888,1,0,fpv_remote_remote,,,,,,,,,,
images/001790.jpg,0.0,0.5,fpv,1777627505.9271288,1,0,fpv_remote_remote,,,,,,,,,,
images/001791.jpg,-0.6020691549424727,0.5,fpv,1777627506.054595,1,0,fpv_remote_remote,,,,,,,,,,
images/001792.jpg,-0.8,0.5,fpv,1777627506.181139,1,0,fpv_remote_remote,,,,,,,,,,
images/001793.jpg,-0.8,0.5,fpv,1777627506.3104804,1,0,fpv_remote_remote,,,,,,,,,,
images/001794.jpg,0.0,0.5,fpv,1777627506.4373574,1,0,fpv_remote_remote,,,,,,,,,,
images/001795.jpg,0.0,0.5,fpv,1777627506.5662138,1,0,fpv_remote_remote,,,,,,,,,,
images/001796.jpg,0.0,0.5,fpv,1777627506.694812,1,0,fpv_remote_remote,,,,,,,,,,
images/001797.jpg,0.0,0.5,fpv,1777627506.8211112,1,0,fpv_remote_remote,,,,,,,,,,
images/001798.jpg,0.0,0.5,fpv,1777627506.947159,1,0,fpv_remote_remote,,,,,,,,,,
images/001799.jpg,0.0,0.5,fpv,1777627507.0754128,1,0,fpv_remote_remote,,,,,,,,,,
images/001800.jpg,0.0,0.5,fpv,1777627507.202593,1,0,fpv_remote_remote,,,,,,,,,,
images/001801.jpg,0.3629016998809778,0.5,fpv,1777627507.3319578,1,0,fpv_remote_remote,,,,,,,,,,
images/001802.jpg,0.8,0.5,fpv,1777627507.4605649,1,0,fpv_remote_remote,,,,,,,,,,
images/001803.jpg,0.8,0.5,fpv,1777627507.5871165,1,0,fpv_remote_remote,,,,,,,,,,
images/001804.jpg,0.8,0.5,fpv,1777627507.7129095,1,0,fpv_remote_remote,,,,,,,,,,
images/001805.jpg,0.8,0.5,fpv,1777627507.8389528,1,0,fpv_remote_remote,,,,,,,,,,
images/001806.jpg,0.3134128849147008,0.5,fpv,1777627507.9667726,1,0,fpv_remote_remote,,,,,,,,,,
images/001807.jpg,0.0,0.5,fpv,1777627508.095317,1,0,fpv_remote_remote,,,,,,,,,,
images/001808.jpg,0.0,0.5,fpv,1777627508.2244608,1,0,fpv_remote_remote,,,,,,,,,,
images/001809.jpg,0.0,0.5,fpv,1777627508.350933,1,0,fpv_remote_remote,,,,,,,,,,
images/001810.jpg,-0.8,0.5,fpv,1777627508.4792578,1,0,fpv_remote_remote,,,,,,,,,,
images/001811.jpg,-0.8,0.5,fpv,1777627508.6056607,1,0,fpv_remote_remote,,,,,,,,,,
images/001812.jpg,0.0,0.5,fpv,1777627508.7334638,1,0,fpv_remote_remote,,,,,,,,,,
images/001813.jpg,0.0,0.5,fpv,1777627508.86263,1,0,fpv_remote_remote,,,,,,,,,,
images/001814.jpg,0.0,0.5,fpv,1777627508.989495,1,0,fpv_remote_remote,,,,,,,,,,
images/001815.jpg,0.8,0.5,fpv,1777627509.1166906,1,0,fpv_remote_remote,,,,,,,,,,
images/001816.jpg,0.6350779747917112,0.5,fpv,1777627509.2443612,1,0,fpv_remote_remote,,,,,,,,,,
images/001817.jpg,0.0,0.5,fpv,1777627509.373062,1,0,fpv_remote_remote,,,,,,,,,,
images/001818.jpg,0.0,0.5,fpv,1777627509.5001132,1,0,fpv_remote_remote,,,,,,,,,,
images/001819.jpg,0.0,0.5,fpv,1777627509.6274128,1,0,fpv_remote_remote,,,,,,,,,,
images/001820.jpg,0.0,0.5,fpv,1777627509.755767,1,0,fpv_remote_remote,,,,,,,,,,
images/001821.jpg,0.2391918698690756,0.5,fpv,1777627509.884775,1,0,fpv_remote_remote,,,,,,,,,,
images/001822.jpg,0.8,0.5,fpv,1777627510.0113566,1,0,fpv_remote_remote,,,,,,,,,,
images/001823.jpg,0.8,0.5,fpv,1777627510.1397483,1,0,fpv_remote_remote,,,,,,,,,,
images/001824.jpg,0.0,0.5,fpv,1777627510.266431,1,0,fpv_remote_remote,,,,,,,,,,
images/001825.jpg,0.0,0.5,fpv,1777627510.3945618,1,0,fpv_remote_remote,,,,,,,,,,
images/001826.jpg,0.0,0.5,fpv,1777627510.5205398,1,0,fpv_remote_remote,,,,,,,,,,
images/001827.jpg,0.0,0.5,fpv,1777627510.6495728,1,0,fpv_remote_remote,,,,,,,,,,
images/001828.jpg,0.0,0.5,fpv,1777627510.7782936,1,0,fpv_remote_remote,,,,,,,,,,
images/001829.jpg,0.0,0.5,fpv,1777627510.9071662,1,0,fpv_remote_remote,,,,,,,,,,
images/001830.jpg,0.0,0.5,fpv,1777627511.0346744,1,0,fpv_remote_remote,,,,,,,,,,
images/001831.jpg,0.0,0.5,fpv,1777627511.163095,1,0,fpv_remote_remote,,,,,,,,,,
images/001832.jpg,0.0,0.5,fpv,1777627511.291061,1,0,fpv_remote_remote,,,,,,,,,,
images/001833.jpg,0.0,0.5,fpv,1777627511.4171524,1,0,fpv_remote_remote,,,,,,,,,,
images/001834.jpg,0.0,0.5,fpv,1777627511.5451431,1,0,fpv_remote_remote,,,,,,,,,,
images/001835.jpg,0.0,0.5,fpv,1777627511.6717672,1,0,fpv_remote_remote,,,,,,,,,,
images/001836.jpg,0.0,0.5,fpv,1777627511.7995083,1,0,fpv_remote_remote,,,,,,,,,,
images/001837.jpg,0.0,0.5,fpv,1777627511.9257734,1,0,fpv_remote_remote,,,,,,,,,,
images/001838.jpg,-0.8,0.5,fpv,1777627512.05482,1,0,fpv_remote_remote,,,,,,,,,,
images/001839.jpg,0.0,0.5,fpv,1777627512.185093,1,0,fpv_remote_remote,,,,,,,,,,
images/001840.jpg,0.0,0.5,fpv,1777627512.3133574,1,0,fpv_remote_remote,,,,,,,,,,
images/001841.jpg,0.0,0.5,fpv,1777627512.442553,1,0,fpv_remote_remote,,,,,,,,,,
images/001842.jpg,0.0,0.5,fpv,1777627512.571168,1,0,fpv_remote_remote,,,,,,,,,,
images/001843.jpg,0.0,0.5,fpv,1777627512.6976998,1,0,fpv_remote_remote,,,,,,,,,,
images/001844.jpg,-0.8,0.5,fpv,1777627512.824792,1,0,fpv_remote_remote,,,,,,,,,,
images/001845.jpg,0.0,0.5,fpv,1777627512.9517214,1,0,fpv_remote_remote,,,,,,,,,,
images/001846.jpg,0.0,0.5,fpv,1777627513.079336,1,0,fpv_remote_remote,,,,,,,,,,
images/001847.jpg,0.0,0.5,fpv,1777627513.2070444,1,0,fpv_remote_remote,,,,,,,,,,
images/001848.jpg,0.0,0.5,fpv,1777627513.3316348,1,0,fpv_remote_remote,,,,,,,,,,
images/001849.jpg,0.0,0.5,fpv,1777627513.4585192,1,0,fpv_remote_remote,,,,,,,,,,
images/001850.jpg,0.8,0.5,fpv,1777627513.585059,1,0,fpv_remote_remote,,,,,,,,,,
images/001851.jpg,0.0,0.5,fpv,1777627513.7131078,1,0,fpv_remote_remote,,,,,,,,,,
images/001852.jpg,0.0,0.5,fpv,1777627513.8388698,1,0,fpv_remote_remote,,,,,,,,,,
images/001853.jpg,0.8,0.5,fpv,1777627513.96749,1,0,fpv_remote_remote,,,,,,,,,,
images/001854.jpg,0.8,0.5,fpv,1777627514.0936375,1,0,fpv_remote_remote,,,,,,,,,,
images/001855.jpg,0.0,0.5,fpv,1777627514.222663,1,0,fpv_remote_remote,,,,,,,,,,
images/001856.jpg,0.0,0.5,fpv,1777627514.3568637,1,0,fpv_remote_remote,,,,,,,,,,
images/001857.jpg,0.0,0.5,fpv,1777627514.4859266,1,0,fpv_remote_remote,,,,,,,,,,
images/001858.jpg,0.0,0.5,fpv,1777627514.6120563,1,0,fpv_remote_remote,,,,,,,,,,
images/001859.jpg,0.0,0.5,fpv,1777627514.7388546,1,0,fpv_remote_remote,,,,,,,,,,
images/001860.jpg,0.0,0.5,fpv,1777627514.8664303,1,0,fpv_remote_remote,,,,,,,,,,
images/001861.jpg,0.0,0.5,fpv,1777627514.9944184,1,0,fpv_remote_remote,,,,,,,,,,
images/001862.jpg,0.0,0.5,fpv,1777627515.1214097,1,0,fpv_remote_remote,,,,,,,,,,
images/001863.jpg,0.0,0.5,fpv,1777627515.2483277,1,0,fpv_remote_remote,,,,,,,,,,
images/001864.jpg,0.0,0.5,fpv,1777627515.3744314,1,0,fpv_remote_remote,,,,,,,,,,
images/001865.jpg,0.0,0.5,fpv,1777627515.5021586,1,0,fpv_remote_remote,,,,,,,,,,
images/001866.jpg,0.0,0.5,fpv,1777627515.6303093,1,0,fpv_remote_remote,,,,,,,,,,
images/001867.jpg,0.0,0.5,fpv,1777627515.761659,1,0,fpv_remote_remote,,,,,,,,,,
images/001868.jpg,0.0,0.5,fpv,1777627515.8889477,1,0,fpv_remote_remote,,,,,,,,,,
images/001869.jpg,0.0,0.5,fpv,1777627516.0180686,1,0,fpv_remote_remote,,,,,,,,,,
images/001870.jpg,0.8,0.5,fpv,1777627516.1463718,1,0,fpv_remote_remote,,,,,,,,,,
images/001871.jpg,0.0,0.5,fpv,1777627516.2733943,1,0,fpv_remote_remote,,,,,,,,,,
images/001872.jpg,0.0,0.5,fpv,1777627516.4011655,1,0,fpv_remote_remote,,,,,,,,,,
images/001873.jpg,0.13198644978179266,0.5,fpv,1777627516.527138,1,0,fpv_remote_remote,,,,,,,,,,
images/001874.jpg,0.8,0.5,fpv,1777627516.6560574,1,0,fpv_remote_remote,,,,,,,,,,
images/001875.jpg,0.8,0.5,fpv,1777627516.7844288,1,0,fpv_remote_remote,,,,,,,,,,
images/001876.jpg,0.3959105197302164,0.5,fpv,1777627516.911465,1,0,fpv_remote_remote,,,,,,,,,,
images/001877.jpg,0.8,0.5,fpv,1777627517.0396895,1,0,fpv_remote_remote,,,,,,,,,,
images/001878.jpg,0.8,0.5,fpv,1777627517.1665013,1,0,fpv_remote_remote,,,,,,,,,,
images/001879.jpg,0.8,0.5,fpv,1777627517.2955036,1,0,fpv_remote_remote,,,,,,,,,,
images/001880.jpg,0.8,0.5,fpv,1777627517.4220638,1,0,fpv_remote_remote,,,,,,,,,,
images/001881.jpg,0.0,0.5,fpv,1777627517.5503027,1,0,fpv_remote_remote,,,,,,,,,,
images/001882.jpg,0.0,0.5,fpv,1777627517.676564,1,0,fpv_remote_remote,,,,,,,,,,
images/001883.jpg,0.0,0.5,fpv,1777627517.8043418,1,0,fpv_remote_remote,,,,,,,,,,
images/001884.jpg,-0.8,0.5,fpv,1777627517.9303966,1,0,fpv_remote_remote,,,,,,,,,,
images/001885.jpg,-0.8,0.5,fpv,1777627518.0582397,1,0,fpv_remote_remote,,,,,,,,,,
images/001886.jpg,0.0,0.5,fpv,1777627518.1865423,1,0,fpv_remote_remote,,,,,,,,,,
images/001887.jpg,0.0,0.5,fpv,1777627518.3138123,1,0,fpv_remote_remote,,,,,,,,,,
images/001888.jpg,0.0,0.5,fpv,1777627518.4392247,1,0,fpv_remote_remote,,,,,,,,,,
images/001889.jpg,-0.4948393200476089,0.5,fpv,1777627518.5699072,1,0,fpv_remote_remote,,,,,,,,,,
images/001890.jpg,-0.7752677999206519,0.5,fpv,1777627518.6949658,1,0,fpv_remote_remote,,,,,,,,,,
images/001891.jpg,0.0,0.5,fpv,1777627518.8242984,1,0,fpv_remote_remote,,,,,,,,,,
images/001892.jpg,0.0,0.5,fpv,1777627518.9505363,1,0,fpv_remote_remote,,,,,,,,,,
images/001893.jpg,0.0,0.5,fpv,1777627519.0779006,1,0,fpv_remote_remote,,,,,,,,,,
images/001894.jpg,0.0,0.5,fpv,1777627519.2046177,1,0,fpv_remote_remote,,,,,,,,,,
images/001895.jpg,0.0,0.5,fpv,1777627519.3322895,1,0,fpv_remote_remote,,,,,,,,,,
images/001896.jpg,0.0,0.5,fpv,1777627519.4585464,1,0,fpv_remote_remote,,,,,,,,,,
images/001897.jpg,0.0,0.5,fpv,1777627519.5864408,1,0,fpv_remote_remote,,,,,,,,,,
images/001898.jpg,0.0,0.5,fpv,1777627519.7133625,1,0,fpv_remote_remote,,,,,,,,,,
images/001899.jpg,-0.2886562700277719,0.5,fpv,1777627519.841423,1,0,fpv_remote_remote,,,,,,,,,,
images/001900.jpg,0.0,0.5,fpv,1777627519.968078,1,0,fpv_remote_remote,,,,,,,,,,
images/001901.jpg,0.0,0.5,fpv,1777627520.096693,1,0,fpv_remote_remote,,,,,,,,,,
images/001902.jpg,0.0,0.5,fpv,1777627520.2235591,1,0,fpv_remote_remote,,,,,,,,,,
images/001903.jpg,0.0,0.5,fpv,1777627520.3510175,1,0,fpv_remote_remote,,,,,,,,,,
images/001904.jpg,-0.37938169499801633,0.5,fpv,1777627520.4770653,1,0,fpv_remote_remote,,,,,,,,,,
images/001905.jpg,-0.5360759300515764,0.5,fpv,1777627520.6067986,1,0,fpv_remote_remote,,,,,,,,,,
images/001906.jpg,0.0,0.5,fpv,1777627520.734299,1,0,fpv_remote_remote,,,,,,,,,,
images/001907.jpg,0.0,0.5,fpv,1777627520.8617601,1,0,fpv_remote_remote,,,,,,,,,,
images/001908.jpg,-0.42061830500198377,0.5,fpv,1777627520.9881215,1,0,fpv_remote_remote,,,,,,,,,,
images/001909.jpg,-0.37938169499801633,0.5,fpv,1777627521.116661,1,0,fpv_remote_remote,,,,,,,,,,
images/001910.jpg,0.0,0.5,fpv,1777627521.2438629,1,0,fpv_remote_remote,,,,,,,,,,
images/001911.jpg,0.0,0.5,fpv,1777627521.3709533,1,0,fpv_remote_remote,,,,,,,,,,
images/001912.jpg,0.3629016998809778,0.5,fpv,1777627521.49837,1,0,fpv_remote_remote,,,,,,,,,,
images/001913.jpg,0.8,0.5,fpv,1777627521.623804,1,0,fpv_remote_remote,,,,,,,,,,
images/001914.jpg,0.8,0.5,fpv,1777627521.75129,1,0,fpv_remote_remote,,,,,,,,,,
images/001915.jpg,0.0,0.5,fpv,1777627521.878912,1,0,fpv_remote_remote,,,,,,,,,,
images/001916.jpg,0.0,0.5,fpv,1777627522.0085602,1,0,fpv_remote_remote,,,,,,,,,,
images/001917.jpg,0.0,0.5,fpv,1777627522.135072,1,0,fpv_remote_remote,,,,,,,,,,
images/001918.jpg,0.0,0.5,fpv,1777627522.2637258,1,0,fpv_remote_remote,,,,,,,,,,
images/001919.jpg,0.0,0.5,fpv,1777627522.3905363,1,0,fpv_remote_remote,,,,,,,,,,
images/001920.jpg,0.742307809686575,0.5,fpv,1777627522.5190704,1,0,fpv_remote_remote,,,,,,,,,,
images/001921.jpg,0.8,0.5,fpv,1777627522.644479,1,0,fpv_remote_remote,,,,,,,,,,
images/001922.jpg,0.0,0.5,fpv,1777627522.7725573,1,0,fpv_remote_remote,,,,,,,,,,
images/001923.jpg,0.0,0.5,fpv,1777627522.8980126,1,0,fpv_remote_remote,,,,,,,,,,
images/001924.jpg,0.0,0.5,fpv,1777627523.0273592,1,0,fpv_remote_remote,,,,,,,,,,
images/001925.jpg,0.8,0.5,fpv,1777627523.1557739,1,0,fpv_remote_remote,,,,,,,,,,
images/001926.jpg,0.8,0.5,fpv,1777627523.2837203,1,0,fpv_remote_remote,,,,,,,,,,
images/001927.jpg,0.8,0.5,fpv,1777627523.4106312,1,0,fpv_remote_remote,,,,,,,,,,
images/001928.jpg,0.8,0.5,fpv,1777627523.537463,1,0,fpv_remote_remote,,,,,,,,,,
images/001929.jpg,0.7258033997619556,0.5,fpv,1777627523.6642506,1,0,fpv_remote_remote,,,,,,,,,,
images/001930.jpg,0.0,0.5,fpv,1777627523.7917361,1,0,fpv_remote_remote,,,,,,,,,,
images/001931.jpg,0.0,0.5,fpv,1777627523.920178,1,0,fpv_remote_remote,,,,,,,,,,
images/001932.jpg,-0.6268013550218208,0.5,fpv,1777627524.0472033,1,0,fpv_remote_remote,,,,,,,,,,
images/001933.jpg,-0.8,0.5,fpv,1777627524.1778848,1,0,fpv_remote_remote,,,,,,,,,,
images/001934.jpg,-0.8,0.5,fpv,1777627524.3057053,1,0,fpv_remote_remote,,,,,,,,,,
images/001935.jpg,-0.8,0.5,fpv,1777627524.4359877,1,0,fpv_remote_remote,,,,,,,,,,
images/001936.jpg,0.0,0.5,fpv,1777627524.563413,1,0,fpv_remote_remote,,,,,,,,,,
images/001937.jpg,0.0,0.5,fpv,1777627524.6911542,1,0,fpv_remote_remote,,,,,,,,,,
images/001938.jpg,0.8,0.5,fpv,1777627524.819267,1,0,fpv_remote_remote,,,,,,,,,,
images/001939.jpg,0.742307809686575,0.5,fpv,1777627524.9473689,1,0,fpv_remote_remote,,,,,,,,,,
images/001940.jpg,0.0,0.5,fpv,1777627525.0745485,1,0,fpv_remote_remote,,,,,,,,,,
images/001941.jpg,0.0,0.5,fpv,1777627525.2020216,1,0,fpv_remote_remote,,,,,,,,,,
images/001942.jpg,0.0,0.5,fpv,1777627525.330265,1,0,fpv_remote_remote,,,,,,,,,,
images/001943.jpg,0.0,0.5,fpv,1777627525.457877,1,0,fpv_remote_remote,,,,,,,,,,
images/001944.jpg,0.0,0.5,fpv,1777627525.586914,1,0,fpv_remote_remote,,,,,,,,,,
images/001945.jpg,0.0,0.5,fpv,1777627525.7136784,1,0,fpv_remote_remote,,,,,,,,,,
images/001946.jpg,0.0,0.5,fpv,1777627525.8417218,1,0,fpv_remote_remote,,,,,,,,,,
images/001947.jpg,-0.5525803399761956,0.5,fpv,1777627525.967869,1,0,fpv_remote_remote,,,,,,,,,,
images/001948.jpg,-0.8,0.5,fpv,1777627526.0945961,1,0,fpv_remote_remote,,,,,,,,,,
images/001949.jpg,-0.8,0.5,fpv,1777627526.2216008,1,0,fpv_remote_remote,,,,,,,,,,
images/001950.jpg,-0.43712271492660304,0.5,fpv,1777627526.350135,1,0,fpv_remote_remote,,,,,,,,,,
images/001951.jpg,-0.30516067995239116,0.5,fpv,1777627526.4774966,1,0,fpv_remote_remote,,,,,,,,,,
images/001952.jpg,0.0,0.5,fpv,1777627526.605991,1,0,fpv_remote_remote,,,,,,,,,,
images/001953.jpg,0.0,0.5,fpv,1777627526.7360458,1,0,fpv_remote_remote,,,,,,,,,,
images/001954.jpg,0.0,0.5,fpv,1777627526.8630257,1,0,fpv_remote_remote,,,,,,,,,,
images/001955.jpg,0.8,0.5,fpv,1777627526.9891193,1,0,fpv_remote_remote,,,,,,,,,,
images/001956.jpg,0.0,0.5,fpv,1777627527.1148589,1,0,fpv_remote_remote,,,,,,,,,,
images/001957.jpg,0.0,0.5,fpv,1777627527.2429023,1,0,fpv_remote_remote,,,,,,,,,,
images/001958.jpg,0.0,0.5,fpv,1777627527.3680458,1,0,fpv_remote_remote,,,,,,,,,,
images/001959.jpg,0.0,0.5,fpv,1777627527.4950771,1,0,fpv_remote_remote,,,,,,,,,,
images/001960.jpg,0.0,0.5,fpv,1777627527.6220207,1,0,fpv_remote_remote,,,,,,,,,,
images/001961.jpg,0.0,0.5,fpv,1777627527.7505221,1,0,fpv_remote_remote,,,,,,,,,,
images/001962.jpg,0.8,0.5,fpv,1777627527.8780987,1,0,fpv_remote_remote,,,,,,,,,,
images/001963.jpg,0.8,0.5,fpv,1777627528.0077207,1,0,fpv_remote_remote,,,,,,,,,,
images/001964.jpg,0.0,0.5,fpv,1777627528.1354682,1,0,fpv_remote_remote,,,,,,,,,,
images/001965.jpg,0.0,0.5,fpv,1777627528.2646759,1,0,fpv_remote_remote,,,,,,,,,,
images/001966.jpg,0.0,0.5,fpv,1777627528.3924773,1,0,fpv_remote_remote,,,,,,,,,,
images/001967.jpg,0.0,0.5,fpv,1777627528.5190065,1,0,fpv_remote_remote,,,,,,,,,,
images/001968.jpg,0.0,0.5,fpv,1777627528.648068,1,0,fpv_remote_remote,,,,,,,,,,
images/001969.jpg,0.0,0.5,fpv,1777627528.77491,1,0,fpv_remote_remote,,,,,,,,,,
images/001970.jpg,0.0,0.5,fpv,1777627528.904698,1,0,fpv_remote_remote,,,,,,,,,,
images/001971.jpg,0.0,0.5,fpv,1777627529.0337183,1,0,fpv_remote_remote,,,,,,,,,,
images/001972.jpg,0.0,0.5,fpv,1777627529.1635354,1,0,fpv_remote_remote,,,,,,,,,,
images/001973.jpg,0.0,0.5,fpv,1777627529.2912362,1,0,fpv_remote_remote,,,,,,,,,,
images/001974.jpg,0.0,0.5,fpv,1777627529.4207926,1,0,fpv_remote_remote,,,,,,,,,,
images/001975.jpg,0.0,0.5,fpv,1777627529.5489922,1,0,fpv_remote_remote,,,,,,,,,,
images/001976.jpg,0.0,0.5,fpv,1777627529.6762497,1,0,fpv_remote_remote,,,,,,,,,,
images/001977.jpg,0.0,0.5,fpv,1777627529.8039386,1,0,fpv_remote_remote,,,,,,,,,,
images/001978.jpg,0.0,0.5,fpv,1777627529.9323156,1,0,fpv_remote_remote,,,,,,,,,,
images/001979.jpg,0.0,0.5,fpv,1777627530.0600438,1,0,fpv_remote_remote,,,,,,,,,,
images/001980.jpg,0.0,0.5,fpv,1777627530.1864007,1,0,fpv_remote_remote,,,,,,,,,,
images/001981.jpg,0.8,0.5,fpv,1777627530.3137827,1,0,fpv_remote_remote,,,,,,,,,,
images/001982.jpg,0.8,0.5,fpv,1777627530.4425182,1,0,fpv_remote_remote,,,,,,,,,,
images/001983.jpg,0.0,0.5,fpv,1777627530.568693,1,0,fpv_remote_remote,,,,,,,,,,
images/001984.jpg,0.0,0.5,fpv,1777627530.6958525,1,0,fpv_remote_remote,,,,,,,,,,
images/001985.jpg,0.0,0.5,fpv,1777627530.8224766,1,0,fpv_remote_remote,,,,,,,,,,
images/001986.jpg,0.0,0.5,fpv,1777627530.950351,1,0,fpv_remote_remote,,,,,,,,,,
images/001987.jpg,0.20620746482741784,0.5,fpv,1777627531.0787246,1,0,fpv_remote_remote,,,,,,,,,,
images/001988.jpg,0.8,0.5,fpv,1777627531.2058501,1,0,fpv_remote_remote,,,,,,,,,,
images/001989.jpg,0.8,0.5,fpv,1777627531.3337975,1,0,fpv_remote_remote,,,,,,,,,,
images/001990.jpg,0.8,0.5,fpv,1777627531.4604712,1,0,fpv_remote_remote,,,,,,,,,,
images/001991.jpg,0.0,0.5,fpv,1777627531.5893898,1,0,fpv_remote_remote,,,,,,,,,,
images/001992.jpg,0.0,0.5,fpv,1777627531.7163599,1,0,fpv_remote_remote,,,,,,,,,,
images/001993.jpg,0.0,0.5,fpv,1777627531.8434877,1,0,fpv_remote_remote,,,,,,,,,,
images/001994.jpg,0.0,0.5,fpv,1777627531.9698806,1,0,fpv_remote_remote,,,,,,,,,,
images/001995.jpg,0.0,0.5,fpv,1777627532.101612,1,0,fpv_remote_remote,,,,,,,,,,
images/001996.jpg,-0.8,0.5,fpv,1777627532.2276866,1,0,fpv_remote_remote,,,,,,,,,,
images/001997.jpg,-0.4701071199682607,0.5,fpv,1777627532.3558307,1,0,fpv_remote_remote,,,,,,,,,,
images/001998.jpg,0.0,0.5,fpv,1777627532.4818563,1,0,fpv_remote_remote,,,,,,,,,,
images/001999.jpg,0.0,0.5,fpv,1777627532.6099992,1,0,fpv_remote_remote,,,,,,,,,,
images/002000.jpg,0.0,0.5,fpv,1777627532.7370045,1,0,fpv_remote_remote,,,,,,,,,,
images/002001.jpg,0.0,0.5,fpv,1777627532.8659282,1,0,fpv_remote_remote,,,,,,,,,,
images/002002.jpg,0.0,0.5,fpv,1777627532.992742,1,0,fpv_remote_remote,,,,,,,,,,
images/002003.jpg,0.0,0.5,fpv,1777627533.122776,1,0,fpv_remote_remote,,,,,,,,,,
images/002004.jpg,-0.8,0.5,fpv,1777627533.2493823,1,0,fpv_remote_remote,,,,,,,,,,
images/002005.jpg,-0.3711294900357067,0.5,fpv,1777627533.3766701,1,0,fpv_remote_remote,,,,,,,,,,
images/002006.jpg,0.0,0.5,fpv,1777627533.5037606,1,0,fpv_remote_remote,,,,,,,,,,
images/002007.jpg,0.0,0.5,fpv,1777627533.6310008,1,0,fpv_remote_remote,,,,,,,,,,
images/002008.jpg,0.0,0.5,fpv,1777627533.758251,1,0,fpv_remote_remote,,,,,,,,,,
images/002009.jpg,0.0,0.5,fpv,1777627533.885476,1,0,fpv_remote_remote,,,,,,,,,,
images/002010.jpg,0.0,0.5,fpv,1777627534.0141754,1,0,fpv_remote_remote,,,,,,,,,,
images/002011.jpg,0.0,0.5,fpv,1777627534.1398485,1,0,fpv_remote_remote,,,,,,,,,,
images/002012.jpg,0.0,0.5,fpv,1777627534.2672977,1,0,fpv_remote_remote,,,,,,,,,,
images/002013.jpg,0.0,0.5,fpv,1777627534.3943186,1,0,fpv_remote_remote,,,,,,,,,,
images/002014.jpg,0.0,0.5,fpv,1777627534.5219593,1,0,fpv_remote_remote,,,,,,,,,,
images/002015.jpg,0.0,0.5,fpv,1777627534.649482,1,0,fpv_remote_remote,,,,,,,,,,
images/002016.jpg,0.0,0.5,fpv,1777627534.7766898,1,0,fpv_remote_remote,,,,,,,,,,
images/002017.jpg,0.0,0.5,fpv,1777627534.9024756,1,0,fpv_remote_remote,,,,,,,,,,
images/002018.jpg,0.0,0.5,fpv,1777627535.0298688,1,0,fpv_remote_remote,,,,,,,,,,
images/002019.jpg,0.0,0.5,fpv,1777627535.15652,1,0,fpv_remote_remote,,,,,,,,,,
images/002020.jpg,0.0,0.5,fpv,1777627535.2825797,1,0,fpv_remote_remote,,,,,,,,,,
images/002021.jpg,0.0,0.5,fpv,1777627535.4111059,1,0,fpv_remote_remote,,,,,,,,,,
images/002022.jpg,0.1402142399365215,0.5,fpv,1777627535.5392127,1,0,fpv_remote_remote,,,,,,,,,,
images/002023.jpg,0.8,0.5,fpv,1777627535.6654747,1,0,fpv_remote_remote,,,,,,,,,,
images/002024.jpg,0.5196203497421186,0.5,fpv,1777627535.792662,1,0,fpv_remote_remote,,,,,,,,,,
images/002025.jpg,0.0,0.5,fpv,1777627535.9197054,1,0,fpv_remote_remote,,,,,,,,,,
images/002026.jpg,0.0,0.5,fpv,1777627536.0453045,1,0,fpv_remote_remote,,,,,,,,,,
images/002027.jpg,0.0,0.5,fpv,1777627536.1718125,1,0,fpv_remote_remote,,,,,,,,,,
images/002028.jpg,0.0,0.5,fpv,1777627536.3023846,1,0,fpv_remote_remote,,,,,,,,,,
images/002029.jpg,0.6268257698294016,0.5,fpv,1777627536.4305313,1,0,fpv_remote_remote,,,,,,,,,,
images/002030.jpg,0.8,0.5,fpv,1777627536.5580633,1,0,fpv_remote_remote,,,,,,,,,,
images/002031.jpg,0.14846644489883115,0.5,fpv,1777627536.6864011,1,0,fpv_remote_remote,,,,,,,,,,
images/002032.jpg,0.0,0.5,fpv,1777627536.8126938,1,0,fpv_remote_remote,,,,,,,,,,
images/002033.jpg,0.0,0.5,fpv,1777627536.9410691,1,0,fpv_remote_remote,,,,,,,,,,
images/002034.jpg,0.0,0.5,fpv,1777627537.0683658,1,0,fpv_remote_remote,,,,,,,,,,
images/002035.jpg,0.0,0.5,fpv,1777627537.1962895,1,0,fpv_remote_remote,,,,,,,,,,
images/002036.jpg,0.0,0.5,fpv,1777627537.3247473,1,0,fpv_remote_remote,,,,,,,,,,
images/002037.jpg,0.717551194799646,0.5,fpv,1777627537.4521246,1,0,fpv_remote_remote,,,,,,,,,,
images/002038.jpg,0.8,0.5,fpv,1777627537.5792563,1,0,fpv_remote_remote,,,,,,,,,,
images/002039.jpg,0.0,0.5,fpv,1777627537.7073836,1,0,fpv_remote_remote,,,,,,,,,,
images/002040.jpg,0.0,0.5,fpv,1777627537.832836,1,0,fpv_remote_remote,,,,,,,,,,
images/002041.jpg,0.0,0.5,fpv,1777627537.9620059,1,0,fpv_remote_remote,,,,,,,,,,
images/002042.jpg,0.0,0.5,fpv,1777627538.0892112,1,0,fpv_remote_remote,,,,,,,,,,
images/002043.jpg,0.0,0.5,fpv,1777627538.2176945,1,0,fpv_remote_remote,,,,,,,,,,
images/002044.jpg,0.0,0.5,fpv,1777627538.345033,1,0,fpv_remote_remote,,,,,,,,,,
images/002045.jpg,0.0,0.5,fpv,1777627538.471299,1,0,fpv_remote_remote,,,,,,,,,,
images/002046.jpg,0.0,0.5,fpv,1777627538.5981526,1,0,fpv_remote_remote,,,,,,,,,,
images/002047.jpg,0.0,0.5,fpv,1777627538.7255564,1,0,fpv_remote_remote,,,,,,,,,,
images/002048.jpg,0.0,0.5,fpv,1777627538.8512902,1,0,fpv_remote_remote,,,,,,,,,,
images/002049.jpg,0.0,0.5,fpv,1777627538.9800408,1,0,fpv_remote_remote,,,,,,,,,,
images/002050.jpg,0.0,0.5,fpv,1777627539.1088016,1,0,fpv_remote_remote,,,,,,,,,,
images/002051.jpg,0.0,0.5,fpv,1777627539.2370508,1,0,fpv_remote_remote,,,,,,,,,,
images/002052.jpg,0.0,0.5,fpv,1777627539.3653529,1,0,fpv_remote_remote,,,,,,,,,,
images/002053.jpg,0.0,0.5,fpv,1777627539.4913113,1,0,fpv_remote_remote,,,,,,,,,,
images/002054.jpg,0.0,0.5,fpv,1777627539.6191041,1,0,fpv_remote_remote,,,,,,,,,,
images/002055.jpg,0.0,0.5,fpv,1777627539.7470667,1,0,fpv_remote_remote,,,,,,,,,,
images/002056.jpg,0.0,0.5,fpv,1777627539.8753731,1,0,fpv_remote_remote,,,,,,,,,,
images/002057.jpg,0.0,0.5,fpv,1777627540.0015059,1,0,fpv_remote_remote,,,,,,,,,,
images/002058.jpg,0.0,0.5,fpv,1777627540.1293018,1,0,fpv_remote_remote,,,,,,,,,,
images/002059.jpg,0.0,0.5,fpv,1777627540.2543337,1,0,fpv_remote_remote,,,,,,,,,,
images/002060.jpg,0.0,0.5,fpv,1777627540.3819656,1,0,fpv_remote_remote,,,,,,,,,,
images/002061.jpg,0.0,0.5,fpv,1777627540.509985,1,0,fpv_remote_remote,,,,,,,,,,
images/002062.jpg,0.0,0.5,fpv,1777627540.6386156,1,0,fpv_remote_remote,,,,,,,,,,
images/002063.jpg,0.0,0.5,fpv,1777627540.7643714,1,0,fpv_remote_remote,,,,,,,,,,
images/002064.jpg,0.0,0.5,fpv,1777627540.8928888,1,0,fpv_remote_remote,,,,,,,,,,
images/002065.jpg,0.0,0.5,fpv,1777627541.0202084,1,0,fpv_remote_remote,,,,,,,,,,
images/002066.jpg,0.0,0.5,fpv,1777627541.1471627,1,0,fpv_remote_remote,,,,,,,,,,
images/002067.jpg,0.0,0.5,fpv,1777627541.2748864,1,0,fpv_remote_remote,,,,,,,,,,
images/002068.jpg,0.0,0.5,fpv,1777627541.4031312,1,0,fpv_remote_remote,,,,,,,,,,
images/002069.jpg,0.0,0.5,fpv,1777627541.5301054,1,0,fpv_remote_remote,,,,,,,,,,
images/002070.jpg,0.0,0.5,fpv,1777627541.6577716,1,0,fpv_remote_remote,,,,,,,,,,
images/002071.jpg,0.0,0.5,fpv,1777627541.7855465,1,0,fpv_remote_remote,,,,,,,,,,
images/002072.jpg,0.8,0.5,fpv,1777627541.911896,1,0,fpv_remote_remote,,,,,,,,,,
images/002073.jpg,0.8,0.5,fpv,1777627542.0395477,1,0,fpv_remote_remote,,,,,,,,,,
images/002074.jpg,0.3299172948393201,0.5,fpv,1777627542.1667535,1,0,fpv_remote_remote,,,,,,,,,,
images/002075.jpg,0.0,0.5,fpv,1777627542.2948844,1,0,fpv_remote_remote,,,,,,,,,,
images/002076.jpg,0.8,0.5,fpv,1777627542.4213986,1,0,fpv_remote_remote,,,,,,,,,,
images/002077.jpg,0.0,0.5,fpv,1777627542.5493104,1,0,fpv_remote_remote,,,,,,,,,,
images/002078.jpg,0.0,0.5,fpv,1777627542.6781352,1,0,fpv_remote_remote,,,,,,,,,,
images/002079.jpg,-0.8,0.5,fpv,1777627542.8066506,1,0,fpv_remote_remote,,,,,,,,,,
images/002080.jpg,-0.7835200048829616,0.5,fpv,1777627542.934787,1,0,fpv_remote_remote,,,,,,,,,,
images/002081.jpg,0.0,0.5,fpv,1777627543.0633173,1,0,fpv_remote_remote,,,,,,,,,,
images/002082.jpg,0.0,0.5,fpv,1777627543.1909852,1,0,fpv_remote_remote,,,,,,,,,,
images/002083.jpg,0.0,0.5,fpv,1777627543.319349,1,0,fpv_remote_remote,,,,,,,,,,
images/002084.jpg,0.13198644978179266,0.5,fpv,1777627543.4449167,1,0,fpv_remote_remote,,,,,,,,,,
images/002085.jpg,0.8,0.5,fpv,1777627543.5727654,1,0,fpv_remote_remote,,,,,,,,,,
images/002086.jpg,0.0,0.5,fpv,1777627543.6998227,1,0,fpv_remote_remote,,,,,,,,,,
images/002087.jpg,0.0,0.5,fpv,1777627543.8289266,1,0,fpv_remote_remote,,,,,,,,,,
images/002088.jpg,0.0,0.5,fpv,1777627543.9562707,1,0,fpv_remote_remote,,,,,,,,,,
images/002089.jpg,0.0,0.5,fpv,1777627544.083389,1,0,fpv_remote_remote,,,,,,,,,,
images/002090.jpg,0.0,0.5,fpv,1777627544.209902,1,0,fpv_remote_remote,,,,,,,,,,
images/002091.jpg,-0.4701071199682607,0.5,fpv,1777627544.3388503,1,0,fpv_remote_remote,,,,,,,,,,
images/002092.jpg,0.0,0.5,fpv,1777627544.4649312,1,0,fpv_remote_remote,,,,,,,,,,
images/002093.jpg,0.8,0.5,fpv,1777627544.5923042,1,0,fpv_remote_remote,,,,,,,,,,
images/002094.jpg,0.8,0.5,fpv,1777627544.7200522,1,0,fpv_remote_remote,,,,,,,,,,
images/002095.jpg,0.8,0.5,fpv,1777627544.847429,1,0,fpv_remote_remote,,,,,,,,,,
images/002096.jpg,0.8,0.5,fpv,1777627544.9743493,1,0,fpv_remote_remote,,,,,,,,,,
images/002097.jpg,0.0,0.5,fpv,1777627545.1026702,1,0,fpv_remote_remote,,,,,,,,,,
images/002098.jpg,0.0,0.5,fpv,1777627545.2327158,1,0,fpv_remote_remote,,,,,,,,,,
images/002099.jpg,0.0,0.5,fpv,1777627545.3591928,1,0,fpv_remote_remote,,,,,,,,,,
images/002100.jpg,-0.8,0.5,fpv,1777627545.4875216,1,0,fpv_remote_remote,,,,,,,,,,
images/002101.jpg,-0.4288705099642933,0.5,fpv,1777627545.6145089,1,0,fpv_remote_remote,,,,,,,,,,
images/002102.jpg,0.0,0.5,fpv,1777627545.741878,1,0,fpv_remote_remote,,,,,,,,,,
images/002103.jpg,0.0,0.5,fpv,1777627545.8692534,1,0,fpv_remote_remote,,,,,,,,,,
images/002104.jpg,0.0,0.5,fpv,1777627545.998128,1,0,fpv_remote_remote,,,,,,,,,,
images/002105.jpg,0.0,0.5,fpv,1777627546.1252646,1,0,fpv_remote_remote,,,,,,,,,,
images/002106.jpg,0.0,0.5,fpv,1777627546.253035,1,0,fpv_remote_remote,,,,,,,,,,
images/002107.jpg,0.0,0.5,fpv,1777627546.3798833,1,0,fpv_remote_remote,,,,,,,,,,
images/002108.jpg,0.0,0.5,fpv,1777627546.5068479,1,0,fpv_remote_remote,,,,,,,,,,
images/002109.jpg,0.0,0.5,fpv,1777627546.6338685,1,0,fpv_remote_remote,,,,,,,,,,
images/002110.jpg,0.0,0.5,fpv,1777627546.760164,1,0,fpv_remote_remote,,,,,,,,,,
images/002111.jpg,0.0,0.5,fpv,1777627546.8869004,1,0,fpv_remote_remote,,,,,,,,,,
images/002112.jpg,0.0,0.5,fpv,1777627547.0150304,1,0,fpv_remote_remote,,,,,,,,,,
images/002113.jpg,0.3711539048432875,0.5,fpv,1777627547.1427722,1,0,fpv_remote_remote,,,,,,,,,,
images/002114.jpg,0.0,0.5,fpv,1777627547.2688022,1,0,fpv_remote_remote,,,,,,,,,,
images/002115.jpg,0.0,0.5,fpv,1777627547.395875,1,0,fpv_remote_remote,,,,,,,,,,
images/002116.jpg,0.0,0.5,fpv,1777627547.5221598,1,0,fpv_remote_remote,,,,,,,,,,
images/002117.jpg,0.0,0.5,fpv,1777627547.6501884,1,0,fpv_remote_remote,,,,,,,,,,
images/002118.jpg,0.0,0.5,fpv,1777627547.777406,1,0,fpv_remote_remote,,,,,,,,,,
images/002119.jpg,0.0,0.5,fpv,1777627547.905907,1,0,fpv_remote_remote,,,,,,,,,,
images/002120.jpg,0.1979552598651082,0.5,fpv,1777627548.0326712,1,0,fpv_remote_remote,,,,,,,,,,
images/002121.jpg,0.0,0.5,fpv,1777627548.161039,1,0,fpv_remote_remote,,,,,,,,,,
images/002122.jpg,0.0,0.5,fpv,1777627548.288001,1,0,fpv_remote_remote,,,,,,,,,,
images/002123.jpg,0.0,0.5,fpv,1777627548.415835,1,0,fpv_remote_remote,,,,,,,,,,
images/002124.jpg,0.23093966490676598,0.5,fpv,1777627548.5411186,1,0,fpv_remote_remote,,,,,,,,,,
images/002125.jpg,0.0,0.5,fpv,1777627548.6688063,1,0,fpv_remote_remote,,,,,,,,,,
images/002126.jpg,0.0,0.5,fpv,1777627548.7941458,1,0,fpv_remote_remote,,,,,,,,,,
images/002127.jpg,0.1567186498611408,0.5,fpv,1777627548.9218833,1,0,fpv_remote_remote,,,,,,,,,,
images/002128.jpg,0.7505600146488846,0.5,fpv,1777627549.0480404,1,0,fpv_remote_remote,,,,,,,,,,
images/002129.jpg,0.7752922147282327,0.5,fpv,1777627549.1762335,1,0,fpv_remote_remote,,,,,,,,,,
images/002130.jpg,0.0,0.5,fpv,1777627549.3038328,1,0,fpv_remote_remote,,,,,,,,,,
images/002131.jpg,0.0,0.5,fpv,1777627549.4303505,1,0,fpv_remote_remote,,,,,,,,,,
images/002132.jpg,0.0,0.5,fpv,1777627549.55763,1,0,fpv_remote_remote,,,,,,,,,,
images/002133.jpg,0.0,0.5,fpv,1777627549.6845055,1,0,fpv_remote_remote,,,,,,,,,,
images/002134.jpg,0.0,0.5,fpv,1777627549.811744,1,0,fpv_remote_remote,,,,,,,,,,
images/002135.jpg,0.0,0.5,fpv,1777627549.9389,1,0,fpv_remote_remote,,,,,,,,,,
images/002136.jpg,0.0,0.5,fpv,1777627550.0666924,1,0,fpv_remote_remote,,,,,,,,,,
images/002137.jpg,0.0,0.5,fpv,1777627550.1938314,1,0,fpv_remote_remote,,,,,,,,,,
images/002138.jpg,0.0,0.5,fpv,1777627550.3223047,1,0,fpv_remote_remote,,,,,,,,,,
images/002139.jpg,0.0,0.5,fpv,1777627550.4487808,1,0,fpv_remote_remote,,,,,,,,,,
images/002140.jpg,0.0,0.5,fpv,1777627550.5767639,1,0,fpv_remote_remote,,,,,,,,,,
images/002141.jpg,0.0,0.5,fpv,1777627550.7022176,1,0,fpv_remote_remote,,,,,,,,,,
images/002142.jpg,0.0,0.5,fpv,1777627550.8303237,1,0,fpv_remote_remote,,,,,,,,,,
images/002143.jpg,0.0,0.5,fpv,1777627550.9569285,1,0,fpv_remote_remote,,,,,,,,,,
images/002144.jpg,0.0,0.5,fpv,1777627551.085766,1,0,fpv_remote_remote,,,,,,,,,,
images/002145.jpg,0.0,0.5,fpv,1777627551.2125387,1,0,fpv_remote_remote,,,,,,,,,,
images/002146.jpg,0.0,0.5,fpv,1777627551.3390381,1,0,fpv_remote_remote,,,,,,,,,,
images/002147.jpg,0.0,0.5,fpv,1777627551.4642105,1,0,fpv_remote_remote,,,,,,,,,,
images/002148.jpg,0.0,0.5,fpv,1777627551.5937653,1,0,fpv_remote_remote,,,,,,,,,,
images/002149.jpg,0.0,0.5,fpv,1777627551.7213402,1,0,fpv_remote_remote,,,,,,,,,,
images/002150.jpg,0.0,0.5,fpv,1777627551.849078,1,0,fpv_remote_remote,,,,,,,,,,
images/002151.jpg,0.6020935697500535,0.5,fpv,1777627551.9746456,1,0,fpv_remote_remote,,,,,,,,,,
images/002152.jpg,0.0,0.5,fpv,1777627552.103385,1,0,fpv_remote_remote,,,,,,,,,,
images/002153.jpg,0.0,0.5,fpv,1777627552.2312236,1,0,fpv_remote_remote,,,,,,,,,,
images/002154.jpg,0.0,0.5,fpv,1777627552.358641,1,0,fpv_remote_remote,,,,,,,,,,
images/002155.jpg,0.0,0.5,fpv,1777627552.4858713,1,0,fpv_remote_remote,,,,,,,,,,
images/002156.jpg,0.41239051484725486,0.5,fpv,1777627552.6165733,1,0,fpv_remote_remote,,,,,,,,,,
images/002157.jpg,0.8,0.5,fpv,1777627552.7463677,1,0,fpv_remote_remote,,,,,,,,,,
images/002158.jpg,0.8,0.5,fpv,1777627552.8730757,1,0,fpv_remote_remote,,,,,,,,,,
images/002159.jpg,0.8,0.5,fpv,1777627553.0051603,1,0,fpv_remote_remote,,,,,,,,,,
images/002160.jpg,0.8,0.5,fpv,1777627553.1316547,1,0,fpv_remote_remote,,,,,,,,,,
images/002161.jpg,0.0,0.5,fpv,1777627553.261738,1,0,fpv_remote_remote,,,,,,,,,,
images/002162.jpg,0.0,0.5,fpv,1777627553.3880973,1,0,fpv_remote_remote,,,,,,,,,,
images/002163.jpg,0.0,0.5,fpv,1777627553.5143874,1,0,fpv_remote_remote,,,,,,,,,,
images/002164.jpg,0.4701315347758415,0.5,fpv,1777627553.6422536,1,0,fpv_remote_remote,,,,,,,,,,
images/002165.jpg,0.8,0.5,fpv,1777627553.7713206,1,0,fpv_remote_remote,,,,,,,,,,
images/002166.jpg,-0.8,-0.5,fpv,1777627554.4482977,1,0,fpv_remote_remote,,,,,,,,,,
images/002167.jpg,-0.8,-0.5,fpv,1777627554.57658,1,0,fpv_remote_remote,,,,,,,,,,
images/002168.jpg,0.0,-0.5,fpv,1777627554.7037978,1,0,fpv_remote_remote,,,,,,,,,,
images/002169.jpg,-0.8,-0.5,fpv,1777627555.2997422,1,0,fpv_remote_remote,,,,,,,,,,
images/002170.jpg,-0.8,-0.5,fpv,1777627555.4245198,1,0,fpv_remote_remote,,,,,,,,,,
images/002171.jpg,-0.8,-0.5,fpv,1777627555.554565,1,0,fpv_remote_remote,,,,,,,,,,
images/002172.jpg,-0.8,-0.5,fpv,1777627555.6833482,1,0,fpv_remote_remote,,,,,,,,,,
images/002173.jpg,-0.8,-0.5,fpv,1777627555.811069,1,0,fpv_remote_remote,,,,,,,,,,
images/002174.jpg,0.7752922147282327,0.42785424359874263,fpv,1777627556.6599858,1,0,fpv_remote_remote,,,,,,,,,,
images/002175.jpg,0.8,0.5,fpv,1777627556.7878516,1,0,fpv_remote_remote,,,,,,,,,,
images/002176.jpg,0.8,0.5,fpv,1777627556.9147785,1,0,fpv_remote_remote,,,,,,,,,,
images/002177.jpg,0.4041383098849452,0.5,fpv,1777627557.0426059,1,0,fpv_remote_remote,,,,,,,,,,
images/002178.jpg,0.0,0.5,fpv,1777627557.1680458,1,0,fpv_remote_remote,,,,,,,,,,
images/002179.jpg,-0.4701071199682607,0.5,fpv,1777627557.2961922,1,0,fpv_remote_remote,,,,,,,,,,
images/002180.jpg,0.0,0.5,fpv,1777627557.4250786,1,0,fpv_remote_remote,,,,,,,,,,
images/002181.jpg,0.0,0.5,fpv,1777627557.553236,1,0,fpv_remote_remote,,,,,,,,,,
images/002182.jpg,0.0,0.5,fpv,1777627557.6816347,1,0,fpv_remote_remote,,,,,,,,,,
images/002183.jpg,0.0,0.5,fpv,1777627557.813003,1,0,fpv_remote_remote,,,,,,,,,,
images/002184.jpg,0.0,0.42785424359874263,fpv,1777627557.9406166,1,0,fpv_remote_remote,,,,,,,,,,
images/002185.jpg,0.8,-0.5,fpv,1777627559.8429666,1,0,fpv_remote_remote,,,,,,,,,,
images/002186.jpg,0.8,-0.5,fpv,1777627559.9716117,1,0,fpv_remote_remote,,,,,,,,,,
images/002187.jpg,0.8,-0.5,fpv,1777627560.1004803,1,0,fpv_remote_remote,,,,,,,,,,
images/002188.jpg,-0.8,0.5,fpv,1777627561.8810081,1,0,fpv_remote_remote,,,,,,,,,,
images/002189.jpg,-0.8,0.5,fpv,1777627562.011601,1,0,fpv_remote_remote,,,,,,,,,,
images/002190.jpg,-0.8,0.5,fpv,1777627562.138724,1,0,fpv_remote_remote,,,,,,,,,,
images/002191.jpg,-0.8,0.5,fpv,1777627562.2662995,1,0,fpv_remote_remote,,,,,,,,,,
images/002192.jpg,-0.8,0.5,fpv,1777627562.3956327,1,0,fpv_remote_remote,,,,,,,,,,
images/002193.jpg,-0.8,0.5,fpv,1777627562.523277,1,0,fpv_remote_remote,,,,,,,,,,
images/002194.jpg,-0.8,0.5,fpv,1777627562.6535857,1,0,fpv_remote_remote,,,,,,,,,,
images/002195.jpg,-0.7752677999206519,0.16496780297250282,fpv,1777627562.7819335,1,0,fpv_remote_remote,,,,,,,,,,
images/002196.jpg,0.8,-0.5,fpv,1777627563.2880502,1,0,fpv_remote_remote,,,,,,,,,,
images/002197.jpg,0.8,-0.5,fpv,1777627563.4150531,1,0,fpv_remote_remote,,,,,,,,,,
images/002198.jpg,0.8,-0.5,fpv,1777627563.5435674,1,0,fpv_remote_remote,,,,,,,,,,
images/002199.jpg,0.8,-0.4587694936979278,fpv,1777627563.6721277,1,0,fpv_remote_remote,,,,,,,,,,
images/002200.jpg,0.0,0.5,fpv,1777627564.0504568,1,0,fpv_remote_remote,,,,,,,,,,
images/002201.jpg,-0.8,0.5,fpv,1777627564.178541,1,0,fpv_remote_remote,,,,,,,,,,
images/002202.jpg,-0.8,0.5,fpv,1777627564.3072755,1,0,fpv_remote_remote,,,,,,,,,,
images/002203.jpg,-0.8,0.5,fpv,1777627564.4334836,1,0,fpv_remote_remote,,,,,,,,,,
images/002204.jpg,-0.8,0.5,fpv,1777627564.5608974,1,0,fpv_remote_remote,,,,,,,,,,
images/002205.jpg,-0.8,0.5,fpv,1777627564.6888008,1,0,fpv_remote_remote,,,,,,,,,,
images/002206.jpg,-0.3958861049226356,0.5,fpv,1777627564.8174152,1,0,fpv_remote_remote,,,,,,,,,,
images/002207.jpg,0.0,0.5,fpv,1777627564.9429147,1,0,fpv_remote_remote,,,,,,,,,,
images/002208.jpg,0.0,0.5,fpv,1777627565.0709713,1,0,fpv_remote_remote,,,,,,,,,,
images/002209.jpg,0.0,0.5,fpv,1777627565.1974118,1,0,fpv_remote_remote,,,,,,,,,,
images/002210.jpg,0.0,0.5,fpv,1777627565.3272858,1,0,fpv_remote_remote,,,,,,,,,,
images/002211.jpg,0.0,0.5,fpv,1777627565.453263,1,0,fpv_remote_remote,,,,,,,,,,
images/002212.jpg,-0.8,0.5,fpv,1777627565.5796487,1,0,fpv_remote_remote,,,,,,,,,,
images/002213.jpg,-0.8,0.5,fpv,1777627565.7057545,1,0,fpv_remote_remote,,,,,,,,,,
images/002214.jpg,0.0,0.5,fpv,1777627565.833738,1,0,fpv_remote_remote,,,,,,,,,,
images/002215.jpg,0.0,0.5,fpv,1777627565.9597173,1,0,fpv_remote_remote,,,,,,,,,,
images/002216.jpg,0.0,0.5,fpv,1777627566.0869827,1,0,fpv_remote_remote,,,,,,,,,,
images/002217.jpg,0.0,0.5,fpv,1777627566.2145984,1,0,fpv_remote_remote,,,,,,,,,,
images/002218.jpg,0.0,0.46394238105410934,fpv,1777627566.3459466,1,0,fpv_remote_remote,,,,,,,,,,
images/002219.jpg,0.0,0.3659932248908963,fpv,1777627567.0191176,1,0,fpv_remote_remote,,,,,,,,,,
images/002220.jpg,0.0,0.4226966154972991,fpv,1777627567.147659,1,0,fpv_remote_remote,,,,,,,,,,
images/002221.jpg,0.0,0.4226966154972991,fpv,1777627567.2752333,1,0,fpv_remote_remote,,,,,,,,,,
images/002222.jpg,0.0,0.4226966154972991,fpv,1777627567.4031734,1,0,fpv_remote_remote,,,,,,,,,,
images/002223.jpg,0.0,0.4226966154972991,fpv,1777627567.5301938,1,0,fpv_remote_remote,,,,,,,,,,
images/002224.jpg,0.5855891598254341,0.4226966154972991,fpv,1777627567.6582034,1,0,fpv_remote_remote,,,,,,,,,,
images/002225.jpg,0.8,0.4226966154972991,fpv,1777627567.7846894,1,0,fpv_remote_remote,,,,,,,,,,
images/002226.jpg,0.8,0.4175389873958556,fpv,1777627567.9141302,1,0,fpv_remote_remote,,,,,,,,,,
images/002227.jpg,0.0,0.4175389873958556,fpv,1777627568.0408316,1,0,fpv_remote_remote,,,,,,,,,,
images/002228.jpg,0.0,0.41239661854915005,fpv,1777627568.1686578,1,0,fpv_remote_remote,,,,,,,,,,
images/002229.jpg,0.0,0.41239661854915005,fpv,1777627568.2956371,1,0,fpv_remote_remote,,,,,,,,,,
images/002230.jpg,0.668062379833369,0.41239661854915005,fpv,1777627568.4227355,1,0,fpv_remote_remote,,,,,,,,,,
images/002231.jpg,0.0,0.40723899044770656,fpv,1777627568.5497224,1,0,fpv_remote_remote,,,,,,,,,,
images/002232.jpg,0.0,0.402081362346263,fpv,1777627568.678361,1,0,fpv_remote_remote,,,,,,,,,,
images/002233.jpg,0.0,0.402081362346263,fpv,1777627568.8063374,1,0,fpv_remote_remote,,,,,,,,,,
images/002234.jpg,0.742307809686575,0.402081362346263,fpv,1777627568.9342635,1,0,fpv_remote_remote,,,,,,,,,,
images/002235.jpg,0.0,0.402081362346263,fpv,1777627569.0631511,1,0,fpv_remote_remote,,,,,,,,,,
images/002236.jpg,0.0,0.402081362346263,fpv,1777627569.190568,1,0,fpv_remote_remote,,,,,,,,,,
images/002237.jpg,0.0,0.5,fpv,1777627569.3194199,1,0,fpv_remote_remote,,,,,,,,,,
images/002238.jpg,0.0,0.5,fpv,1777627569.4460196,1,0,fpv_remote_remote,,,,,,,,,,
images/002239.jpg,0.0,0.5,fpv,1777627569.5749376,1,0,fpv_remote_remote,,,,,,,,,,
images/002240.jpg,0.0,0.5,fpv,1777627569.7011216,1,0,fpv_remote_remote,,,,,,,,,,
images/002241.jpg,0.0,0.5,fpv,1777627569.8305342,1,0,fpv_remote_remote,,,,,,,,,,
images/002242.jpg,0.0,0.5,fpv,1777627569.9574122,1,0,fpv_remote_remote,,,,,,,,,,
images/002243.jpg,0.0,0.5,fpv,1777627570.0871007,1,0,fpv_remote_remote,,,,,,,,,,
images/002244.jpg,0.0,0.5,fpv,1777627570.2153394,1,0,fpv_remote_remote,,,,,,,,,,
images/002245.jpg,0.0,0.5,fpv,1777627570.3447652,1,0,fpv_remote_remote,,,,,,,,,,
images/002246.jpg,0.8,0.5,fpv,1777627570.4713624,1,0,fpv_remote_remote,,,,,,,,,,
images/002247.jpg,0.8,0.5,fpv,1777627570.6025333,1,0,fpv_remote_remote,,,,,,,,,,
images/002248.jpg,0.0,0.5,fpv,1777627570.7304158,1,0,fpv_remote_remote,,,,,,,,,,
images/002249.jpg,0.5691091647083957,0.5,fpv,1777627570.85871,1,0,fpv_remote_remote,,,,,,,,,,
images/002250.jpg,0.8,0.5,fpv,1777627570.98859,1,0,fpv_remote_remote,,,,,,,,,,
images/002251.jpg,0.0,0.5,fpv,1777627571.115749,1,0,fpv_remote_remote,,,,,,,,,,
images/002252.jpg,0.0,0.5,fpv,1777627571.2438486,1,0,fpv_remote_remote,,,,,,,,,,
images/002253.jpg,0.0,0.5,fpv,1777627571.3705163,1,0,fpv_remote_remote,,,,,,,,,,
images/002254.jpg,0.0,0.5,fpv,1777627571.4993691,1,0,fpv_remote_remote,,,,,,,,,,
images/002255.jpg,0.0,0.5,fpv,1777627571.627837,1,0,fpv_remote_remote,,,,,,,,,,
images/002256.jpg,0.0,0.5,fpv,1777627571.7584941,1,0,fpv_remote_remote,,,,,,,,,,
images/002257.jpg,0.0,0.5,fpv,1777627571.885095,1,0,fpv_remote_remote,,,,,,,,,,
images/002258.jpg,0.692818994720298,0.5,fpv,1777627572.0147603,1,0,fpv_remote_remote,,,,,,,,,,
images/002259.jpg,0.0,0.5,fpv,1777627572.142937,1,0,fpv_remote_remote,,,,,,,,,,
images/002260.jpg,0.0,0.5,fpv,1777627572.2712023,1,0,fpv_remote_remote,,,,,,,,,,
images/002261.jpg,0.0,0.5,fpv,1777627572.3995996,1,0,fpv_remote_remote,,,,,,,,,,
images/002262.jpg,0.0,0.5,fpv,1777627572.5272691,1,0,fpv_remote_remote,,,,,,,,,,
images/002263.jpg,0.0,0.5,fpv,1777627572.6544237,1,0,fpv_remote_remote,,,,,,,,,,
images/002264.jpg,0.0,0.5,fpv,1777627572.782027,1,0,fpv_remote_remote,,,,,,,,,,
images/002265.jpg,0.0,0.5,fpv,1777627572.909989,1,0,fpv_remote_remote,,,,,,,,,,
images/002266.jpg,0.0,0.5,fpv,1777627573.0355146,1,0,fpv_remote_remote,,,,,,,,,,
images/002267.jpg,0.0,0.5,fpv,1777627573.16144,1,0,fpv_remote_remote,,,,,,,,,,
images/002268.jpg,0.0,0.5,fpv,1777627573.2887409,1,0,fpv_remote_remote,,,,,,,,,,
images/002269.jpg,0.0,0.5,fpv,1777627573.4189832,1,0,fpv_remote_remote,,,,,,,,,,
images/002270.jpg,0.0,0.5,fpv,1777627573.545602,1,0,fpv_remote_remote,,,,,,,,,,
images/002271.jpg,0.0,0.5,fpv,1777627573.6742709,1,0,fpv_remote_remote,,,,,,,,,,
images/002272.jpg,-0.2886562700277719,0.5,fpv,1777627573.7997653,1,0,fpv_remote_remote,,,,,,,,,,
images/002273.jpg,-0.7175267799920653,0.5,fpv,1777627573.928794,1,0,fpv_remote_remote,,,,,,,,,,
images/002274.jpg,-0.6103213599047823,0.5,fpv,1777627574.05544,1,0,fpv_remote_remote,,,,,,,,,,
images/002275.jpg,0.0,0.5,fpv,1777627574.185589,1,0,fpv_remote_remote,,,,,,,,,,
images/002276.jpg,0.0,0.5,fpv,1777627574.313853,1,0,fpv_remote_remote,,,,,,,,,,
images/002277.jpg,0.0,0.5,fpv,1777627574.4411356,1,0,fpv_remote_remote,,,,,,,,,,
images/002278.jpg,0.0,0.5,fpv,1777627574.5705662,1,0,fpv_remote_remote,,,,,,,,,,
images/002279.jpg,0.0,0.5,fpv,1777627574.698885,1,0,fpv_remote_remote,,,,,,,,,,
images/002280.jpg,0.0,0.5,fpv,1777627574.8269823,1,0,fpv_remote_remote,,,,,,,,,,
images/002281.jpg,0.0,0.5,fpv,1777627574.9525955,1,0,fpv_remote_remote,,,,,,,,,,
images/002282.jpg,0.6268257698294016,0.5,fpv,1777627575.079385,1,0,fpv_remote_remote,,,,,,,,,,
images/002283.jpg,0.7505600146488846,0.5,fpv,1777627575.2053432,1,0,fpv_remote_remote,,,,,,,,,,
images/002284.jpg,0.0,0.5,fpv,1777627575.335863,1,0,fpv_remote_remote,,,,,,,,,,
images/002285.jpg,0.0,0.5,fpv,1777627575.4629316,1,0,fpv_remote_remote,,,,,,,,,,
images/002286.jpg,0.0,0.5,fpv,1777627575.5897803,1,0,fpv_remote_remote,,,,,,,,,,
images/002287.jpg,0.0,0.5,fpv,1777627575.7185931,1,0,fpv_remote_remote,,,,,,,,,,
images/002288.jpg,0.0,0.5,fpv,1777627575.8455513,1,0,fpv_remote_remote,,,,,,,,,,
images/002289.jpg,0.7587878048036134,0.5,fpv,1777627575.972895,1,0,fpv_remote_remote,,,,,,,,,,
images/002290.jpg,0.8,0.5,fpv,1777627576.0983858,1,0,fpv_remote_remote,,,,,,,,,,
images/002291.jpg,0.0,0.5,fpv,1777627576.2264323,1,0,fpv_remote_remote,,,,,,,,,,
images/002292.jpg,0.0,0.5,fpv,1777627576.3521993,1,0,fpv_remote_remote,,,,,,,,,,
images/002293.jpg,0.0,0.5,fpv,1777627576.4784753,1,0,fpv_remote_remote,,,,,,,,,,
images/002294.jpg,0.0,0.5,fpv,1777627576.6055987,1,0,fpv_remote_remote,,,,,,,,,,
images/002295.jpg,0.0,0.5,fpv,1777627576.733487,1,0,fpv_remote_remote,,,,,,,,,,
images/002296.jpg,0.0,0.5,fpv,1777627576.8593314,1,0,fpv_remote_remote,,,,,,,,,,
images/002297.jpg,0.4701315347758415,0.5,fpv,1777627576.9863086,1,0,fpv_remote_remote,,,,,,,,,,
images/002298.jpg,0.8,0.5,fpv,1777627577.1127264,1,0,fpv_remote_remote,,,,,,,,,,
images/002299.jpg,0.0,0.5,fpv,1777627577.2423298,1,0,fpv_remote_remote,,,,,,,,,,
images/002300.jpg,0.0,0.5,fpv,1777627577.36936,1,0,fpv_remote_remote,,,,,,,,,,
images/002301.jpg,0.0,0.5,fpv,1777627577.4971223,1,0,fpv_remote_remote,,,,,,,,,,
images/002302.jpg,0.0,0.5,fpv,1777627577.6240692,1,0,fpv_remote_remote,,,,,,,,,,
images/002303.jpg,0.0,0.5,fpv,1777627577.753087,1,0,fpv_remote_remote,,,,,,,,,,
images/002304.jpg,0.0,0.5,fpv,1777627577.8820755,1,0,fpv_remote_remote,,,,,,,,,,
images/002305.jpg,0.8,0.5,fpv,1777627578.0105405,1,0,fpv_remote_remote,,,,,,,,,,
images/002306.jpg,0.7587878048036134,0.5,fpv,1777627578.1383386,1,0,fpv_remote_remote,,,,,,,,,,
images/002307.jpg,0.0,0.5,fpv,1777627578.2666595,1,0,fpv_remote_remote,,,,,,,,,,
images/002308.jpg,0.0,0.5,fpv,1777627578.393569,1,0,fpv_remote_remote,,,,,,,,,,
images/002309.jpg,0.0,0.5,fpv,1777627578.5204592,1,0,fpv_remote_remote,,,,,,,,,,
images/002310.jpg,0.0,0.5,fpv,1777627578.6481714,1,0,fpv_remote_remote,,,,,,,,,,
images/002311.jpg,0.0,0.5,fpv,1777627578.776287,1,0,fpv_remote_remote,,,,,,,,,,
images/002312.jpg,0.0,0.5,fpv,1777627578.903616,1,0,fpv_remote_remote,,,,,,,,,,
images/002313.jpg,0.0,0.5,fpv,1777627579.0305336,1,0,fpv_remote_remote,,,,,,,,,,
images/002314.jpg,0.0,0.5,fpv,1777627579.1573846,1,0,fpv_remote_remote,,,,,,,,,,
images/002315.jpg,0.0,0.5,fpv,1777627579.2849166,1,0,fpv_remote_remote,,,,,,,,,,
images/002316.jpg,-0.34639728995635855,0.5,fpv,1777627579.4115162,1,0,fpv_remote_remote,,,,,,,,,,
images/002317.jpg,0.0,0.5,fpv,1777627579.5391872,1,0,fpv_remote_remote,,,,,,,,,,
images/002318.jpg,0.0,0.5,fpv,1777627579.6676471,1,0,fpv_remote_remote,,,,,,,,,,
images/002319.jpg,0.0,0.5,fpv,1777627579.7954443,1,0,fpv_remote_remote,,,,,,,,,,
images/002320.jpg,0.0,0.5,fpv,1777627579.9222808,1,0,fpv_remote_remote,,,,,,,,,,
images/002321.jpg,0.0,0.5,fpv,1777627580.049564,1,0,fpv_remote_remote,,,,,,,,,,
images/002322.jpg,0.0,0.5,fpv,1777627580.1788924,1,0,fpv_remote_remote,,,,,,,,,,
images/002323.jpg,-0.8,0.5,fpv,1777627580.3058112,1,0,fpv_remote_remote,,,,,,,,,,
images/002324.jpg,-0.8,0.5,fpv,1777627580.4340577,1,0,fpv_remote_remote,,,,,,,,,,
images/002325.jpg,-0.8,0.5,fpv,1777627580.5596447,1,0,fpv_remote_remote,,,,,,,,,,
images/002326.jpg,0.0,0.5,fpv,1777627580.6879296,1,0,fpv_remote_remote,,,,,,,,,,
images/002327.jpg,0.0,0.5,fpv,1777627580.8157523,1,0,fpv_remote_remote,,,,,,,,,,
images/002328.jpg,0.0,0.5,fpv,1777627580.9442732,1,0,fpv_remote_remote,,,,,,,,,,
images/002329.jpg,0.0,0.5,fpv,1777627581.0719995,1,0,fpv_remote_remote,,,,,,,,,,
images/002330.jpg,0.8,0.5,fpv,1777627581.2005775,1,0,fpv_remote_remote,,,,,,,,,,
images/002331.jpg,0.0,0.5,fpv,1777627581.3269696,1,0,fpv_remote_remote,,,,,,,,,,
images/002332.jpg,0.0,0.5,fpv,1777627581.4543993,1,0,fpv_remote_remote,,,,,,,,,,
images/002333.jpg,0.0,0.5,fpv,1777627581.5822437,1,0,fpv_remote_remote,,,,,,,,,,
images/002334.jpg,0.0,0.5,fpv,1777627581.708318,1,0,fpv_remote_remote,,,,,,,,,,
images/002335.jpg,0.0,0.5,fpv,1777627581.8353581,1,0,fpv_remote_remote,,,,,,,,,,
images/002336.jpg,0.8,0.5,fpv,1777627581.9634151,1,0,fpv_remote_remote,,,,,,,,,,
images/002337.jpg,0.8,0.5,fpv,1777627582.0918932,1,0,fpv_remote_remote,,,,,,,,,,
images/002338.jpg,0.8,0.5,fpv,1777627582.2182436,1,0,fpv_remote_remote,,,,,,,,,,
images/002339.jpg,0.0,0.5,fpv,1777627582.3475301,1,0,fpv_remote_remote,,,,,,,,,,
images/002340.jpg,0.0,0.5,fpv,1777627582.47457,1,0,fpv_remote_remote,,,,,,,,,,
images/002341.jpg,0.0,0.5,fpv,1777627582.6039567,1,0,fpv_remote_remote,,,,,,,,,,
images/002342.jpg,0.0,0.5,fpv,1777627582.7305286,1,0,fpv_remote_remote,,,,,,,,,,
images/002343.jpg,0.0,0.5,fpv,1777627582.858857,1,0,fpv_remote_remote,,,,,,,,,,
images/002344.jpg,0.0,0.5,fpv,1777627582.984718,1,0,fpv_remote_remote,,,,,,,,,,
images/002345.jpg,0.2639484847560045,0.5,fpv,1777627583.1157143,1,0,fpv_remote_remote,,,,,,,,,,
images/002346.jpg,0.0,0.5,fpv,1777627583.242442,1,0,fpv_remote_remote,,,,,,,,,,
images/002347.jpg,0.0,0.5,fpv,1777627583.3724759,1,0,fpv_remote_remote,,,,,,,,,,
images/002348.jpg,0.0,0.5,fpv,1777627583.4986603,1,0,fpv_remote_remote,,,,,,,,,,
images/002349.jpg,0.0,0.5,fpv,1777627583.627741,1,0,fpv_remote_remote,,,,,,,,,,
images/002350.jpg,0.0,0.5,fpv,1777627583.7551196,1,0,fpv_remote_remote,,,,,,,,,,
images/002351.jpg,0.0,0.5,fpv,1777627583.8823934,1,0,fpv_remote_remote,,,,,,,,,,
images/002352.jpg,0.0,0.5,fpv,1777627584.0101883,1,0,fpv_remote_remote,,,,,,,,,,
images/002353.jpg,0.8,0.5,fpv,1777627584.1388671,1,0,fpv_remote_remote,,,,,,,,,,
images/002354.jpg,0.8,0.5,fpv,1777627584.2663949,1,0,fpv_remote_remote,,,,,,,,,,
images/002355.jpg,0.2556962797936949,0.5,fpv,1777627584.3934171,1,0,fpv_remote_remote,,,,,,,,,,
images/002356.jpg,0.0,0.5,fpv,1777627584.5211172,1,0,fpv_remote_remote,,,,,,,,,,
images/002357.jpg,0.0,0.5,fpv,1777627584.6474528,1,0,fpv_remote_remote,,,,,,,,,,
images/002358.jpg,0.1567186498611408,0.5,fpv,1777627584.774334,1,0,fpv_remote_remote,,,,,,,,,,
images/002359.jpg,0.8,0.5,fpv,1777627584.9019802,1,0,fpv_remote_remote,,,,,,,,,,
images/002360.jpg,0.14846644489883115,0.5,fpv,1777627585.0302234,1,0,fpv_remote_remote,,,,,,,,,,
images/002361.jpg,0.5855891598254341,0.5,fpv,1777627585.1583223,1,0,fpv_remote_remote,,,,,,,,,,
images/002362.jpg,0.8,0.5,fpv,1777627585.2864404,1,0,fpv_remote_remote,,,,,,,,,,
images/002363.jpg,0.8,0.5,fpv,1777627585.414142,1,0,fpv_remote_remote,,,,,,,,,,
images/002364.jpg,0.0,0.5,fpv,1777627585.5414548,1,0,fpv_remote_remote,,,,,,,,,,
images/002365.jpg,0.0,0.5,fpv,1777627585.667451,1,0,fpv_remote_remote,,,,,,,,,,
images/002366.jpg,0.0,0.5,fpv,1777627585.7956378,1,0,fpv_remote_remote,,,,,,,,,,
images/002367.jpg,0.0,0.5,fpv,1777627585.9218934,1,0,fpv_remote_remote,,,,,,,,,,
images/002368.jpg,-0.8,0.5,fpv,1777627586.0495596,1,0,fpv_remote_remote,,,,,,,,,,
images/002369.jpg,-0.8,0.5,fpv,1777627586.1783288,1,0,fpv_remote_remote,,,,,,,,,,
images/002370.jpg,0.0,0.5,fpv,1777627586.3076274,1,0,fpv_remote_remote,,,,,,,,,,
images/002371.jpg,0.0,0.5,fpv,1777627586.4358404,1,0,fpv_remote_remote,,,,,,,,,,
images/002372.jpg,0.0,0.5,fpv,1777627586.5638285,1,0,fpv_remote_remote,,,,,,,,,,
images/002373.jpg,0.0,0.5,fpv,1777627586.6904213,1,0,fpv_remote_remote,,,,,,,,,,
images/002374.jpg,0.0,0.5,fpv,1777627586.8179557,1,0,fpv_remote_remote,,,,,,,,,,
images/002375.jpg,0.0,0.5,fpv,1777627586.9459739,1,0,fpv_remote_remote,,,,,,,,,,
images/002376.jpg,-0.1979308450575274,0.5,fpv,1777627587.0716631,1,0,fpv_remote_remote,,,,,,,,,,
images/002377.jpg,0.0,0.5,fpv,1777627587.1982949,1,0,fpv_remote_remote,,,,,,,,,,
images/002378.jpg,0.0,0.5,fpv,1777627587.32753,1,0,fpv_remote_remote,,,,,,,,,,
images/002379.jpg,0.0,0.5,fpv,1777627587.4553254,1,0,fpv_remote_remote,,,,,,,,,,
images/002380.jpg,0.0,0.5,fpv,1777627587.582193,1,0,fpv_remote_remote,,,,,,,,,,
images/002381.jpg,0.0,0.5,fpv,1777627587.7121966,1,0,fpv_remote_remote,,,,,,,,,,
images/002382.jpg,-0.3958861049226356,0.5,fpv,1777627587.8394425,1,0,fpv_remote_remote,,,,,,,,,,
images/002383.jpg,-0.8,0.5,fpv,1777627587.9682112,1,0,fpv_remote_remote,,,,,,,,,,
images/002384.jpg,-0.8,0.5,fpv,1777627588.0948925,1,0,fpv_remote_remote,,,,,,,,,,
images/002385.jpg,-0.8,0.5,fpv,1777627588.2227323,1,0,fpv_remote_remote,,,,,,,,,,
images/002386.jpg,-0.21443525498214666,0.5,fpv,1777627588.3482475,1,0,fpv_remote_remote,,,,,,,,,,
images/002387.jpg,0.0,0.5,fpv,1777627588.4766057,1,0,fpv_remote_remote,,,,,,,,,,
images/002388.jpg,0.0,0.5,fpv,1777627588.6046112,1,0,fpv_remote_remote,,,,,,,,,,
images/002389.jpg,0.0,0.5,fpv,1777627588.731749,1,0,fpv_remote_remote,,,,,,,,,,
images/002390.jpg,0.0,0.5,fpv,1777627588.8576484,1,0,fpv_remote_remote,,,,,,,,,,
images/002391.jpg,0.0,0.5,fpv,1777627588.9852905,1,0,fpv_remote_remote,,,,,,,,,,
images/002392.jpg,0.0,0.5,fpv,1777627589.1118748,1,0,fpv_remote_remote,,,,,,,,,,
images/002393.jpg,0.668062379833369,0.5,fpv,1777627589.2387197,1,0,fpv_remote_remote,,,,,,,,,,
images/002394.jpg,0.8,0.5,fpv,1777627589.3670812,1,0,fpv_remote_remote,,,,,,,,,,
images/002395.jpg,0.8,0.5,fpv,1777627589.4927814,1,0,fpv_remote_remote,,,,,,,,,,
images/002396.jpg,0.8,0.5,fpv,1777627589.619131,1,0,fpv_remote_remote,,,,,,,,,,
images/002397.jpg,0.0,0.5,fpv,1777627589.7459006,1,0,fpv_remote_remote,,,,,,,,,,
images/002398.jpg,0.0,0.5,fpv,1777627589.8736055,1,0,fpv_remote_remote,,,,,,,,,,
images/002399.jpg,0.0,0.5,fpv,1777627590.0000627,1,0,fpv_remote_remote,,,,,,,,,,
images/002400.jpg,0.0,0.5,fpv,1777627590.1264439,1,0,fpv_remote_remote,,,,,,,,,,
images/002401.jpg,0.0,0.5,fpv,1777627590.2523417,1,0,fpv_remote_remote,,,,,,,,,,
images/002402.jpg,0.0,0.5,fpv,1777627590.3789554,1,0,fpv_remote_remote,,,,,,,,,,
images/002403.jpg,0.8,0.5,fpv,1777627590.5056489,1,0,fpv_remote_remote,,,,,,,,,,
images/002404.jpg,0.8,0.5,fpv,1777627590.6322138,1,0,fpv_remote_remote,,,,,,,,,,
images/002405.jpg,0.0,0.5,fpv,1777627590.7591798,1,0,fpv_remote_remote,,,,,,,,,,
images/002406.jpg,0.0,0.5,fpv,1777627590.8865807,1,0,fpv_remote_remote,,,,,,,,,,
images/002407.jpg,0.0,0.5,fpv,1777627591.012935,1,0,fpv_remote_remote,,,,,,,,,,
images/002408.jpg,0.0,0.5,fpv,1777627591.1404223,1,0,fpv_remote_remote,,,,,,,,,,
images/002409.jpg,0.0,0.5,fpv,1777627591.2682374,1,0,fpv_remote_remote,,,,,,,,,,
images/002410.jpg,0.0,0.5,fpv,1777627591.3961673,1,0,fpv_remote_remote,,,,,,,,,,
images/002411.jpg,0.0,0.5,fpv,1777627591.522892,1,0,fpv_remote_remote,,,,,,,,,,
images/002412.jpg,0.0,0.5,fpv,1777627591.6509511,1,0,fpv_remote_remote,,,,,,,,,,
images/002413.jpg,0.0,0.5,fpv,1777627591.7767,1,0,fpv_remote_remote,,,,,,,,,,
images/002414.jpg,0.2391918698690756,0.5,fpv,1777627591.9045234,1,0,fpv_remote_remote,,,,,,,,,,
images/002415.jpg,0.8,0.5,fpv,1777627592.0336478,1,0,fpv_remote_remote,,,,,,,,,,
images/002416.jpg,0.8,0.5,fpv,1777627592.1618342,1,0,fpv_remote_remote,,,,,,,,,,
images/002417.jpg,0.0,0.5,fpv,1777627592.2884018,1,0,fpv_remote_remote,,,,,,,,,,
images/002418.jpg,0.0,0.5,fpv,1777627592.4170237,1,0,fpv_remote_remote,,,,,,,,,,
images/002419.jpg,0.0,0.5,fpv,1777627592.5446112,1,0,fpv_remote_remote,,,,,,,,,,
images/002420.jpg,0.0,0.5,fpv,1777627592.6728876,1,0,fpv_remote_remote,,,,,,,,,,
images/002421.jpg,0.0,0.5,fpv,1777627592.7999685,1,0,fpv_remote_remote,,,,,,,,,,
images/002422.jpg,0.0,0.5,fpv,1777627592.9289157,1,0,fpv_remote_remote,,,,,,,,,,
images/002423.jpg,0.0,0.5,fpv,1777627593.0563993,1,0,fpv_remote_remote,,,,,,,,,,
images/002424.jpg,0.0,0.5,fpv,1777627593.1814096,1,0,fpv_remote_remote,,,,,,,,,,
images/002425.jpg,0.0,0.5,fpv,1777627593.3084872,1,0,fpv_remote_remote,,,,,,,,,,
images/002426.jpg,-0.28040406506546217,0.5,fpv,1777627593.4347758,1,0,fpv_remote_remote,,,,,,,,,,
images/002427.jpg,-0.5525803399761956,0.5,fpv,1777627593.5613923,1,0,fpv_remote_remote,,,,,,,,,,
images/002428.jpg,0.0,0.5,fpv,1777627593.6885319,1,0,fpv_remote_remote,,,,,,,,,,
images/002429.jpg,0.0,0.5,fpv,1777627593.8171868,1,0,fpv_remote_remote,,,,,,,,,,
images/002430.jpg,0.0,0.5,fpv,1777627593.9437532,1,0,fpv_remote_remote,,,,,,,,,,
images/002431.jpg,0.0,0.5,fpv,1777627594.0711348,1,0,fpv_remote_remote,,,,,,,,,,
images/002432.jpg,0.0,0.5,fpv,1777627594.1987946,1,0,fpv_remote_remote,,,,,,,,,,
images/002433.jpg,-0.3958861049226356,0.5,fpv,1777627594.3275683,1,0,fpv_remote_remote,,,,,,,,,,
images/002434.jpg,-0.8,0.5,fpv,1777627594.453572,1,0,fpv_remote_remote,,,,,,,,,,
images/002435.jpg,0.0,0.5,fpv,1777627594.581949,1,0,fpv_remote_remote,,,,,,,,,,
images/002436.jpg,0.0,0.5,fpv,1777627594.7081203,1,0,fpv_remote_remote,,,,,,,,,,
images/002437.jpg,0.0,0.5,fpv,1777627594.8366892,1,0,fpv_remote_remote,,,,,,,,,,
images/002438.jpg,0.0,0.5,fpv,1777627594.964143,1,0,fpv_remote_remote,,,,,,,,,,
images/002439.jpg,0.0,0.5,fpv,1777627595.0918937,1,0,fpv_remote_remote,,,,,,,,,,
images/002440.jpg,0.0,0.5,fpv,1777627595.217615,1,0,fpv_remote_remote,,,,,,,,,,
images/002441.jpg,0.0,0.5,fpv,1777627595.345927,1,0,fpv_remote_remote,,,,,,,,,,
images/002442.jpg,0.0,0.5,fpv,1777627595.4720647,1,0,fpv_remote_remote,,,,,,,,,,
images/002443.jpg,0.8,0.5,fpv,1777627595.600301,1,0,fpv_remote_remote,,,,,,,,,,
images/002444.jpg,0.3134128849147008,0.5,fpv,1777627595.729481,1,0,fpv_remote_remote,,,,,,,,,,
images/002445.jpg,0.0,0.5,fpv,1777627595.855924,1,0,fpv_remote_remote,,,,,,,,,,
images/002446.jpg,0.0,0.5,fpv,1777627595.9847436,1,0,fpv_remote_remote,,,,,,,,,,
images/002447.jpg,0.0,0.5,fpv,1777627596.1109896,1,0,fpv_remote_remote,,,,,,,,,,
images/002448.jpg,0.0,0.5,fpv,1777627596.2396662,1,0,fpv_remote_remote,,,,,,,,,,
images/002449.jpg,0.0,0.5,fpv,1777627596.3667438,1,0,fpv_remote_remote,,,,,,,,,,
images/002450.jpg,0.8,0.5,fpv,1777627596.4937346,1,0,fpv_remote_remote,,,,,,,,,,
images/002451.jpg,0.8,0.5,fpv,1777627596.6202164,1,0,fpv_remote_remote,,,,,,,,,,
images/002452.jpg,0.0,0.5,fpv,1777627596.7492151,1,0,fpv_remote_remote,,,,,,,,,,
images/002453.jpg,0.0,0.5,fpv,1777627596.8776736,1,0,fpv_remote_remote,,,,,,,,,,
images/002454.jpg,0.0,0.5,fpv,1777627597.0062015,1,0,fpv_remote_remote,,,,,,,,,,
images/002455.jpg,0.0,0.5,fpv,1777627597.1325517,1,0,fpv_remote_remote,,,,,,,,,,
images/002456.jpg,0.0,0.5,fpv,1777627597.2613907,1,0,fpv_remote_remote,,,,,,,,,,
images/002457.jpg,0.0,0.5,fpv,1777627597.3886752,1,0,fpv_remote_remote,,,,,,,,,,
images/002458.jpg,0.0,0.5,fpv,1777627597.5159762,1,0,fpv_remote_remote,,,,,,,,,,
images/002459.jpg,0.0,0.5,fpv,1777627597.643471,1,0,fpv_remote_remote,,,,,,,,,,
images/002460.jpg,0.0,0.5,fpv,1777627597.7709463,1,0,fpv_remote_remote,,,,,,,,,,
images/002461.jpg,0.0,0.5,fpv,1777627597.898059,1,0,fpv_remote_remote,,,,,,,,,,
images/002462.jpg,0.0,0.5,fpv,1777627598.0261767,1,0,fpv_remote_remote,,,,,,,,,,
images/002463.jpg,0.0,0.5,fpv,1777627598.1541193,1,0,fpv_remote_remote,,,,,,,,,,
images/002464.jpg,0.6350779747917112,0.5,fpv,1777627598.28084,1,0,fpv_remote_remote,,,,,,,,,,
images/002465.jpg,0.8,0.5,fpv,1777627598.4088585,1,0,fpv_remote_remote,,,,,,,,,,
images/002466.jpg,0.8,0.5,fpv,1777627598.5367208,1,0,fpv_remote_remote,,,,,,,,,,
images/002467.jpg,0.8,0.5,fpv,1777627598.664763,1,0,fpv_remote_remote,,,,,,,,,,
images/002468.jpg,0.8,0.5,fpv,1777627598.7915647,1,0,fpv_remote_remote,,,,,,,,,,
images/002469.jpg,0.0,0.5,fpv,1777627598.9206588,1,0,fpv_remote_remote,,,,,,,,,,
images/002470.jpg,0.0,0.5,fpv,1777627599.0470889,1,0,fpv_remote_remote,,,,,,,,,,
images/002471.jpg,0.0,0.5,fpv,1777627599.1762094,1,0,fpv_remote_remote,,,,,,,,,,
images/002472.jpg,0.0,0.5,fpv,1777627599.3030102,1,0,fpv_remote_remote,,,,,,,,,,
images/002473.jpg,0.0,0.5,fpv,1777627599.4301343,1,0,fpv_remote_remote,,,,,,,,,,
images/002474.jpg,0.0,0.5,fpv,1777627599.5575807,1,0,fpv_remote_remote,,,,,,,,,,
images/002475.jpg,0.0,0.5,fpv,1777627599.685429,1,0,fpv_remote_remote,,,,,,,,,,
images/002476.jpg,0.0,0.5,fpv,1777627599.8129668,1,0,fpv_remote_remote,,,,,,,,,,
images/002477.jpg,0.0,0.5,fpv,1777627599.9407496,1,0,fpv_remote_remote,,,,,,,,,,
images/002478.jpg,0.0,0.5,fpv,1777627600.0663888,1,0,fpv_remote_remote,,,,,,,,,,
images/002479.jpg,0.0,0.5,fpv,1777627600.1929736,1,0,fpv_remote_remote,,,,,,,,,,
images/002480.jpg,0.0,0.5,fpv,1777627600.319481,1,0,fpv_remote_remote,,,,,,,,,,
images/002481.jpg,-0.2639240699484237,0.5,fpv,1777627600.4472742,1,0,fpv_remote_remote,,,,,,,,,,
images/002482.jpg,-0.8,0.5,fpv,1777627600.5726187,1,0,fpv_remote_remote,,,,,,,,,,
images/002483.jpg,-0.6433057649464401,0.5,fpv,1777627600.69945,1,0,fpv_remote_remote,,,,,,,,,,
images/002484.jpg,-0.593816949980163,0.5,fpv,1777627600.8258464,1,0,fpv_remote_remote,,,,,,,,,,
images/002485.jpg,-0.4701071199682607,0.5,fpv,1777627600.953909,1,0,fpv_remote_remote,,,,,,,,,,
images/002486.jpg,-0.2639240699484237,0.5,fpv,1777627601.0804598,1,0,fpv_remote_remote,,,,,,,,,,
images/002487.jpg,0.0,0.5,fpv,1777627601.2066417,1,0,fpv_remote_remote,,,,,,,,,,
images/002488.jpg,0.0,0.5,fpv,1777627601.3340113,1,0,fpv_remote_remote,,,,,,,,,,
images/002489.jpg,0.0,0.5,fpv,1777627601.4601953,1,0,fpv_remote_remote,,,,,,,,,,
images/002490.jpg,0.0,0.5,fpv,1777627601.5891404,1,0,fpv_remote_remote,,,,,,,,,,
images/002491.jpg,0.0,0.5,fpv,1777627601.7150972,1,0,fpv_remote_remote,,,,,,,,,,
images/002492.jpg,0.0,0.5,fpv,1777627601.8430562,1,0,fpv_remote_remote,,,,,,,,,,
images/002493.jpg,0.0,0.5,fpv,1777627601.9707696,1,0,fpv_remote_remote,,,,,,,,,,
images/002494.jpg,0.0,0.5,fpv,1777627602.0989633,1,0,fpv_remote_remote,,,,,,,,,,
images/002495.jpg,0.5691091647083957,0.5,fpv,1777627602.2273512,1,0,fpv_remote_remote,,,,,,,,,,
images/002496.jpg,0.6433301797540208,0.5,fpv,1777627602.354811,1,0,fpv_remote_remote,,,,,,,,,,
images/002497.jpg,0.0,0.5,fpv,1777627602.4824378,1,0,fpv_remote_remote,,,,,,,,,,
images/002498.jpg,0.2556962797936949,0.5,fpv,1777627602.608886,1,0,fpv_remote_remote,,,,,,,,,,
images/002499.jpg,0.0,0.5,fpv,1777627602.7353914,1,0,fpv_remote_remote,,,,,,,,,,
images/002500.jpg,0.0,0.5,fpv,1777627602.862267,1,0,fpv_remote_remote,,,,,,,,,,
images/002501.jpg,0.0,0.5,fpv,1777627602.9872031,1,0,fpv_remote_remote,,,,,,,,,,
images/002502.jpg,0.0,0.5,fpv,1777627603.114903,1,0,fpv_remote_remote,,,,,,,,,,
images/002503.jpg,0.0,0.5,fpv,1777627603.2412732,1,0,fpv_remote_remote,,,,,,,,,,
images/002504.jpg,0.0,0.5,fpv,1777627603.368754,1,0,fpv_remote_remote,,,,,,,,,,
images/002505.jpg,0.0,0.5,fpv,1777627603.4952676,1,0,fpv_remote_remote,,,,,,,,,,
images/002506.jpg,0.0,0.5,fpv,1777627603.6244817,1,0,fpv_remote_remote,,,,,,,,,,
images/002507.jpg,0.0,0.5,fpv,1777627603.7515724,1,0,fpv_remote_remote,,,,,,,,,,
images/002508.jpg,0.0,0.5,fpv,1777627603.879731,1,0,fpv_remote_remote,,,,,,,,,,
images/002509.jpg,0.0,0.5,fpv,1777627604.0082347,1,0,fpv_remote_remote,,,,,,,,,,
images/002510.jpg,0.0,0.5,fpv,1777627604.135094,1,0,fpv_remote_remote,,,,,,,,,,
images/002511.jpg,0.0,0.5,fpv,1777627604.2637699,1,0,fpv_remote_remote,,,,,,,,,,
images/002512.jpg,0.0,0.5,fpv,1777627604.390134,1,0,fpv_remote_remote,,,,,,,,,,
images/002513.jpg,0.0,0.5,fpv,1777627604.5175529,1,0,fpv_remote_remote,,,,,,,,,,
images/002514.jpg,0.0,0.5,fpv,1777627604.6440866,1,0,fpv_remote_remote,,,,,,,,,,
images/002515.jpg,0.5278725547044283,0.5,fpv,1777627604.7736251,1,0,fpv_remote_remote,,,,,,,,,,
images/002516.jpg,0.8,0.5,fpv,1777627604.9004188,1,0,fpv_remote_remote,,,,,,,,,,
images/002517.jpg,0.0,0.5,fpv,1777627605.027319,1,0,fpv_remote_remote,,,,,,,,,,
images/002518.jpg,0.0,0.5,fpv,1777627605.1538093,1,0,fpv_remote_remote,,,,,,,,,,
images/002519.jpg,0.0,0.5,fpv,1777627605.2826436,1,0,fpv_remote_remote,,,,,,,,,,
images/002520.jpg,0.0,0.5,fpv,1777627605.409562,1,0,fpv_remote_remote,,,,,,,,,,
images/002521.jpg,0.0,0.5,fpv,1777627605.5389533,1,0,fpv_remote_remote,,,,,,,,,,
images/002522.jpg,0.0,0.5,fpv,1777627605.6673868,1,0,fpv_remote_remote,,,,,,,,,,
images/002523.jpg,0.4453749198889127,0.5,fpv,1777627605.794943,1,0,fpv_remote_remote,,,,,,,,,,
images/002524.jpg,0.8,0.5,fpv,1777627605.9214864,1,0,fpv_remote_remote,,,,,,,,,,
images/002525.jpg,0.6433301797540208,0.5,fpv,1777627606.0518367,1,0,fpv_remote_remote,,,,,,,,,,
images/002526.jpg,0.0,0.5,fpv,1777627606.1803885,1,0,fpv_remote_remote,,,,,,,,,,
images/002527.jpg,0.0,0.5,fpv,1777627606.3099022,1,0,fpv_remote_remote,,,,,,,,,,
images/002528.jpg,0.0,0.5,fpv,1777627606.4362016,1,0,fpv_remote_remote,,,,,,,,,,
images/002529.jpg,0.0,0.5,fpv,1777627606.5639908,1,0,fpv_remote_remote,,,,,,,,,,
images/002530.jpg,0.0,0.5,fpv,1777627606.6894698,1,0,fpv_remote_remote,,,,,,,,,,
images/002531.jpg,0.2556962797936949,0.5,fpv,1777627606.8177812,1,0,fpv_remote_remote,,,,,,,,,,
images/002532.jpg,0.1567186498611408,0.5,fpv,1777627606.946092,1,0,fpv_remote_remote,,,,,,,,,,
images/002533.jpg,0.0,0.5,fpv,1777627607.0714898,1,0,fpv_remote_remote,,,,,,,,,,
images/002534.jpg,0.0,0.5,fpv,1777627607.1987503,1,0,fpv_remote_remote,,,,,,,,,,
images/002535.jpg,0.0,0.5,fpv,1777627607.3258965,1,0,fpv_remote_remote,,,,,,,,,,
images/002536.jpg,0.0,0.5,fpv,1777627607.4531906,1,0,fpv_remote_remote,,,,,,,,,,
images/002537.jpg,0.0,0.5,fpv,1777627607.5801687,1,0,fpv_remote_remote,,,,,,,,,,
images/002538.jpg,0.0,0.5,fpv,1777627607.7079618,1,0,fpv_remote_remote,,,,,,,,,,
images/002539.jpg,-0.8,0.5,fpv,1777627607.836231,1,0,fpv_remote_remote,,,,,,,,,,
images/002540.jpg,-0.5278481398968474,0.5,fpv,1777627607.9649034,1,0,fpv_remote_remote,,,,,,,,,,
images/002541.jpg,0.0,0.5,fpv,1777627608.0916266,1,0,fpv_remote_remote,,,,,,,,,,
images/002542.jpg,0.0,0.5,fpv,1777627608.2220838,1,0,fpv_remote_remote,,,,,,,,,,
images/002543.jpg,0.0,0.5,fpv,1777627608.347205,1,0,fpv_remote_remote,,,,,,,,,,
images/002544.jpg,0.0,0.5,fpv,1777627608.4753091,1,0,fpv_remote_remote,,,,,,,,,,
images/002545.jpg,0.0,0.5,fpv,1777627608.6013315,1,0,fpv_remote_remote,,,,,,,,,,
images/002546.jpg,0.0,0.5,fpv,1777627608.7285233,1,0,fpv_remote_remote,,,,,,,,,,
images/002547.jpg,0.0,0.5,fpv,1777627608.8545873,1,0,fpv_remote_remote,,,,,,,,,,
images/002548.jpg,0.0,0.5,fpv,1777627608.9833038,1,0,fpv_remote_remote,,,,,,,,,,
images/002549.jpg,0.0,0.5,fpv,1777627609.1097646,1,0,fpv_remote_remote,,,,,,,,,,
images/002550.jpg,0.0,0.5,fpv,1777627609.237665,1,0,fpv_remote_remote,,,,,,,,,,
images/002551.jpg,0.0,0.5,fpv,1777627609.3670735,1,0,fpv_remote_remote,,,,,,,,,,
images/002552.jpg,0.0,0.5,fpv,1777627609.4945705,1,0,fpv_remote_remote,,,,,,,,,,
images/002553.jpg,0.0,0.5,fpv,1777627609.623953,1,0,fpv_remote_remote,,,,,,,,,,
images/002554.jpg,0.2391918698690756,0.5,fpv,1777627609.7506866,1,0,fpv_remote_remote,,,,,,,,,,
images/002555.jpg,0.6020935697500535,0.5,fpv,1777627609.8795187,1,0,fpv_remote_remote,,,,,,,,,,
images/002556.jpg,0.8,0.5,fpv,1777627610.0072892,1,0,fpv_remote_remote,,,,,,,,,,
images/002557.jpg,0.7340556047242653,0.5,fpv,1777627610.1357758,1,0,fpv_remote_remote,,,,,,,,,,
images/002558.jpg,0.717551194799646,0.5,fpv,1777627610.2623634,1,0,fpv_remote_remote,,,,,,,,,,
images/002559.jpg,0.6433301797540208,0.5,fpv,1777627610.389485,1,0,fpv_remote_remote,,,,,,,,,,
images/002560.jpg,0.0,0.5,fpv,1777627610.516895,1,0,fpv_remote_remote,,,,,,,,,,
images/002561.jpg,0.0,0.5,fpv,1777627610.6453834,1,0,fpv_remote_remote,,,,,,,,,,
images/002562.jpg,-0.8,0.5,fpv,1777627610.7742784,1,0,fpv_remote_remote,,,,,,,,,,
images/002563.jpg,-0.8,0.5,fpv,1777627610.9015894,1,0,fpv_remote_remote,,,,,,,,,,
images/002564.jpg,-0.8,0.5,fpv,1777627611.031277,1,0,fpv_remote_remote,,,,,,,,,,
images/002565.jpg,0.0,0.5,fpv,1777627611.1568935,1,0,fpv_remote_remote,,,,,,,,,,
images/002566.jpg,0.0,0.5,fpv,1777627611.2853284,1,0,fpv_remote_remote,,,,,,,,,,
images/002567.jpg,0.0,0.5,fpv,1777627611.4129276,1,0,fpv_remote_remote,,,,,,,,,,
images/002568.jpg,0.0,0.5,fpv,1777627611.540709,1,0,fpv_remote_remote,,,,,,,,,,
images/002569.jpg,0.7258033997619556,0.5,fpv,1777627611.6683161,1,0,fpv_remote_remote,,,,,,,,,,
images/002570.jpg,0.0,0.5,fpv,1777627611.7972906,1,0,fpv_remote_remote,,,,,,,,,,
images/002571.jpg,0.0,0.5,fpv,1777627611.9244342,1,0,fpv_remote_remote,,,,,,,,,,
images/002572.jpg,0.0,0.5,fpv,1777627612.0514908,1,0,fpv_remote_remote,,,,,,,,,,
images/002573.jpg,0.0,0.5,fpv,1777627612.1794834,1,0,fpv_remote_remote,,,,,,,,,,
images/002574.jpg,0.0,0.5,fpv,1777627612.3070047,1,0,fpv_remote_remote,,,,,,,,,,
images/002575.jpg,0.0,0.5,fpv,1777627612.4343889,1,0,fpv_remote_remote,,,,,,,,,,
images/002576.jpg,0.0,0.5,fpv,1777627612.5599487,1,0,fpv_remote_remote,,,,,,,,,,
images/002577.jpg,0.0,0.5,fpv,1777627612.6887329,1,0,fpv_remote_remote,,,,,,,,,,
images/002578.jpg,0.1402142399365215,0.5,fpv,1777627612.816441,1,0,fpv_remote_remote,,,,,,,,,,
images/002579.jpg,0.28868068483535264,0.5,fpv,1777627612.943201,1,0,fpv_remote_remote,,,,,,,,,,
images/002580.jpg,0.28868068483535264,0.5,fpv,1777627613.0700817,1,0,fpv_remote_remote,,,,,,,,,,
images/002581.jpg,0.5278725547044283,0.5,fpv,1777627613.197842,1,0,fpv_remote_remote,,,,,,,,,,
images/002582.jpg,0.8,0.5,fpv,1777627613.324872,1,0,fpv_remote_remote,,,,,,,,,,
images/002583.jpg,0.8,0.5,fpv,1777627613.4532344,1,0,fpv_remote_remote,,,,,,,,,,
images/002584.jpg,0.23093966490676598,0.5,fpv,1777627613.578408,1,0,fpv_remote_remote,,,,,,,,,,
images/002585.jpg,0.0,0.5,fpv,1777627613.7058666,1,0,fpv_remote_remote,,,,,,,,,,
images/002586.jpg,0.0,0.5,fpv,1777627613.8320904,1,0,fpv_remote_remote,,,,,,,,,,
images/002587.jpg,0.0,0.5,fpv,1777627613.960499,1,0,fpv_remote_remote,,,,,,,,,,
images/002588.jpg,0.0,0.5,fpv,1777627614.0875726,1,0,fpv_remote_remote,,,,,,,,,,
images/002589.jpg,0.0,0.5,fpv,1777627614.216219,1,0,fpv_remote_remote,,,,,,,,,,
images/002590.jpg,0.0,-0.5,fpv,1777627614.4276326,1,0,fpv_remote_remote,,,,,,,,,,
images/002591.jpg,-0.8,-0.5,fpv,1777627614.554217,1,0,fpv_remote_remote,,,,,,,,,,
images/002592.jpg,-0.8,-0.5,fpv,1777627614.680795,1,0,fpv_remote_remote,,,,,,,,,,
images/002593.jpg,-0.4453505050813319,-0.5,fpv,1777627614.8085434,1,0,fpv_remote_remote,,,,,,,,,,
images/002594.jpg,-0.8,0.1185644093142491,fpv,1777627616.080934,1,0,fpv_remote_remote,,,,,,,,,,
images/002595.jpg,-0.8,0.5,fpv,1777627616.20874,1,0,fpv_remote_remote,,,,,,,,,,
images/002596.jpg,-0.8,0.5,fpv,1777627616.3376567,1,0,fpv_remote_remote,,,,,,,,,,
images/002597.jpg,-0.8,0.5,fpv,1777627616.4654624,1,0,fpv_remote_remote,,,,,,,,,,
images/002598.jpg,-0.8,0.5,fpv,1777627616.5929492,1,0,fpv_remote_remote,,,,,,,,,,
images/002599.jpg,0.0,0.5,fpv,1777627616.7199755,1,0,fpv_remote_remote,,,,,,,,,,
images/002600.jpg,0.6268257698294016,0.5,fpv,1777627616.8492026,1,0,fpv_remote_remote,,,,,,,,,,
images/002601.jpg,0.8,0.5,fpv,1777627616.9761531,1,0,fpv_remote_remote,,,,,,,,,,
images/002602.jpg,0.8,0.5,fpv,1777627617.1033487,1,0,fpv_remote_remote,,,,,,,,,,
images/002603.jpg,0.8,0.5,fpv,1777627617.232902,1,0,fpv_remote_remote,,,,,,,,,,
images/002604.jpg,0.8,0.5,fpv,1777627617.3583682,1,0,fpv_remote_remote,,,,,,,,,,
images/002605.jpg,0.0,0.5,fpv,1777627617.486227,1,0,fpv_remote_remote,,,,,,,,,,
images/002606.jpg,0.0,-0.34536271248512224,fpv,1777627617.822501,1,0,fpv_remote_remote,,,,,,,,,,
images/002607.jpg,0.0,-0.5,fpv,1777627617.948779,1,0,fpv_remote_remote,,,,,,,,,,
images/002608.jpg,-0.6020691549424727,-0.5,fpv,1777627618.0753412,1,0,fpv_remote_remote,,,,,,,,,,
images/002609.jpg,-0.8,-0.5,fpv,1777627618.2046525,1,0,fpv_remote_remote,,,,,,,,,,
images/002610.jpg,-0.8,-0.5,fpv,1777627618.330343,1,0,fpv_remote_remote,,,,,,,,,,
images/002611.jpg,-0.8,-0.5,fpv,1777627618.457863,1,0,fpv_remote_remote,,,,,,,,,,
images/002612.jpg,-0.8,-0.5,fpv,1777627618.5841591,1,0,fpv_remote_remote,,,,,,,,,,
images/002613.jpg,0.0,-0.09277626880703146,fpv,1777627619.5166392,1,0,fpv_remote_remote,,,,,,,,,,
images/002614.jpg,-0.13196203497421186,-0.43815424054689167,fpv,1777627619.6440554,1,0,fpv_remote_remote,,,,,,,,,,
images/002615.jpg,-0.4041138950773644,-0.5,fpv,1777627619.7726426,1,0,fpv_remote_remote,,,,,,,,,,
images/002616.jpg,-0.8,-0.5,fpv,1777627619.899655,1,0,fpv_remote_remote,,,,,,,,,,
images/002617.jpg,-0.8,-0.3659779656361583,fpv,1777627620.028529,1,0,fpv_remote_remote,,,,,,,,,,
images/002618.jpg,-0.7835200048829616,-0.1391644032105472,fpv,1777627620.15505,1,0,fpv_remote_remote,,,,,,,,,,
images/002619.jpg,-0.8,-0.5,fpv,1777627621.0002687,1,0,fpv_remote_remote,,,,,,,,,,
images/002620.jpg,-0.8,-0.5,fpv,1777627621.126793,1,0,fpv_remote_remote,,,,,,,,,,
images/002621.jpg,-0.8,-0.391750846888638,fpv,1777627621.2547452,1,0,fpv_remote_remote,,,,,,,,,,
images/002622.jpg,-0.8,-0.12886440626239815,fpv,1777627621.3812568,1,0,fpv_remote_remote,,,,,,,,,,
images/002623.jpg,0.8,0.5,fpv,1777627622.189444,1,0,fpv_remote_remote,,,,,,,,,,
images/002624.jpg,0.8,0.5,fpv,1777627622.3173318,1,0,fpv_remote_remote,,,,,,,,,,
images/002625.jpg,0.8,0.5,fpv,1777627622.4464588,1,0,fpv_remote_remote,,,,,,,,,,
images/002626.jpg,0.8,0.5,fpv,1777627622.5727687,1,0,fpv_remote_remote,,,,,,,,,,
images/002627.jpg,0.0,0.5,fpv,1777627622.7015727,1,0,fpv_remote_remote,,,,,,,,,,
images/002628.jpg,0.0,0.5,fpv,1777627622.8308313,1,0,fpv_remote_remote,,,,,,,,,,
images/002629.jpg,0.0,0.5,fpv,1777627622.9587858,1,0,fpv_remote_remote,,,,,,,,,,
images/002630.jpg,0.0,0.5,fpv,1777627623.0885093,1,0,fpv_remote_remote,,,,,,,,,,
images/002631.jpg,0.0,0.5,fpv,1777627623.2175908,1,0,fpv_remote_remote,,,,,,,,,,
images/002632.jpg,0.0,0.5,fpv,1777627623.3478339,1,0,fpv_remote_remote,,,,,,,,,,
images/002633.jpg,0.0,0.5,fpv,1777627623.4762166,1,0,fpv_remote_remote,,,,,,,,,,
images/002634.jpg,0.8,-0.3762932218390454,fpv,1777627625.2178807,1,0,fpv_remote_remote,,,,,,,,,,
images/002635.jpg,0.8,-0.5,fpv,1777627625.3435302,1,0,fpv_remote_remote,,,,,,,,,,
images/002636.jpg,0.8,-0.5,fpv,1777627625.4720352,1,0,fpv_remote_remote,,,,,,,,,,
images/002637.jpg,0.8,-0.5,fpv,1777627625.5979269,1,0,fpv_remote_remote,,,,,,,,,,
images/002638.jpg,0.8,-0.5,fpv,1777627625.7262506,1,0,fpv_remote_remote,,,,,,,,,,
images/002639.jpg,0.8,-0.4587694936979278,fpv,1777627625.8530436,1,0,fpv_remote_remote,,,,,,,,,,
images/002640.jpg,0.5443525498214667,-0.2164983062227241,fpv,1777627625.981239,1,0,fpv_remote_remote,,,,,,,,,,
images/002641.jpg,-0.8,0.5,fpv,1777627626.6976604,1,0,fpv_remote_remote,,,,,,,,,,
images/002642.jpg,-0.8,0.5,fpv,1777627626.8261335,1,0,fpv_remote_remote,,,,,,,,,,
images/002643.jpg,-0.8,0.5,fpv,1777627626.9522011,1,0,fpv_remote_remote,,,,,,,,,,
images/002644.jpg,-0.8,0.5,fpv,1777627627.0808136,1,0,fpv_remote_remote,,,,,,,,,,
images/002645.jpg,-0.8,0.5,fpv,1777627627.2080662,1,0,fpv_remote_remote,,,,,,,,,,
images/002646.jpg,-0.8,0.5,fpv,1777627627.336837,1,0,fpv_remote_remote,,,,,,,,,,
images/002647.jpg,-0.8,0.5,fpv,1777627627.4632359,1,0,fpv_remote_remote,,,,,,,,,,
images/002648.jpg,-0.8,0.5,fpv,1777627627.5893333,1,0,fpv_remote_remote,,,,,,,,,,
images/002649.jpg,0.0,0.24744407483138522,fpv,1777627627.715166,1,0,fpv_remote_remote,,,,,,,,,,
images/002650.jpg,0.8,-0.5,fpv,1777627628.011013,1,0,fpv_remote_remote,,,,,,,,,,
images/002651.jpg,0.8,-0.5,fpv,1777627628.1441479,1,0,fpv_remote_remote,,,,,,,,,,
images/002652.jpg,0.8,-0.5,fpv,1777627628.271138,1,0,fpv_remote_remote,,,,,,,,,,
images/002653.jpg,0.8,-0.5,fpv,1777627628.3977187,1,0,fpv_remote_remote,,,,,,,,,,
images/002654.jpg,0.8,-0.5,fpv,1777627628.52364,1,0,fpv_remote_remote,,,,,,,,,,
images/002655.jpg,-0.8,0.43816949980162967,fpv,1777627629.3724236,1,0,fpv_remote_remote,,,,,,,,,,
images/002656.jpg,-0.8,0.5,fpv,1777627629.5014312,1,0,fpv_remote_remote,,,,,,,,,,
images/002657.jpg,-0.8,0.5,fpv,1777627629.6285965,1,0,fpv_remote_remote,,,,,,,,,,
images/002658.jpg,-0.8,0.5,fpv,1777627629.7587583,1,0,fpv_remote_remote,,,,,,,,,,
images/002659.jpg,-0.8,0.5,fpv,1777627629.8863344,1,0,fpv_remote_remote,,,,,,,,,,
images/002660.jpg,0.0,0.5,fpv,1777627630.0136864,1,0,fpv_remote_remote,,,,,,,,,,
images/002661.jpg,0.0,0.5,fpv,1777627630.1424675,1,0,fpv_remote_remote,,,,,,,,,,
images/002662.jpg,0.0,0.5,fpv,1777627630.2692676,1,0,fpv_remote_remote,,,,,,,,,,
images/002663.jpg,0.3629016998809778,0.5,fpv,1777627630.3984509,1,0,fpv_remote_remote,,,,,,,,,,
images/002664.jpg,0.8,0.5,fpv,1777627630.5251749,1,0,fpv_remote_remote,,,,,,,,,,
images/002665.jpg,0.8,0.5,fpv,1777627630.653659,1,0,fpv_remote_remote,,,,,,,,,,
images/002666.jpg,0.0,0.5,fpv,1777627630.7795498,1,0,fpv_remote_remote,,,,,,,,,,
images/002667.jpg,0.0,0.5,fpv,1777627630.907493,1,0,fpv_remote_remote,,,,,,,,,,
images/002668.jpg,0.0,0.5,fpv,1777627631.0328608,1,0,fpv_remote_remote,,,,,,,,,,
images/002669.jpg,0.0,0.5,fpv,1777627631.1635673,1,0,fpv_remote_remote,,,,,,,,,,
images/002670.jpg,0.0,0.5,fpv,1777627631.2916853,1,0,fpv_remote_remote,,,,,,,,,,
images/002671.jpg,0.0,0.5,fpv,1777627631.4188738,1,0,fpv_remote_remote,,,,,,,,,,
images/002672.jpg,0.0,0.5,fpv,1777627631.5445638,1,0,fpv_remote_remote,,,,,,,,,,
images/002673.jpg,0.0,0.5,fpv,1777627631.6755443,1,0,fpv_remote_remote,,,,,,,,,,
images/002674.jpg,0.0,0.5,fpv,1777627631.8021405,1,0,fpv_remote_remote,,,,,,,,,,
images/002675.jpg,0.0,0.5,fpv,1777627631.9308124,1,0,fpv_remote_remote,,,,,,,,,,
images/002676.jpg,0.0,0.5,fpv,1777627632.0570796,1,0,fpv_remote_remote,,,,,,,,,,
images/002677.jpg,0.0,0.5,fpv,1777627632.1850064,1,0,fpv_remote_remote,,,,,,,,,,
images/002678.jpg,0.0,0.5,fpv,1777627632.3132365,1,0,fpv_remote_remote,,,,,,,,,,
images/002679.jpg,0.0,0.5,fpv,1777627632.440776,1,0,fpv_remote_remote,,,,,,,,,,
images/002680.jpg,-0.1401898251289407,0.5,fpv,1777627632.5693,1,0,fpv_remote_remote,,,,,,,,,,
images/002681.jpg,-0.8,0.5,fpv,1777627632.698672,1,0,fpv_remote_remote,,,,,,,,,,
images/002682.jpg,0.0,0.5,fpv,1777627632.8268151,1,0,fpv_remote_remote,,,,,,,,,,
images/002683.jpg,0.0,0.5,fpv,1777627632.9542794,1,0,fpv_remote_remote,,,,,,,,,,
images/002684.jpg,0.0,0.5,fpv,1777627633.081699,1,0,fpv_remote_remote,,,,,,,,,,
images/002685.jpg,0.0,0.5,fpv,1777627633.2081585,1,0,fpv_remote_remote,,,,,,,,,,
images/002686.jpg,0.0,0.5,fpv,1777627633.3363216,1,0,fpv_remote_remote,,,,,,,,,,
images/002687.jpg,0.8,0.5,fpv,1777627633.4622896,1,0,fpv_remote_remote,,,,,,,,,,
images/002688.jpg,0.0,0.5,fpv,1777627633.5910413,1,0,fpv_remote_remote,,,,,,,,,,
images/002689.jpg,-0.2391674550614948,0.5,fpv,1777627633.7178555,1,0,fpv_remote_remote,,,,,,,,,,
images/002690.jpg,-0.7670155949583423,0.5,fpv,1777627633.844588,1,0,fpv_remote_remote,,,,,,,,,,
images/002691.jpg,-0.8,0.5,fpv,1777627633.9720762,1,0,fpv_remote_remote,,,,,,,,,,
images/002692.jpg,-0.5360759300515764,0.5,fpv,1777627634.1002462,1,0,fpv_remote_remote,,,,,,,,,,
images/002693.jpg,0.0,0.5,fpv,1777627634.2270381,1,0,fpv_remote_remote,,,,,,,,,,
images/002694.jpg,0.8,0.5,fpv,1777627634.3548286,1,0,fpv_remote_remote,,,,,,,,,,
images/002695.jpg,0.8,0.5,fpv,1777627634.4828656,1,0,fpv_remote_remote,,,,,,,,,,
images/002696.jpg,0.8,0.5,fpv,1777627634.60875,1,0,fpv_remote_remote,,,,,,,,,,
images/002697.jpg,0.8,0.5,fpv,1777627634.736297,1,0,fpv_remote_remote,,,,,,,,,,
images/002698.jpg,0.8,0.5,fpv,1777627634.8625605,1,0,fpv_remote_remote,,,,,,,,,,
images/002699.jpg,0.8,0.5,fpv,1777627634.9905386,1,0,fpv_remote_remote,,,,,,,,,,
images/002700.jpg,0.0,0.5,fpv,1777627635.1162665,1,0,fpv_remote_remote,,,,,,,,,,
images/002701.jpg,0.0,0.5,fpv,1777627635.2440712,1,0,fpv_remote_remote,,,,,,,,,,
images/002702.jpg,0.0,0.5,fpv,1777627635.3698792,1,0,fpv_remote_remote,,,,,,,,,,
images/002703.jpg,0.0,0.5,fpv,1777627635.4974995,1,0,fpv_remote_remote,,,,,,,,,,
images/002704.jpg,0.0,0.5,fpv,1777627635.6231647,1,0,fpv_remote_remote,,,,,,,,,,
images/002705.jpg,0.0,0.5,fpv,1777627635.7509992,1,0,fpv_remote_remote,,,,,,,,,,
images/002706.jpg,0.8,0.5,fpv,1777627635.8773534,1,0,fpv_remote_remote,,,,,,,,,,
images/002707.jpg,0.8,0.5,fpv,1777627636.0053978,1,0,fpv_remote_remote,,,,,,,,,,
images/002708.jpg,0.0,0.5,fpv,1777627636.1316886,1,0,fpv_remote_remote,,,,,,,,,,
images/002709.jpg,0.0,0.5,fpv,1777627636.2623441,1,0,fpv_remote_remote,,,,,,,,,,
images/002710.jpg,0.0,0.5,fpv,1777627636.389629,1,0,fpv_remote_remote,,,,,,,,,,
images/002711.jpg,0.0,0.5,fpv,1777627636.5183694,1,0,fpv_remote_remote,,,,,,,,,,
images/002712.jpg,0.0,0.5,fpv,1777627636.645716,1,0,fpv_remote_remote,,,,,,,,,,
images/002713.jpg,0.0,0.5,fpv,1777627636.7733371,1,0,fpv_remote_remote,,,,,,,,,,
images/002714.jpg,0.0,0.5,fpv,1777627636.9015872,1,0,fpv_remote_remote,,,,,,,,,,
images/002715.jpg,0.0,0.5,fpv,1777627637.0300431,1,0,fpv_remote_remote,,,,,,,,,,
images/002716.jpg,0.0,0.5,fpv,1777627637.1572483,1,0,fpv_remote_remote,,,,,,,,,,
images/002717.jpg,0.0,0.5,fpv,1777627637.2843366,1,0,fpv_remote_remote,,,,,,,,,,
images/002718.jpg,0.8,0.5,fpv,1777627637.4137425,1,0,fpv_remote_remote,,,,,,,,,,
images/002719.jpg,0.0,0.5,fpv,1777627637.5404477,1,0,fpv_remote_remote,,,,,,,,,,
images/002720.jpg,0.0,0.5,fpv,1777627637.6672192,1,0,fpv_remote_remote,,,,,,,,,,
images/002721.jpg,0.0,0.5,fpv,1777627637.7946577,1,0,fpv_remote_remote,,,,,,,,,,
images/002722.jpg,0.0,0.5,fpv,1777627637.923585,1,0,fpv_remote_remote,,,,,,,,,,
images/002723.jpg,0.0,0.5,fpv,1777627638.0505977,1,0,fpv_remote_remote,,,,,,,,,,
images/002724.jpg,0.0,0.5,fpv,1777627638.1792583,1,0,fpv_remote_remote,,,,,,,,,,
images/002725.jpg,0.0,0.5,fpv,1777627638.3066254,1,0,fpv_remote_remote,,,,,,,,,,
images/002726.jpg,0.0,0.5,fpv,1777627638.4334972,1,0,fpv_remote_remote,,,,,,,,,,
images/002727.jpg,0.0,0.5,fpv,1777627638.559952,1,0,fpv_remote_remote,,,,,,,,,,
images/002728.jpg,0.0,0.5,fpv,1777627638.6879888,1,0,fpv_remote_remote,,,,,,,,,,
images/002729.jpg,0.0,0.5,fpv,1777627638.8133748,1,0,fpv_remote_remote,,,,,,,,,,
images/002730.jpg,0.0,0.5,fpv,1777627638.9425972,1,0,fpv_remote_remote,,,,,,,,,,
images/002731.jpg,0.0,0.5,fpv,1777627639.0689652,1,0,fpv_remote_remote,,,,,,,,,,
images/002732.jpg,0.0,0.5,fpv,1777627639.19508,1,0,fpv_remote_remote,,,,,,,,,,
images/002733.jpg,0.0,0.5,fpv,1777627639.3227577,1,0,fpv_remote_remote,,,,,,,,,,
images/002734.jpg,0.0,0.5,fpv,1777627639.451769,1,0,fpv_remote_remote,,,,,,,,,,
images/002735.jpg,0.0,0.5,fpv,1777627639.579578,1,0,fpv_remote_remote,,,,,,,,,,
images/002736.jpg,0.0,0.5,fpv,1777627639.7064793,1,0,fpv_remote_remote,,,,,,,,,,
images/002737.jpg,-0.8,0.5,fpv,1777627639.833927,1,0,fpv_remote_remote,,,,,,,,,,
images/002738.jpg,-0.28040406506546217,0.5,fpv,1777627639.959934,1,0,fpv_remote_remote,,,,,,,,,,
images/002739.jpg,0.0,0.5,fpv,1777627640.0884879,1,0,fpv_remote_remote,,,,,,,,,,
images/002740.jpg,0.0,0.5,fpv,1777627640.2166219,1,0,fpv_remote_remote,,,,,,,,,,
images/002741.jpg,0.0,0.5,fpv,1777627640.3474338,1,0,fpv_remote_remote,,,,,,,,,,
images/002742.jpg,0.0,0.5,fpv,1777627640.473068,1,0,fpv_remote_remote,,,,,,,,,,
images/002743.jpg,0.0,0.5,fpv,1777627640.6000035,1,0,fpv_remote_remote,,,,,,,,,,
images/002744.jpg,0.0,0.5,fpv,1777627640.7274015,1,0,fpv_remote_remote,,,,,,,,,,
images/002745.jpg,0.0,0.5,fpv,1777627640.856093,1,0,fpv_remote_remote,,,,,,,,,,
images/002746.jpg,0.8,0.5,fpv,1777627640.9832885,1,0,fpv_remote_remote,,,,,,,,,,
images/002747.jpg,0.8,0.5,fpv,1777627641.1100452,1,0,fpv_remote_remote,,,,,,,,,,
images/002748.jpg,0.6103457747123631,0.5,fpv,1777627641.2365584,1,0,fpv_remote_remote,,,,,,,,,,
images/002749.jpg,0.0,0.5,fpv,1777627641.3643544,1,0,fpv_remote_remote,,,,,,,,,,
images/002750.jpg,0.0,0.5,fpv,1777627641.4914236,1,0,fpv_remote_remote,,,,,,,,,,
images/002751.jpg,0.8,0.5,fpv,1777627641.6187282,1,0,fpv_remote_remote,,,,,,,,,,
images/002752.jpg,0.0,0.5,fpv,1777627641.7463953,1,0,fpv_remote_remote,,,,,,,,,,
images/002753.jpg,0.0,0.5,fpv,1777627641.8747864,1,0,fpv_remote_remote,,,,,,,,,,
images/002754.jpg,0.0,0.5,fpv,1777627642.0041473,1,0,fpv_remote_remote,,,,,,,,,,
images/002755.jpg,0.0,0.5,fpv,1777627642.1313431,1,0,fpv_remote_remote,,,,,,,,,,
images/002756.jpg,-0.1979308450575274,0.5,fpv,1777627642.2595408,1,0,fpv_remote_remote,,,,,,,,,,
images/002757.jpg,-0.31338847010712,0.5,fpv,1777627642.3867233,1,0,fpv_remote_remote,,,,,,,,,,
images/002758.jpg,0.0,0.5,fpv,1777627642.5153978,1,0,fpv_remote_remote,,,,,,,,,,
images/002759.jpg,0.0,0.5,fpv,1777627642.642795,1,0,fpv_remote_remote,,,,,,,,,,
images/002760.jpg,0.0,0.5,fpv,1777627642.773486,1,0,fpv_remote_remote,,,,,,,,,,
images/002761.jpg,0.0,0.5,fpv,1777627642.9023807,1,0,fpv_remote_remote,,,,,,,,,,
images/002762.jpg,0.0,0.5,fpv,1777627643.0314717,1,0,fpv_remote_remote,,,,,,,,,,
images/002763.jpg,0.0,0.1598101748710593,fpv,1777627643.1575737,1,0,fpv_remote_remote,,,,,,,,,,
images/002764.jpg,0.0,0.13403729361857966,fpv,1777627646.4612455,1,0,fpv_remote_remote,,,,,,,,,,
images/002765.jpg,0.0,0.18558305612353893,fpv,1777627646.5891082,1,0,fpv_remote_remote,,,,,,,,,,
images/002766.jpg,0.0,0.2216711935789056,fpv,1777627646.7178,1,0,fpv_remote_remote,,,,,,,,,,
images/002767.jpg,0.0,0.2216711935789056,fpv,1777627646.844656,1,0,fpv_remote_remote,,,,,,,,,,
images/002768.jpg,0.0,0.2216711935789056,fpv,1777627646.972905,1,0,fpv_remote_remote,,,,,,,,,,
images/002769.jpg,0.0,0.2216711935789056,fpv,1777627647.10086,1,0,fpv_remote_remote,,,,,,,,,,
images/002770.jpg,0.0,0.2216711935789056,fpv,1777627647.230416,1,0,fpv_remote_remote,,,,,,,,,,
images/002771.jpg,0.0,0.22681356242561113,fpv,1777627647.3578427,1,0,fpv_remote_remote,,,,,,,,,,
images/002772.jpg,0.0,0.30414746543778803,fpv,1777627647.48559,1,0,fpv_remote_remote,,,,,,,,,,
images/002773.jpg,0.0,0.37115085299233985,fpv,1777627647.615198,1,0,fpv_remote_remote,,,,,,,,,,
images/002774.jpg,0.0,0.4433271279030732,fpv,1777627647.7426124,1,0,fpv_remote_remote,,,,,,,,,,
images/002775.jpg,0.0,0.49487289040803245,fpv,1777627647.871046,1,0,fpv_remote_remote,,,,,,,,,,
images/002776.jpg,0.0,0.5,fpv,1777627647.9993823,1,0,fpv_remote_remote,,,,,,,,,,
images/002777.jpg,0.0,0.5,fpv,1777627648.1293857,1,0,fpv_remote_remote,,,,,,,,,,
images/002778.jpg,0.0,0.48971526230658896,fpv,1777627648.2553911,1,0,fpv_remote_remote,,,,,,,,,,
images/002779.jpg,-0.8,-0.10309152500991851,fpv,1777627649.9510148,1,0,fpv_remote_remote,,,,,,,,,,
images/002780.jpg,-0.8,-0.34536271248512224,fpv,1777627650.0791485,1,0,fpv_remote_remote,,,,,,,,,,
images/002781.jpg,-0.8,-0.2835016937772759,fpv,1777627650.2069263,1,0,fpv_remote_remote,,,,,,,,,,
images/002782.jpg,0.8,0.1598101748710593,fpv,1777627651.0142577,1,0,fpv_remote_remote,,,,,,,,,,
images/002783.jpg,0.8,0.20619830927457503,fpv,1777627651.1420927,1,0,fpv_remote_remote,,,,,,,,,,
images/002784.jpg,0.8,0.22681356242561113,fpv,1777627651.2717595,1,0,fpv_remote_remote,,,,,,,,,,
images/002785.jpg,0.8,0.22681356242561113,fpv,1777627651.4003427,1,0,fpv_remote_remote,,,,,,,,,,
images/002786.jpg,0.8,0.22681356242561113,fpv,1777627651.5293534,1,0,fpv_remote_remote,,,,,,,,,,
images/002787.jpg,0.0,0.22681356242561113,fpv,1777627651.6578617,1,0,fpv_remote_remote,,,,,,,,,,
images/002788.jpg,0.717551194799646,0.2371288186284982,fpv,1777627651.785456,1,0,fpv_remote_remote,,,,,,,,,,
images/002789.jpg,0.8,0.3092898342844935,fpv,1777627651.9157982,1,0,fpv_remote_remote,,,,,,,,,,
images/002790.jpg,0.8,0.3196050904873806,fpv,1777627652.0440326,1,0,fpv_remote_remote,,,,,,,,,,
images/002791.jpg,0.6845667897579882,0.3196050904873806,fpv,1777627652.1739535,1,0,fpv_remote_remote,,,,,,,,,,
images/002792.jpg,0.8,0.3196050904873806,fpv,1777627652.3014472,1,0,fpv_remote_remote,,,,,,,,,,
images/002793.jpg,0.8,0.3196050904873806,fpv,1777627652.4307604,1,0,fpv_remote_remote,,,,,,,,,,
images/002794.jpg,0.0,0.3196050904873806,fpv,1777627652.5585566,1,0,fpv_remote_remote,,,,,,,,,,
images/002795.jpg,0.0,0.3196050904873806,fpv,1777627652.6871521,1,0,fpv_remote_remote,,,,,,,,,,
images/002796.jpg,0.0,0.3196050904873806,fpv,1777627652.8138378,1,0,fpv_remote_remote,,,,,,,,,,
images/002797.jpg,0.0,0.3196050904873806,fpv,1777627652.9421198,1,0,fpv_remote_remote,,,,,,,,,,
images/002798.jpg,0.0,0.31444746238593707,fpv,1777627653.0683854,1,0,fpv_remote_remote,,,,,,,,,,
images/002799.jpg,0.0,0.31444746238593707,fpv,1777627653.195974,1,0,fpv_remote_remote,,,,,,,,,,
images/002800.jpg,0.8,0.31444746238593707,fpv,1777627653.3239172,1,0,fpv_remote_remote,,,,,,,,,,
images/002801.jpg,0.8,0.31444746238593707,fpv,1777627653.4527566,1,0,fpv_remote_remote,,,,,,,,,,
images/002802.jpg,-0.8,-0.5,fpv,1777627653.7057033,1,0,fpv_remote_remote,,,,,,,,,,
images/002803.jpg,-0.8,-0.5,fpv,1777627653.8329694,1,0,fpv_remote_remote,,,,,,,,,,
images/002804.jpg,-0.8,-0.5,fpv,1777627653.9602797,1,0,fpv_remote_remote,,,,,,,,,,
images/002805.jpg,-0.8,-0.5,fpv,1777627654.0867395,1,0,fpv_remote_remote,,,,,,,,,,
images/002806.jpg,-0.8,-0.5,fpv,1777627654.216067,1,0,fpv_remote_remote,,,,,,,,,,
images/002807.jpg,-0.8,-0.5,fpv,1777627654.3470893,1,0,fpv_remote_remote,,,,,,,,,,
images/002808.jpg,0.0,0.10826441236610004,fpv,1777627654.9840522,1,0,fpv_remote_remote,,,,,,,,,,
images/002809.jpg,0.0,0.5,fpv,1777627655.114236,1,0,fpv_remote_remote,,,,,,,,,,
images/002810.jpg,0.0,0.5,fpv,1777627655.2408152,1,0,fpv_remote_remote,,,,,,,,,,
images/002811.jpg,0.0,0.5,fpv,1777627655.369339,1,0,fpv_remote_remote,,,,,,,,,,
images/002812.jpg,0.8,0.5,fpv,1777627655.495133,1,0,fpv_remote_remote,,,,,,,,,,
images/002813.jpg,0.5361003448591571,0.5,fpv,1777627655.6235256,1,0,fpv_remote_remote,,,,,,,,,,
images/002814.jpg,0.0,0.5,fpv,1777627655.751496,1,0,fpv_remote_remote,,,,,,,,,,
images/002815.jpg,0.0,0.5,fpv,1777627655.87942,1,0,fpv_remote_remote,,,,,,,,,,
images/002816.jpg,0.0,0.5,fpv,1777627656.0075681,1,0,fpv_remote_remote,,,,,,,,,,
images/002817.jpg,-0.8,0.5,fpv,1777627656.1344514,1,0,fpv_remote_remote,,,,,,,,,,
images/002818.jpg,-0.8,0.5,fpv,1777627656.2639008,1,0,fpv_remote_remote,,,,,,,,,,
images/002819.jpg,-0.8,0.5,fpv,1777627656.3908708,1,0,fpv_remote_remote,,,,,,,,,,
images/002820.jpg,-0.8,0.5,fpv,1777627656.5203907,1,0,fpv_remote_remote,,,,,,,,,,
images/002821.jpg,-0.21443525498214666,0.5,fpv,1777627656.647778,1,0,fpv_remote_remote,,,,,,,,,,
images/002822.jpg,-0.13196203497421186,0.5,fpv,1777627656.7752197,1,0,fpv_remote_remote,,,,,,,,,,
images/002823.jpg,-0.13196203497421186,0.5,fpv,1777627656.9017415,1,0,fpv_remote_remote,,,,,,,,,,
images/002824.jpg,-0.13196203497421186,0.5,fpv,1777627657.0296297,1,0,fpv_remote_remote,,,,,,,,,,
images/002825.jpg,-0.13196203497421186,0.5,fpv,1777627657.1568165,1,0,fpv_remote_remote,,,,,,,,,,
images/002826.jpg,-0.13196203497421186,0.3196050904873806,fpv,1777627657.2848487,1,0,fpv_remote_remote,,,,,,,,,,
images/002827.jpg,-0.13196203497421186,0.195883053071688,fpv,1777627657.411372,1,0,fpv_remote_remote,,,,,,,,,,
images/002828.jpg,0.0,0.195883053071688,fpv,1777627657.5391564,1,0,fpv_remote_remote,,,,,,,,,,
images/002829.jpg,0.0,0.195883053071688,fpv,1777627657.665302,1,0,fpv_remote_remote,,,,,,,,,,
images/002830.jpg,0.0,0.195883053071688,fpv,1777627657.793737,1,0,fpv_remote_remote,,,,,,,,,,
images/002831.jpg,0.0,0.195883053071688,fpv,1777627657.920616,1,0,fpv_remote_remote,,,,,,,,,,
images/002832.jpg,0.0,0.3247627185888241,fpv,1777627658.0496461,1,0,fpv_remote_remote,,,,,,,,,,
images/002833.jpg,0.0,0.5,fpv,1777627658.176989,1,0,fpv_remote_remote,,,,,,,,,,
images/002834.jpg,0.0,0.5,fpv,1777627658.3048189,1,0,fpv_remote_remote,,,,,,,,,,
images/002835.jpg,0.0,0.5,fpv,1777627658.4309957,1,0,fpv_remote_remote,,,,,,,,,,
images/002836.jpg,0.0,0.5,fpv,1777627658.5600648,1,0,fpv_remote_remote,,,,,,,,,,
images/002837.jpg,0.0,0.5,fpv,1777627658.6885483,1,0,fpv_remote_remote,,,,,,,,,,
images/002838.jpg,0.0,0.5,fpv,1777627658.815917,1,0,fpv_remote_remote,,,,,,,,,,
images/002839.jpg,0.0,0.5,fpv,1777627658.9449756,1,0,fpv_remote_remote,,,,,,,,,,
images/002840.jpg,0.0,0.5,fpv,1777627659.0723956,1,0,fpv_remote_remote,,,,,,,,,,
images/002841.jpg,0.0,0.5,fpv,1777627659.2008746,1,0,fpv_remote_remote,,,,,,,,,,
images/002842.jpg,0.0,0.5,fpv,1777627659.327702,1,0,fpv_remote_remote,,,,,,,,,,
images/002843.jpg,0.0,0.5,fpv,1777627659.4567637,1,0,fpv_remote_remote,,,,,,,,,,
images/002844.jpg,0.0,0.5,fpv,1777627659.5823686,1,0,fpv_remote_remote,,,,,,,,,,
images/002845.jpg,0.0,0.5,fpv,1777627659.708908,1,0,fpv_remote_remote,,,,,,,,,,
images/002846.jpg,0.0,0.5,fpv,1777627659.836267,1,0,fpv_remote_remote,,,,,,,,,,
images/002847.jpg,-0.8,0.5,fpv,1777627659.965416,1,0,fpv_remote_remote,,,,,,,,,,
images/002848.jpg,-0.8,0.5,fpv,1777627660.0932653,1,0,fpv_remote_remote,,,,,,,,,,
images/002849.jpg,-0.8,0.097949156163213,fpv,1777627660.2214303,1,0,fpv_remote_remote,,,,,,,,,,
images/002850.jpg,0.0,0.5,fpv,1777627661.1081765,1,0,fpv_remote_remote,,,,,,,,,,
images/002851.jpg,0.0,0.5,fpv,1777627661.236929,1,0,fpv_remote_remote,,,,,,,,,,
images/002852.jpg,0.0,0.5,fpv,1777627661.3669448,1,0,fpv_remote_remote,,,,,,,,,,
images/002853.jpg,0.8,0.5,fpv,1777627661.4928093,1,0,fpv_remote_remote,,,,,,,,,,
images/002854.jpg,0.8,0.5,fpv,1777627661.6211762,1,0,fpv_remote_remote,,,,,,,,,,
images/002855.jpg,0.4453749198889127,0.5,fpv,1777627661.7475688,1,0,fpv_remote_remote,,,,,,,,,,
images/002856.jpg,0.8,0.5,fpv,1777627661.874825,1,0,fpv_remote_remote,,,,,,,,,,
images/002857.jpg,0.8,0.45362712485122225,fpv,1777627662.0029793,1,0,fpv_remote_remote,,,,,,,,,,
images/002858.jpg,0.0,0.4175389873958556,fpv,1777627662.1308692,1,0,fpv_remote_remote,,,,,,,,,,
images/002859.jpg,0.0,0.4433271279030732,fpv,1777627662.2563832,1,0,fpv_remote_remote,,,,,,,,,,
images/002860.jpg,0.0,0.5,fpv,1777627662.3857055,1,0,fpv_remote_remote,,,,,,,,,,
images/002861.jpg,0.0,0.5,fpv,1777627662.512531,1,0,fpv_remote_remote,,,,,,,,,,
images/002862.jpg,0.0,0.5,fpv,1777627662.6409705,1,0,fpv_remote_remote,,,,,,,,,,
images/002863.jpg,0.49486373485518964,0.5,fpv,1777627662.7678766,1,0,fpv_remote_remote,,,,,,,,,,
images/002864.jpg,0.8,0.5,fpv,1777627662.895949,1,0,fpv_remote_remote,,,,,,,,,,
images/002865.jpg,0.0,0.5,fpv,1777627663.0231528,1,0,fpv_remote_remote,,,,,,,,,,
images/002866.jpg,0.0,0.5,fpv,1777627663.1509738,1,0,fpv_remote_remote,,,,,,,,,,
images/002867.jpg,0.0,0.5,fpv,1777627663.2797987,1,0,fpv_remote_remote,,,,,,,,,,
images/002868.jpg,0.0,0.5,fpv,1777627663.4070034,1,0,fpv_remote_remote,,,,,,,,,,
images/002869.jpg,0.6350779747917112,0.5,fpv,1777627663.534135,1,0,fpv_remote_remote,,,,,,,,,,
images/002870.jpg,0.5361003448591571,0.5,fpv,1777627663.662959,1,0,fpv_remote_remote,,,,,,,,,,
images/002871.jpg,0.8,0.5,fpv,1777627663.7908697,1,0,fpv_remote_remote,,,,,,,,,,
images/002872.jpg,0.2639484847560045,0.5,fpv,1777627663.9179804,1,0,fpv_remote_remote,,,,,,,,,,
images/002873.jpg,0.0,0.5,fpv,1777627664.0454211,1,0,fpv_remote_remote,,,,,,,,,,
images/002874.jpg,0.0,0.5,fpv,1777627664.1732483,1,0,fpv_remote_remote,,,,,,,,,,
images/002875.jpg,0.0,0.5,fpv,1777627664.30163,1,0,fpv_remote_remote,,,,,,,,,,
images/002876.jpg,0.0,0.5,fpv,1777627664.427922,1,0,fpv_remote_remote,,,,,,,,,,
images/002877.jpg,0.0,0.5,fpv,1777627664.5565774,1,0,fpv_remote_remote,,,,,,,,,,
images/002878.jpg,0.0,0.5,fpv,1777627664.6850617,1,0,fpv_remote_remote,,,,,,,,,,
images/002879.jpg,0.0,0.5,fpv,1777627664.811276,1,0,fpv_remote_remote,,,,,,,,,,
images/002880.jpg,0.0,0.5,fpv,1777627664.9396942,1,0,fpv_remote_remote,,,,,,,,,,
images/002881.jpg,0.0,0.5,fpv,1777627665.0699165,1,0,fpv_remote_remote,,,,,,,,,,
images/002882.jpg,0.0,0.5,fpv,1777627665.1968977,1,0,fpv_remote_remote,,,,,,,,,,
images/002883.jpg,0.0,0.5,fpv,1777627665.3244426,1,0,fpv_remote_remote,,,,,,,,,,
images/002884.jpg,0.0,0.5,fpv,1777627665.450723,1,0,fpv_remote_remote,,,,,,,,,,
images/002885.jpg,0.0,0.5,fpv,1777627665.579239,1,0,fpv_remote_remote,,,,,,,,,,
images/002886.jpg,0.0,0.5,fpv,1777627665.7052753,1,0,fpv_remote_remote,,,,,,,,,,
images/002887.jpg,0.0,0.5,fpv,1777627665.8327577,1,0,fpv_remote_remote,,,,,,,,,,
images/002888.jpg,0.0,0.5,fpv,1777627665.9597044,1,0,fpv_remote_remote,,,,,,,,,,
images/002889.jpg,0.0,0.5,fpv,1777627666.089112,1,0,fpv_remote_remote,,,,,,,,,,
images/002890.jpg,0.0,0.5,fpv,1777627666.2164204,1,0,fpv_remote_remote,,,,,,,,,,
images/002891.jpg,-0.5360759300515764,0.5,fpv,1777627666.3433309,1,0,fpv_remote_remote,,,,,,,,,,
images/002892.jpg,-0.8,0.5,fpv,1777627666.4710512,1,0,fpv_remote_remote,,,,,,,,,,
images/002893.jpg,-0.8,0.5,fpv,1777627666.5971758,1,0,fpv_remote_remote,,,,,,,,,,
images/002894.jpg,-0.5360759300515764,0.5,fpv,1777627666.7243512,1,0,fpv_remote_remote,,,,,,,,,,
images/002895.jpg,-0.34639728995635855,0.5,fpv,1777627666.8503563,1,0,fpv_remote_remote,,,,,,,,,,
images/002896.jpg,0.0,0.5,fpv,1777627666.979003,1,0,fpv_remote_remote,,,,,,,,,,
images/002897.jpg,0.0,0.5,fpv,1777627667.1050508,1,0,fpv_remote_remote,,,,,,,,,,
images/002898.jpg,0.8,0.5,fpv,1777627667.2338994,1,0,fpv_remote_remote,,,,,,,,,,
images/002899.jpg,0.8,0.5,fpv,1777627667.3598313,1,0,fpv_remote_remote,,,,,,,,,,
images/002900.jpg,0.8,0.5,fpv,1777627667.4868214,1,0,fpv_remote_remote,,,,,,,,,,
images/002901.jpg,0.7093234046449172,0.5,fpv,1777627667.612619,1,0,fpv_remote_remote,,,,,,,,,,
images/002902.jpg,0.4701315347758415,0.5,fpv,1777627667.741159,1,0,fpv_remote_remote,,,,,,,,,,
images/002903.jpg,0.280428479873043,0.5,fpv,1777627667.8678617,1,0,fpv_remote_remote,,,,,,,,,,
images/002904.jpg,0.280428479873043,0.5,fpv,1777627667.9965804,1,0,fpv_remote_remote,,,,,,,,,,
images/002905.jpg,0.28868068483535264,0.5,fpv,1777627668.1232615,1,0,fpv_remote_remote,,,,,,,,,,
images/002906.jpg,0.0,0.5,fpv,1777627668.2552423,1,0,fpv_remote_remote,,,,,,,,,,
images/002907.jpg,0.0,0.5,fpv,1777627668.3835466,1,0,fpv_remote_remote,,,,,,,,,,
images/002908.jpg,0.0,0.5,fpv,1777627668.5120826,1,0,fpv_remote_remote,,,,,,,,,,
images/002909.jpg,0.0,0.5,fpv,1777627668.638772,1,0,fpv_remote_remote,,,,,,,,,,
images/002910.jpg,0.0,0.5,fpv,1777627668.7686586,1,0,fpv_remote_remote,,,,,,,,,,
images/002911.jpg,0.0,0.5,fpv,1777627668.8967087,1,0,fpv_remote_remote,,,,,,,,,,
images/002912.jpg,0.0,0.5,fpv,1777627669.0270147,1,0,fpv_remote_remote,,,,,,,,,,
images/002913.jpg,0.0,0.5,fpv,1777627669.154785,1,0,fpv_remote_remote,,,,,,,,,,
images/002914.jpg,0.0,0.5,fpv,1777627669.2810683,1,0,fpv_remote_remote,,,,,,,,,,
images/002915.jpg,0.0,0.5,fpv,1777627669.4084628,1,0,fpv_remote_remote,,,,,,,,,,
images/002916.jpg,0.0,0.5,fpv,1777627669.5338511,1,0,fpv_remote_remote,,,,,,,,,,
images/002917.jpg,0.0,0.5,fpv,1777627669.661672,1,0,fpv_remote_remote,,,,,,,,,,
images/002918.jpg,0.0,0.5,fpv,1777627669.787278,1,0,fpv_remote_remote,,,,,,,,,,
images/002919.jpg,0.0,0.5,fpv,1777627669.9153538,1,0,fpv_remote_remote,,,,,,,,,,
images/002920.jpg,0.14846644489883115,0.4742423780022584,fpv,1777627670.0420365,1,0,fpv_remote_remote,,,,,,,,,,
images/002921.jpg,0.8,0.4742423780022584,fpv,1777627670.171804,1,0,fpv_remote_remote,,,,,,,,,,
images/002922.jpg,0.8,0.4742423780022584,fpv,1777627670.300311,1,0,fpv_remote_remote,,,,,,,,,,
images/002923.jpg,0.0,0.4742423780022584,fpv,1777627670.428525,1,0,fpv_remote_remote,,,,,,,,,,
images/002924.jpg,0.0,0.4742423780022584,fpv,1777627670.5574305,1,0,fpv_remote_remote,,,,,,,,,,
images/002925.jpg,0.0,0.4742423780022584,fpv,1777627670.686367,1,0,fpv_remote_remote,,,,,,,,,,
images/002926.jpg,0.0,0.4742423780022584,fpv,1777627670.8136694,1,0,fpv_remote_remote,,,,,,,,,,
images/002927.jpg,0.0,0.4742423780022584,fpv,1777627670.942014,1,0,fpv_remote_remote,,,,,,,,,,
images/002928.jpg,0.0,0.47940000610370187,fpv,1777627671.0706403,1,0,fpv_remote_remote,,,,,,,,,,
images/002929.jpg,0.8,0.49487289040803245,fpv,1777627671.1979115,1,0,fpv_remote_remote,,,,,,,,,,
images/002930.jpg,0.8,0.5,fpv,1777627671.3274732,1,0,fpv_remote_remote,,,,,,,,,,
images/002931.jpg,0.4206427198095646,0.5,fpv,1777627671.4538524,1,0,fpv_remote_remote,,,,,,,,,,
images/002932.jpg,0.0,0.5,fpv,1777627671.581748,1,0,fpv_remote_remote,,,,,,,,,,
images/002933.jpg,0.0,0.5,fpv,1777627671.7070842,1,0,fpv_remote_remote,,,,,,,,,,
images/002934.jpg,0.0,0.5,fpv,1777627671.8370593,1,0,fpv_remote_remote,,,,,,,,,,
images/002935.jpg,0.0,0.5,fpv,1777627671.9635265,1,0,fpv_remote_remote,,,,,,,,,,
images/002936.jpg,0.0,0.5,fpv,1777627672.0929549,1,0,fpv_remote_remote,,,,,,,,,,
images/002937.jpg,0.0,0.5,fpv,1777627672.2205393,1,0,fpv_remote_remote,,,,,,,,,,
images/002938.jpg,0.0,0.5,fpv,1777627672.3500683,1,0,fpv_remote_remote,,,,,,,,,,
images/002939.jpg,0.0,0.5,fpv,1777627672.4761755,1,0,fpv_remote_remote,,,,,,,,,,
images/002940.jpg,0.0,0.5,fpv,1777627672.6031744,1,0,fpv_remote_remote,,,,,,,,,,
images/002941.jpg,0.0,0.5,fpv,1777627672.7302659,1,0,fpv_remote_remote,,,,,,,,,,
images/002942.jpg,0.0,0.5,fpv,1777627672.8567796,1,0,fpv_remote_remote,,,,,,,,,,
images/002943.jpg,0.0,0.5,fpv,1777627672.9856317,1,0,fpv_remote_remote,,,,,,,,,,
images/002944.jpg,0.0,0.5,fpv,1777627673.1147382,1,0,fpv_remote_remote,,,,,,,,,,
images/002945.jpg,0.0,0.5,fpv,1777627673.2437184,1,0,fpv_remote_remote,,,,,,,,,,
images/002946.jpg,0.0,0.5,fpv,1777627673.3721113,1,0,fpv_remote_remote,,,,,,,,,,
images/002947.jpg,0.0,0.5,fpv,1777627673.5014172,1,0,fpv_remote_remote,,,,,,,,,,
images/002948.jpg,0.0,0.5,fpv,1777627673.6287599,1,0,fpv_remote_remote,,,,,,,,,,
images/002949.jpg,0.0,0.5,fpv,1777627673.757301,1,0,fpv_remote_remote,,,,,,,,,,
images/002950.jpg,0.0,0.5,fpv,1777627673.8841772,1,0,fpv_remote_remote,,,,,,,,,,
images/002951.jpg,0.0,0.5,fpv,1777627674.0137367,1,0,fpv_remote_remote,,,,,,,,,,
images/002952.jpg,0.0,0.5,fpv,1777627674.140061,1,0,fpv_remote_remote,,,,,,,,,,
images/002953.jpg,0.1567186498611408,0.5,fpv,1777627674.269169,1,0,fpv_remote_remote,,,,,,,,,,
images/002954.jpg,0.0,0.5,fpv,1777627674.3965623,1,0,fpv_remote_remote,,,,,,,,,,
images/002955.jpg,0.0,0.5,fpv,1777627674.5247946,1,0,fpv_remote_remote,,,,,,,,,,
images/002956.jpg,0.0,0.5,fpv,1777627674.6525066,1,0,fpv_remote_remote,,,,,,,,,,
images/002957.jpg,0.6268257698294016,0.5,fpv,1777627674.779843,1,0,fpv_remote_remote,,,,,,,,,,
images/002958.jpg,0.3216650898770104,0.5,fpv,1777627674.9087682,1,0,fpv_remote_remote,,,,,,,,,,
images/002959.jpg,0.0,0.5,fpv,1777627675.0356052,1,0,fpv_remote_remote,,,,,,,,,,
images/002960.jpg,0.0,0.5,fpv,1777627675.164562,1,0,fpv_remote_remote,,,,,,,,,,
images/002961.jpg,0.0,0.5,fpv,1777627675.2904408,1,0,fpv_remote_remote,,,,,,,,,,
images/002962.jpg,0.0,0.5,fpv,1777627675.4208653,1,0,fpv_remote_remote,,,,,,,,,,
images/002963.jpg,0.0,0.5,fpv,1777627675.546471,1,0,fpv_remote_remote,,,,,,,,,,
images/002964.jpg,0.0,0.5,fpv,1777627675.6751065,1,0,fpv_remote_remote,,,,,,,,,,
images/002965.jpg,0.0,0.5,fpv,1777627675.8028798,1,0,fpv_remote_remote,,,,,,,,,,
images/002966.jpg,0.0,0.5,fpv,1777627675.932876,1,0,fpv_remote_remote,,,,,,,,,,
images/002967.jpg,0.0,0.5,fpv,1777627676.061162,1,0,fpv_remote_remote,,,,,,,,,,
images/002968.jpg,0.0,0.5,fpv,1777627676.192952,1,0,fpv_remote_remote,,,,,,,,,,
images/002969.jpg,0.0,0.5,fpv,1777627676.320804,1,0,fpv_remote_remote,,,,,,,,,,
images/002970.jpg,0.0,0.5,fpv,1777627676.447669,1,0,fpv_remote_remote,,,,,,,,,,
images/002971.jpg,0.0,0.5,fpv,1777627676.575708,1,0,fpv_remote_remote,,,,,,,,,,
images/002972.jpg,0.0,0.5,fpv,1777627676.700793,1,0,fpv_remote_remote,,,,,,,,,,
images/002973.jpg,0.4866359447004609,0.5,fpv,1777627676.831039,1,0,fpv_remote_remote,,,,,,,,,,
images/002974.jpg,0.5031159398174994,0.5,fpv,1777627676.9592972,1,0,fpv_remote_remote,,,,,,,,,,
images/002975.jpg,0.17322305978576008,0.5,fpv,1777627677.0866718,1,0,fpv_remote_remote,,,,,,,,,,
images/002976.jpg,0.0,0.5,fpv,1777627677.220853,1,0,fpv_remote_remote,,,,,,,,,,
images/002977.jpg,0.0,0.5,fpv,1777627677.3506274,1,0,fpv_remote_remote,,,,,,,,,,
images/002978.jpg,0.0,0.5,fpv,1777627677.4798577,1,0,fpv_remote_remote,,,,,,,,,,
images/002979.jpg,0.0,0.5,fpv,1777627677.6060133,1,0,fpv_remote_remote,,,,,,,,,,
images/002980.jpg,0.0,0.5,fpv,1777627677.7351546,1,0,fpv_remote_remote,,,,,,,,,,
images/002981.jpg,0.21445966978972747,0.5,fpv,1777627677.863212,1,0,fpv_remote_remote,,,,,,,,,,
images/002982.jpg,0.3381694998016297,0.5,fpv,1777627677.991102,1,0,fpv_remote_remote,,,,,,,,,,
images/002983.jpg,0.3299172948393201,0.5,fpv,1777627678.116847,1,0,fpv_remote_remote,,,,,,,,,,
images/002984.jpg,0.0,0.5,fpv,1777627678.2442703,1,0,fpv_remote_remote,,,,,,,,,,
images/002985.jpg,0.0,0.5,fpv,1777627678.3718085,1,0,fpv_remote_remote,,,,,,,,,,
images/002986.jpg,0.3051850947599719,0.5,fpv,1777627678.4994154,1,0,fpv_remote_remote,,,,,,,,,,
images/002987.jpg,0.0,0.5,fpv,1777627678.6274874,1,0,fpv_remote_remote,,,,,,,,,,
images/002988.jpg,0.0,0.5,fpv,1777627678.753994,1,0,fpv_remote_remote,,,,,,,,,,
images/002989.jpg,0.49486373485518964,0.5,fpv,1777627678.882479,1,0,fpv_remote_remote,,,,,,,,,,
images/002990.jpg,0.8,0.5,fpv,1777627679.0084174,1,0,fpv_remote_remote,,,,,,,,,,
images/002991.jpg,0.0,0.5,fpv,1777627679.1359758,1,0,fpv_remote_remote,,,,,,,,,,
images/002992.jpg,0.0,0.5,fpv,1777627679.2623408,1,0,fpv_remote_remote,,,,,,,,,,
images/002993.jpg,0.0,0.5,fpv,1777627679.3909473,1,0,fpv_remote_remote,,,,,,,,,,
images/002994.jpg,0.0,0.5,fpv,1777627679.517919,1,0,fpv_remote_remote,,,,,,,,,,
images/002995.jpg,0.0,0.5,fpv,1777627679.6461732,1,0,fpv_remote_remote,,,,,,,,,,
images/002996.jpg,0.0,0.5,fpv,1777627679.7725766,1,0,fpv_remote_remote,,,,,,,,,,
images/002997.jpg,0.0,0.5,fpv,1777627679.899536,1,0,fpv_remote_remote,,,,,,,,,,
images/002998.jpg,-0.4536027100436415,0.5,fpv,1777627680.026597,1,0,fpv_remote_remote,,,,,,,,,,
images/002999.jpg,-0.8,0.5,fpv,1777627680.1553297,1,0,fpv_remote_remote,,,,,,,,,,
images/003000.jpg,-0.8,0.5,fpv,1777627680.2831218,1,0,fpv_remote_remote,,,,,,,,,,
images/003001.jpg,-0.7752677999206519,0.5,fpv,1777627680.409862,1,0,fpv_remote_remote,,,,,,,,,,
images/003002.jpg,0.0,0.5,fpv,1777627680.538201,1,0,fpv_remote_remote,,,,,,,,,,
images/003003.jpg,0.0,0.5,fpv,1777627680.6641095,1,0,fpv_remote_remote,,,,,,,,,,
images/003004.jpg,0.0,0.5,fpv,1777627680.7929308,1,0,fpv_remote_remote,,,,,,,,,,
images/003005.jpg,0.0,0.5,fpv,1777627680.918836,1,0,fpv_remote_remote,,,,,,,,,,
images/003006.jpg,0.0,0.5,fpv,1777627681.046903,1,0,fpv_remote_remote,,,,,,,,,,
images/003007.jpg,0.0,0.5,fpv,1777627681.1745088,1,0,fpv_remote_remote,,,,,,,,,,
images/003008.jpg,0.0,0.5,fpv,1777627681.303474,1,0,fpv_remote_remote,,,,,,,,,,
images/003009.jpg,0.0,0.5,fpv,1777627681.429698,1,0,fpv_remote_remote,,,,,,,,,,
images/003010.jpg,0.0,0.5,fpv,1777627681.5584834,1,0,fpv_remote_remote,,,,,,,,,,
images/003011.jpg,0.8,0.5,fpv,1777627681.6851854,1,0,fpv_remote_remote,,,,,,,,,,
images/003012.jpg,0.8,0.5,fpv,1777627681.8139212,1,0,fpv_remote_remote,,,,,,,,,,
images/003013.jpg,0.3134128849147008,0.5,fpv,1777627681.9405363,1,0,fpv_remote_remote,,,,,,,,,,
images/003014.jpg,0.0,0.5,fpv,1777627682.067426,1,0,fpv_remote_remote,,,,,,,,,,
images/003015.jpg,0.0,0.5,fpv,1777627682.194504,1,0,fpv_remote_remote,,,,,,,,,,
images/003016.jpg,0.0,0.5,fpv,1777627682.3252938,1,0,fpv_remote_remote,,,,,,,,,,
images/003017.jpg,0.0,0.5,fpv,1777627682.4516954,1,0,fpv_remote_remote,,,,,,,,,,
images/003018.jpg,0.0,0.5,fpv,1777627682.5808113,1,0,fpv_remote_remote,,,,,,,,,,
images/003019.jpg,0.8,0.5,fpv,1777627682.70837,1,0,fpv_remote_remote,,,,,,,,,,
images/003020.jpg,0.8,0.5,fpv,1777627682.8372016,1,0,fpv_remote_remote,,,,,,,,,,
images/003021.jpg,0.0,0.5,fpv,1777627682.9632752,1,0,fpv_remote_remote,,,,,,,,,,
images/003022.jpg,0.0,0.5,fpv,1777627683.090234,1,0,fpv_remote_remote,,,,,,,,,,
images/003023.jpg,0.0,0.5,fpv,1777627683.2174182,1,0,fpv_remote_remote,,,,,,,,,,
images/003024.jpg,0.0,0.5,fpv,1777627683.3453705,1,0,fpv_remote_remote,,,,,,,,,,
images/003025.jpg,0.0,0.5,fpv,1777627683.4731486,1,0,fpv_remote_remote,,,,,,,,,,
images/003026.jpg,0.0,0.5,fpv,1777627683.6001022,1,0,fpv_remote_remote,,,,,,,,,,
images/003027.jpg,0.0,0.5,fpv,1777627683.7267015,1,0,fpv_remote_remote,,,,,,,,,,
images/003028.jpg,0.0,0.5,fpv,1777627683.8532982,1,0,fpv_remote_remote,,,,,,,,,,
images/003029.jpg,0.0,0.5,fpv,1777627683.9802806,1,0,fpv_remote_remote,,,,,,,,,,
images/003030.jpg,0.0,0.5,fpv,1777627684.1074324,1,0,fpv_remote_remote,,,,,,,,,,
images/003031.jpg,0.0,0.5,fpv,1777627684.2362182,1,0,fpv_remote_remote,,,,,,,,,,
images/003032.jpg,0.0,0.5,fpv,1777627684.3631709,1,0,fpv_remote_remote,,,,,,,,,,
images/003033.jpg,0.0,0.5,fpv,1777627684.4904516,1,0,fpv_remote_remote,,,,,,,,,,
images/003034.jpg,0.0,0.5,fpv,1777627684.6171844,1,0,fpv_remote_remote,,,,,,,,,,
images/003035.jpg,0.7258033997619556,0.5,fpv,1777627684.7449672,1,0,fpv_remote_remote,,,,,,,,,,
images/003036.jpg,0.8,0.5,fpv,1777627684.8711843,1,0,fpv_remote_remote,,,,,,,,,,
images/003037.jpg,0.8,0.5,fpv,1777627684.9992194,1,0,fpv_remote_remote,,,,,,,,,,
images/003038.jpg,0.8,0.5,fpv,1777627685.127003,1,0,fpv_remote_remote,,,,,,,,,,
images/003039.jpg,0.8,0.5,fpv,1777627685.2551823,1,0,fpv_remote_remote,,,,,,,,,,
images/003040.jpg,0.8,0.5,fpv,1777627685.3823395,1,0,fpv_remote_remote,,,,,,,,,,
images/003041.jpg,0.0,0.5,fpv,1777627685.5116804,1,0,fpv_remote_remote,,,,,,,,,,
images/003042.jpg,0.0,0.5,fpv,1777627685.6389437,1,0,fpv_remote_remote,,,,,,,,,,
images/003043.jpg,0.0,0.5,fpv,1777627685.7657185,1,0,fpv_remote_remote,,,,,,,,,,
images/003044.jpg,0.0,0.5,fpv,1777627685.893337,1,0,fpv_remote_remote,,,,,,,,,,
images/003045.jpg,0.0,0.5,fpv,1777627686.0205688,1,0,fpv_remote_remote,,,,,,,,,,
images/003046.jpg,0.0,0.5,fpv,1777627686.1479733,1,0,fpv_remote_remote,,,,,,,,,,
images/003047.jpg,0.0,0.5,fpv,1777627686.2750146,1,0,fpv_remote_remote,,,,,,,,,,
images/003048.jpg,0.0,0.5,fpv,1777627686.4026482,1,0,fpv_remote_remote,,,,,,,,,,
images/003049.jpg,0.0,0.5,fpv,1777627686.5288692,1,0,fpv_remote_remote,,,,,,,,,,
images/003050.jpg,0.0,0.5,fpv,1777627686.6569898,1,0,fpv_remote_remote,,,,,,,,,,
images/003051.jpg,-0.4453505050813319,0.5,fpv,1777627686.784762,1,0,fpv_remote_remote,,,,,,,,,,
images/003052.jpg,-0.8,0.5,fpv,1777627686.9131684,1,0,fpv_remote_remote,,,,,,,,,,
images/003053.jpg,-0.3958861049226356,0.5,fpv,1777627687.0390618,1,0,fpv_remote_remote,,,,,,,,,,
images/003054.jpg,0.0,0.5,fpv,1777627687.1648488,1,0,fpv_remote_remote,,,,,,,,,,
images/003055.jpg,0.0,0.5,fpv,1777627687.2917454,1,0,fpv_remote_remote,,,,,,,,,,
images/003056.jpg,0.0,0.5,fpv,1777627687.4187865,1,0,fpv_remote_remote,,,,,,,,,,
images/003057.jpg,0.0,0.5,fpv,1777627687.5469334,1,0,fpv_remote_remote,,,,,,,,,,
images/003058.jpg,0.0,0.5,fpv,1777627687.673788,1,0,fpv_remote_remote,,,,,,,,,,
images/003059.jpg,0.0,0.5,fpv,1777627687.8010085,1,0,fpv_remote_remote,,,,,,,,,,
images/003060.jpg,-0.3546494949186682,0.5,fpv,1777627687.9296715,1,0,fpv_remote_remote,,,,,,,,,,
images/003061.jpg,-0.8,0.5,fpv,1777627688.0575671,1,0,fpv_remote_remote,,,,,,,,,,
images/003062.jpg,-0.47835932493057043,0.5,fpv,1777627688.1854105,1,0,fpv_remote_remote,,,,,,,,,,
images/003063.jpg,-0.28040406506546217,0.5,fpv,1777627688.312795,1,0,fpv_remote_remote,,,,,,,,,,
images/003064.jpg,0.0,0.5,fpv,1777627688.4407587,1,0,fpv_remote_remote,,,,,,,,,,
images/003065.jpg,0.0,0.5,fpv,1777627688.5704136,1,0,fpv_remote_remote,,,,,,,,,,
images/003066.jpg,0.0,0.5,fpv,1777627688.6987584,1,0,fpv_remote_remote,,,,,,,,,,
images/003067.jpg,0.0,0.5,fpv,1777627688.8269715,1,0,fpv_remote_remote,,,,,,,,,,
images/003068.jpg,0.0,0.5,fpv,1777627688.9560077,1,0,fpv_remote_remote,,,,,,,,,,
images/003069.jpg,0.0,0.5,fpv,1777627689.0823483,1,0,fpv_remote_remote,,,,,,,,,,
images/003070.jpg,0.0,0.5,fpv,1777627689.211656,1,0,fpv_remote_remote,,,,,,,,,,
images/003071.jpg,0.0,0.2216711935789056,fpv,1777627689.3409584,1,0,fpv_remote_remote,,,,,,,,,,
images/003072.jpg,0.0,0.12372203741569261,fpv,1777627691.7076035,1,0,fpv_remote_remote,,,,,,,,,,
images/003073.jpg,0.0,0.3196050904873806,fpv,1777627691.8356416,1,0,fpv_remote_remote,,,,,,,,,,
images/003074.jpg,0.0,0.5,fpv,1777627691.9641418,1,0,fpv_remote_remote,,,,,,,,,,
images/003075.jpg,-0.4041138950773644,-0.5,fpv,1777627693.2321818,1,0,fpv_remote_remote,,,,,,,,,,
images/003076.jpg,-0.8,-0.5,fpv,1777627693.3592575,1,0,fpv_remote_remote,,,,,,,,,,
images/003077.jpg,-0.8,-0.5,fpv,1777627693.4852571,1,0,fpv_remote_remote,,,,,,,,,,
images/003078.jpg,-0.8,-0.5,fpv,1777627695.554442,1,0,fpv_remote_remote,,,,,,,,,,
images/003079.jpg,-0.8,-0.5,fpv,1777627695.6869197,1,0,fpv_remote_remote,,,,,,,,,,
images/003080.jpg,-0.8,-0.5,fpv,1777627695.8139312,1,0,fpv_remote_remote,,,,,,,,,,
images/003081.jpg,-0.8,-0.08247627185888241,fpv,1777627695.9422905,1,0,fpv_remote_remote,,,,,,,,,,
images/003082.jpg,-0.8,-0.5,fpv,1777627698.563843,1,0,fpv_remote_remote,,,,,,,,,,
images/003083.jpg,-0.8,-0.5,fpv,1777627698.69249,1,0,fpv_remote_remote,,,,,,,,,,
images/003084.jpg,-0.8,-0.5,fpv,1777627698.8186612,1,0,fpv_remote_remote,,,,,,,,,,
images/003085.jpg,-0.8,-0.5,fpv,1777627698.9466467,1,0,fpv_remote_remote,,,,,,,,,,
images/003086.jpg,-0.8,-0.42783898434400464,fpv,1777627699.0729477,1,0,fpv_remote_remote,,,,,,,,,,
images/003087.jpg,-0.8,-0.5,fpv,1777627700.0043867,1,0,fpv_remote_remote,,,,,,,,,,
images/003088.jpg,-0.8,-0.5,fpv,1777627700.1310406,1,0,fpv_remote_remote,,,,,,,,,,
images/003089.jpg,-0.8,-0.3814508499404889,fpv,1777627700.260032,1,0,fpv_remote_remote,,,,,,,,,,
images/003090.jpg,0.8,0.42785424359874263,fpv,1777627701.8256931,1,0,fpv_remote_remote,,,,,,,,,,
images/003091.jpg,0.8,0.4845576342051454,fpv,1777627701.9550653,1,0,fpv_remote_remote,,,,,,,,,,
images/003092.jpg,0.8,0.5,fpv,1777627702.0820665,1,0,fpv_remote_remote,,,,,,,,,,
images/003093.jpg,0.668062379833369,0.5,fpv,1777627702.2084289,1,0,fpv_remote_remote,,,,,,,,,,
images/003094.jpg,0.0,0.5,fpv,1777627702.3359656,1,0,fpv_remote_remote,,,,,,,,,,
images/003095.jpg,0.0,0.17011017181920834,fpv,1777627702.4618592,1,0,fpv_remote_remote,,,,,,,,,,
images/003096.jpg,-0.8,0.5,fpv,1777627705.3863294,1,0,fpv_remote_remote,,,,,,,,,,
images/003097.jpg,-0.8,0.5,fpv,1777627705.5129704,1,0,fpv_remote_remote,,,,,,,,,,
images/003098.jpg,-0.8,0.5,fpv,1777627705.6393487,1,0,fpv_remote_remote,,,,,,,,,,
images/003099.jpg,-0.8,0.5,fpv,1777627705.7666767,1,0,fpv_remote_remote,,,,,,,,,,
images/003100.jpg,-0.8,0.24744407483138522,fpv,1777627705.8953843,1,0,fpv_remote_remote,,,,,,,,,,
images/003101.jpg,-0.8,0.08249153111362041,fpv,1777627709.9169078,1,0,fpv_remote_remote,,,,,,,,,,
images/003102.jpg,-0.8,0.25258644367809074,fpv,1777627710.0450845,1,0,fpv_remote_remote,,,,,,,,,,
images/003103.jpg,-0.8,0.32992034669026765,fpv,1777627710.1721776,1,0,fpv_remote_remote,,,,,,,,,,
images/003104.jpg,-0.8,0.3608508560441908,fpv,1777627710.2996545,1,0,fpv_remote_remote,,,,,,,,,,
images/003105.jpg,-0.8,0.3608508560441908,fpv,1777627710.4273818,1,0,fpv_remote_remote,,,,,,,,,,
images/003106.jpg,-0.8,0.3505355998413037,fpv,1777627710.5556006,1,0,fpv_remote_remote,,,,,,,,,,
images/003107.jpg,0.0,0.17011017181920834,fpv,1777627714.479301,1,0,fpv_remote_remote,,,,,,,,,,
images/003108.jpg,0.0,0.1804254280220954,fpv,1777627714.607205,1,0,fpv_remote_remote,,,,,,,,,,
images/003109.jpg,0.0,0.1804254280220954,fpv,1777627714.7361631,1,0,fpv_remote_remote,,,,,,,,,,
images/003110.jpg,0.0,0.1804254280220954,fpv,1777627714.8624084,1,0,fpv_remote_remote,,,,,,,,,,
images/003111.jpg,0.0,0.1804254280220954,fpv,1777627714.9900131,1,0,fpv_remote_remote,,,,,,,,,,
images/003112.jpg,0.0,0.1804254280220954,fpv,1777627715.116464,1,0,fpv_remote_remote,,,,,,,,,,
images/003113.jpg,0.0,0.1804254280220954,fpv,1777627715.2433476,1,0,fpv_remote_remote,,,,,,,,,,
images/003114.jpg,0.0,0.1804254280220954,fpv,1777627715.369956,1,0,fpv_remote_remote,,,,,,,,,,
images/003115.jpg,0.0,0.12887966551713614,fpv,1777627715.4979887,1,0,fpv_remote_remote,,,,,,,,,,
images/003116.jpg,0.0,0.31444746238593707,fpv,1777627719.3134093,1,0,fpv_remote_remote,,,,,,,,,,
images/003117.jpg,0.0,0.5,fpv,1777627719.4409842,1,0,fpv_remote_remote,,,,,,,,,,
images/003118.jpg,0.0,0.5,fpv,1777627719.5691772,1,0,fpv_remote_remote,,,,,,,,,,
images/003119.jpg,0.0,0.5,fpv,1777627719.6975021,1,0,fpv_remote_remote,,,,,,,,,,
images/003120.jpg,0.0,0.14433729056672873,fpv,1777627719.8268137,1,0,fpv_remote_remote,,,,,,,,,,
images/003121.jpg,0.0,0.12372203741569261,fpv,1777627721.5271416,1,0,fpv_remote_remote,,,,,,,,,,
images/003122.jpg,0.0,0.21135593737601854,fpv,1777627721.653301,1,0,fpv_remote_remote,,,,,,,,,,
images/003123.jpg,0.0,0.13403729361857966,fpv,1777627722.7066295,1,0,fpv_remote_remote,,,,,,,,,,
images/003124.jpg,0.0,0.2010406811731315,fpv,1777627722.8347716,1,0,fpv_remote_remote,,,,,,,,,,
images/003125.jpg,0.0,0.2010406811731315,fpv,1777627722.9608192,1,0,fpv_remote_remote,,,,,,,,,,
images/003126.jpg,0.5278725547044283,0.195883053071688,fpv,1777627723.0901475,1,0,fpv_remote_remote,,,,,,,,,,
images/003127.jpg,0.717551194799646,0.1804254280220954,fpv,1777627723.217938,1,0,fpv_remote_remote,,,,,,,,,,
images/003128.jpg,0.0,0.15465254676961576,fpv,1777627723.3471458,1,0,fpv_remote_remote,,,,,,,,,,
images/003129.jpg,0.0,0.12887966551713614,fpv,1777627723.4728317,1,0,fpv_remote_remote,,,,,,,,,,
images/003130.jpg,0.7835444196905423,0.12887966551713614,fpv,1777627723.600709,1,0,fpv_remote_remote,,,,,,,,,,
images/003131.jpg,0.0,0.12887966551713614,fpv,1777627723.729161,1,0,fpv_remote_remote,,,,,,,,,,
images/003132.jpg,0.0,0.10310678426465651,fpv,1777627727.0260508,1,0,fpv_remote_remote,,,,,,,,,,
images/003133.jpg,0.0,0.11340678121280556,fpv,1777627727.154897,1,0,fpv_remote_remote,,,,,,,,,,
images/003134.jpg,0.0,0.4742423780022584,fpv,1777627734.4375732,1,0,fpv_remote_remote,,,,,,,,,,
